1;Abano Terme;PD;Veneto;20479
2;Abbadia Cerreto;LO;Lombardia;280
3;Abbadia Lariana;LC;Lombardia;3138
4;Abbadia San Salvatore;SI;Toscana;6117
5;Abbasanta;OR;Sardegna;2539
6;Abbateggio;PE;Abruzzo;345
7;Abbiategrasso;MI;Lombardia;32793
8;Abetone;PT;Toscana;
9;Abriola;PZ;Basilicata;1195
10;Acate;RG;Sicilia;10657
11;Accadia;FG;Puglia;2204
12;Acceglio;CN;Piemonte;171
13;Accettura;MT;Basilicata;1575
14;Acciano;AQ;Abruzzo;252
15;Accumoli;RI;Lazio;493
16;Acerenza;PZ;Basilicata;2007
17;Acerno;SA;Campania;2418
18;Acerra;;Campania;58585
19;Aci Bonaccorsi;CT;Sicilia;3559
20;Aci Castello;CT;Sicilia;17482
21;Aci Catena;CT;Sicilia;27349
22;Aci Sant'Antonio;CT;Sicilia;18091
23;Acireale;CT;Sicilia;50528
24;Acquacanina;MC;Marche;
25;Acquafondata;FR;Lazio;253
26;Acquaformosa;CS;Calabria;930
27;Acquafredda;BS;Lombardia;1549
28;Acqualagna;PU;Marche;4153
29;Acquanegra Cremonese;CR;Lombardia;1167
30;Acquanegra sul Chiese;MN;Lombardia;2722
31;Acquapendente;VT;Lazio;5222
32;Acquappesa;CS;Calabria;1754
33;Acquarica del Capo;LE;Puglia;
34;Acquaro;VV;Calabria;1780
35;Acquasanta Terme;AP;Marche;2411
36;Acquasparta;TR;Umbria;4330
37;Acquaviva Collecroce;CB;Molise;536
38;Acquaviva d'Isernia;IS;Molise;346
39;Acquaviva delle Fonti;BA;Puglia;19680
40;Acquaviva Picena;AP;Marche;3586
41;Acquaviva Platani;CL;Sicilia;819
42;Acquedolci;ME;Sicilia;5532
43;Acqui Terme;AL;Piemonte;19017
44;Acri;CS;Calabria;18059
45;Acuto;FR;Lazio;1779
46;Adelfia;BA;Puglia;16371
47;Adrano;CT;Sicilia;33506
48;Adrara San Martino;BG;Lombardia;2213
49;Adrara San Rocco;BG;Lombardia;816
50;Adria;RO;Veneto;18878
51;Adro;BS;Lombardia;7196
52;Affi;VR;Veneto;2504
53;Affile;RM;Lazio;1403
54;Afragola;;Campania;61581
55;Africo;RC;Calabria;2670
56;Agazzano;PC;Emilia Romagna;2054
57;Agerola;;Campania;7844
58;Aggius;OT;Sardegna;1378
59;Agira;EN;Sicilia;7529
60;Agliana;PT;Toscana;17984
61;Agliano Terme;AT;Piemonte;1545
62;Agli?;TO;Piemonte;
63;Aglientu;OT;Sardegna;1195
64;Agna;PD;Veneto;3175
65;Agnadello;CR;Lombardia;3963
66;Agnana Calabra;RC;Calabria;446
67;Agnone;IS;Molise;4545
68;Agnosine;BS;Lombardia;1646
69;Agordo;BL;Veneto;4062
70;Agosta;RM;Lazio;1679
71;Agra;VA;Lombardia;380
72;Agrate Brianza;MB;Lombardia;15891
73;Agrate Conturbia;NO;Piemonte;1579
74;Agrigento;AG;Sicilia;55118
75;Agropoli;SA;Campania;21418
76;Agugliano;AN;Marche;4632
77;Agugliaro;VI;Veneto;1406
78;Aicurzio;MB;Lombardia;2072
79;Aidomaggiore;OR;Sardegna;374
80;Aidone;EN;Sicilia;4205
81;Aielli;AQ;Abruzzo;1370
82;Aiello Calabro;CS;Calabria;1324
83;Aiello del Friuli;UD;Friuli Venezia Giulia;2086
84;Aiello del Sabato;AV;Campania;4045
85;Aieta;CS;Calabria;703
86;Ailano;CE;Campania;1127
87;Ailoche;BI;Piemonte;289
88;Airasca;TO;Piemonte;3698
89;Airola;BN;Campania;8089
90;Airole;IM;Liguria;371
91;Airuno;LC;Lombardia;2928
92;Aisone;CN;Piemonte;206
93;Ala;TN;Trentino Alto Adige;8898
94;Al? dei Sardi;OT;Sardegna;
95;Ala di Stura;TO;Piemonte;468
96;Alagna;PV;Lombardia;810
97;Alagna Valsesia;VC;Piemonte;731
98;Alanno;PE;Abruzzo;3262
99;Alano di Piave;BL;Veneto;
100;Alassio;SV;Liguria;9905
101;Alatri;FR;Lazio;27436
102;Alba;CN;Piemonte;30985
103;Alba Adriatica;TE;Abruzzo;13325
104;Albagiara;OR;Sardegna;219
105;Albairate;MI;Lombardia;4719
106;Albanella;SA;Campania;6339
107;Albano di Lucania;PZ;Basilicata;1275
108;Albano Laziale;RM;Lazio;39706
109;Albano Sant'Alessandro;BG;Lombardia;8342
110;Albano Vercellese;VC;Piemonte;327
111;Albaredo Arnaboldi;PV;Lombardia;
112;Albaredo d'Adige;VR;Veneto;5298
113;Albaredo per San Marco;SO;Lombardia;278
114;Albareto;PR;Emilia Romagna;2038
115;Albaretto della Torre;CN;Piemonte;205
116;Albavilla;CO;Lombardia;6348
117;Albenga;SV;Liguria;23670
118;Albera Ligure;AL;Piemonte;292
119;Alberobello;BA;Puglia;10029
120;Alberona;FG;Puglia;836
121;Albese con Cassano;CO;Lombardia;4277
122;Albettone;VI;Veneto;1959
123;Albi;CZ;Calabria;739
124;Albiano;TN;Trentino Alto Adige;1549
125;Albiano d'Ivrea;TO;Piemonte;1633
126;Albiate;MB;Lombardia;6720
127;Albidona;CS;Calabria;1047
128;Albignasego;PD;Veneto;27601
129;Albinea;RE;Emilia Romagna;8986
130;Albino;BG;Lombardia;17588
131;Albiolo;CO;Lombardia;2800
132;Albisola Superiore;SV;Liguria;9471
133;Albissola Marina;SV;Liguria;5125
134;Albizzate;VA;Lombardia;5200
135;Albonese;PV;Lombardia;561
136;Albosaggia;SO;Lombardia;3006
137;Albugnano;AT;Piemonte;525
138;Albuzzano;PV;Lombardia;3667
139;Alcamo;TP;Sicilia;44661
140;Alcara Li Fusi;ME;Sicilia;1589
141;Aldeno;TN;Trentino Alto Adige;3360
142;Aldino;BZ;Trentino Alto Adige;
143;Ales;OR;Sardegna;1229
144;Alessandria;AL;Piemonte;93409
145;Alessandria del Carretto;CS;Calabria;337
146;Alessandria della Rocca;AG;Sicilia;2301
147;Alessano;LE;Puglia;5982
148;Alezio;LE;Puglia;5644
149;Alfano;SA;Campania;891
150;Alfedena;AQ;Abruzzo;917
151;Alfianello;BS;Lombardia;2307
152;Alfiano Natta;AL;Piemonte;655
153;Alfonsine;RA;Emilia Romagna;11667
154;Alghero;SS;Sardegna;41765
155;Algua;BG;Lombardia;698
156;Al?;ME;Sicilia;
157;Al? Terme;ME;Sicilia;
158;Alia;PA;Sicilia;3138
159;Aliano;MT;Basilicata;804
160;Alice Bel Colle;AL;Piemonte;632
161;Alice Castello;VC;Piemonte;2479
162;Alice Superiore;TO;Piemonte;
163;Alife;CE;Campania;7249
164;Alimena;PA;Sicilia;1822
165;Aliminusa;PA;Sicilia;1005
166;Allai;OR;Sardegna;333
167;Alleghe;BL;Veneto;1064
168;Allein;AO;Valle d'Aosta;197
169;Allerona;TR;Umbria;1679
170;Alliste;LE;Puglia;6344
171;Allumiere;RM;Lazio;3772
172;Alluvioni Cambi?;AL;Piemonte;
173;Alm?;BG;Lombardia;
174;Almenno San Bartolomeo;BG;Lombardia;6630
175;Almenno San Salvatore;BG;Lombardia;5502
176;Almese;TO;Piemonte;6231
177;Alonte;VI;Veneto;1558
178;Alpette;TO;Piemonte;235
179;Alpignano;TO;Piemonte;16513
180;Alseno;PC;Emilia Romagna;4785
181;Alserio;CO;Lombardia;1417
182;Altamura;BA;Puglia;70336
183;Altare;SV;Liguria;1922
184;Altavilla Irpina;AV;Campania;3803
185;Altavilla Milicia;PA;Sicilia;9055
186;Altavilla Monferrato;AL;Piemonte;386
187;Altavilla Silentina;SA;Campania;7058
188;Altavilla Vicentina;VI;Veneto;11760
189;Altidona;FM;Marche;3799
190;Altilia;CS;Calabria;669
191;Altino;CH;Abruzzo;3010
192;Altissimo;VI;Veneto;2157
193;Altivole;TV;Veneto;7088
194;Alto;CN;Piemonte;152
195;Altofonte;PA;Sicilia;9742
196;Altomonte;CS;Calabria;3943
197;Altopascio;LU;Toscana;16186
198;Alviano;TR;Umbria;1318
199;Alvignano;CE;Campania;4433
200;Alvito;FR;Lazio;2434
201;Alzano Lombardo;BG;Lombardia;13379
202;Alzano Scrivia;AL;Piemonte;354
203;Alzate Brianza;CO;Lombardia;4834
204;Amalfi;SA;Campania;4572
205;Amandola;FM;Marche;3206
206;Amantea;CS;Calabria;13859
207;Amaro;UD;Friuli Venezia Giulia;854
208;Amaroni;CZ;Calabria;1595
209;Amaseno;FR;Lazio;4029
210;Amato;CZ;Calabria;769
211;Amatrice;RI;Lazio;2146
212;Ambivere;BG;Lombardia;2334
213;Amblar;TN;Trentino Alto Adige;
214;Ameglia;SP;Liguria;4270
215;Amelia;TR;Umbria;11404
216;Amendolara;CS;Calabria;2590
217;Ameno;NO;Piemonte;866
218;Amorosi;BN;Campania;2629
219;Ampezzo;UD;Friuli Venezia Giulia;877
220;Anacapri;;Campania;6746
221;Anagni;FR;Lazio;20630
222;Ancarano;TE;Abruzzo;1874
223;Ancona;AN;Marche;100151
224;Andali;CZ;Calabria;581
225;Andalo;TN;Trentino Alto Adige;1237
226;Andalo Valtellino;SO;Lombardia;601
227;Andezeno;TO;Piemonte;1979
228;Andora;SV;Liguria;7255
229;Andorno Micca;BI;Piemonte;3014
230;Andrano;LE;Puglia;4406
231;Andrate;TO;Piemonte;468
232;Andreis;PN;Friuli Venezia Giulia;243
233;Andretta;AV;Campania;1630
234;Andria;BT;Puglia;96520
235;Andriano;BZ;Trentino Alto Adige;
236;Anela;SS;Sardegna;553
237;Anfo;BS;Lombardia;439
238;Angera;VA;Lombardia;5326
239;Anghiari;AR;Toscana;5343
240;Angiari;VR;Veneto;2544
241;Angolo Terme;BS;Lombardia;2324
242;Angri;SA;Campania;34353
243;Angrogna;TO;Piemonte;794
244;Anguillara Sabazia;RM;Lazio;19037
245;Anguillara Veneta;PD;Veneto;4076
246;Annicco;CR;Lombardia;1980
247;Annone di Brianza;LC;Lombardia;2283
248;Annone Veneto;VE;Veneto;3917
249;Anoia;RC;Calabria;1995
250;Antegnate;BG;Lombardia;3456
251;Anterivo;BZ;Trentino Alto Adige;
252;Antey-Saint-Andr?;AO;Valle d'Aosta;
253;Anticoli Corrado;RM;Lazio;841
254;Antignano;AT;Piemonte;957
255;Antillo;ME;Sicilia;773
256;Antonimina;RC;Calabria;1152
257;Antrodoco;RI;Lazio;2238
258;Antrona Schieranco;VB;Piemonte;392
259;Anversa degli Abruzzi;AQ;Abruzzo;304
260;Anzano del Parco;CO;Lombardia;1675
261;Anzano di Puglia;FG;Puglia;1055
262;Anzi;PZ;Basilicata;1445
263;Anzio;RM;Lazio;60063
264;Anzola d'Ossola;VB;Piemonte;378
265;Anzola dell'Emilia;BO;Emilia Romagna;12414
266;Aosta;AO;Valle d'Aosta;33127
267;Apecchio;PU;Marche;1663
268;Apice;BN;Campania;5175
269;Apiro;MC;Marche;2015
270;Apollosa;BN;Campania;2419
271;Appiano Gentile;CO;Lombardia;7749
272;Appiano sulla Strada del Vino;BZ;Trentino Alto Adige;
273;Appignano;MC;Marche;4119
274;Appignano del Tronto;AP;Marche;1641
275;Aprica;SO;Lombardia;1433
276;Apricale;IM;Liguria;585
277;Apricena;FG;Puglia;12486
278;Aprigliano;CS;Calabria;2307
279;Aprilia;LT;Lazio;74697
280;Aquara;SA;Campania;1237
281;Aquila di Arroscia;IM;Liguria;
282;Aquileia;UD;Friuli Venezia Giulia;3124
283;Aquilonia;AV;Campania;1381
284;Aquino;FR;Lazio;4898
285;Aradeo;LE;Puglia;8798
286;Aragona;AG;Sicilia;8669
287;Aramengo;AT;Piemonte;574
288;Arba;PN;Friuli Venezia Giulia;1344
289;Arborea;OR;Sardegna;3701
290;Arborio;VC;Piemonte;836
291;Arbus;VS;Sardegna;5532
292;Arcade;TV;Veneto;4476
293;Arce;FR;Lazio;5376
294;Arcene;BG;Lombardia;5112
295;Arcevia;AN;Marche;4245
296;Archi;CH;Abruzzo;1929
297;Arcidosso;GR;Toscana;4341
298;Arcinazzo Romano;RM;Lazio;1245
299;Arcisate;VA;Lombardia;9859
300;Arco;TN;Trentino Alto Adige;17747
301;Arcola;SP;Liguria;10229
302;Arcole;VR;Veneto;6419
303;Arconate;MI;Lombardia;6871
304;Arcore;MB;Lombardia;17938
305;Arcugnano;VI;Veneto;7595
306;Ardara;SS;Sardegna;680
307;Ardauli;OR;Sardegna;738
308;Ardea;RM;Lazio;51374
309;Ardenno;SO;Lombardia;3228
310;Ardesio;BG;Lombardia;3239
311;Ardore;RC;Calabria;4906
312;Arena;VV;Calabria;1144
313;Arena Po;PV;Lombardia;1530
314;Arenzano;GE;Liguria;11134
315;Arese;MI;Lombardia;19545
316;Arezzo;AR;Toscana;96506
317;Argegno;CO;Lombardia;676
318;Argelato;BO;Emilia Romagna;9573
319;Argenta;FE;Emilia Romagna;21295
320;Argentera;CN;Piemonte;76
321;Arguello;CN;Piemonte;190
322;Argusto;CZ;Calabria;400
323;Ari;CH;Abruzzo;1071
324;Ariano Irpino;AV;Campania;20657
325;Ariano nel Polesine;RO;Veneto;3757
326;Ariccia;RM;Lazio;17938
327;Arielli;CH;Abruzzo;1042
328;Arienzo;CE;Campania;5399
329;Arignano;TO;Piemonte;1076
330;Aritzo;NU;Sardegna;1272
331;Arizzano;VB;Piemonte;1951
332;Arlena di Castro;VT;Lazio;791
333;Arluno;MI;Lombardia;12615
334;Armeno;NO;Piemonte;2089
335;Armento;PZ;Basilicata;535
336;Armo;IM;Liguria;121
337;Armungia;CA;Sardegna;395
338;Arnad;AO;Valle d'Aosta;1215
339;Arnara;FR;Lazio;2136
340;Arnasco;SV;Liguria;529
341;Arnesano;LE;Puglia;3903
342;Arola;VB;Piemonte;238
343;Arona;NO;Piemonte;13632
344;Arosio;CO;Lombardia;5227
345;Arpaia;BN;Campania;1983
346;Arpaise;BN;Campania;722
347;Arpino;FR;Lazio;6512
348;Arqu? Petrarca;PD;Veneto;
349;Arqu? Polesine;RO;Veneto;
350;Arquata del Tronto;AP;Marche;910
351;Arquata Scrivia;AL;Piemonte;6335
352;Arre;PD;Veneto;2089
353;Arrone;TR;Umbria;2504
354;Arsago Seprio;VA;Lombardia;4727
355;Arsi?;BL;Veneto;
356;Arsiero;VI;Veneto;3065
357;Arsita;TE;Abruzzo;717
358;Arsoli;RM;Lazio;1347
359;Arta Terme;UD;Friuli Venezia Giulia;1971
360;Artegna;UD;Friuli Venezia Giulia;2898
361;Artena;RM;Lazio;13676
362;Artogne;BS;Lombardia;3714
363;Arvier;AO;Valle d'Aosta;819
364;Arzachena;OT;Sardegna;13456
365;Arzago d'Adda;BG;Lombardia;2767
366;Arzana;OG;Sardegna;2199
367;Arzano;;Campania;31613
368;Arzene;PN;Friuli Venezia Giulia;
369;Arzergrande;PD;Veneto;4841
370;Arzignano;VI;Veneto;25894
371;Ascea;SA;Campania;5914
372;Asciano;SI;Toscana;6782
373;Ascoli Piceno;AP;Marche;45193
374;Ascoli Satriano;FG;Puglia;5634
375;Ascrea;RI;Lazio;195
376;Asiago;VI;Veneto;6203
377;Asigliano Veneto;VI;Veneto;841
378;Asigliano Vercellese;VC;Piemonte;1387
379;Asola;MN;Lombardia;9870
380;Asolo;TV;Veneto;8917
381;Assago;MI;Lombardia;9348
382;Assemini;CA;Sardegna;25575
383;Assisi;PG;Umbria;27400
384;Asso;CO;Lombardia;3555
385;Assolo;OR;Sardegna;321
386;Assoro;EN;Sicilia;4749
387;Asti;AT;Piemonte;73604
388;Asuni;OR;Sardegna;295
389;Ateleta;AQ;Abruzzo;1103
390;Atella;PZ;Basilicata;3574
391;Atena Lucana;SA;Campania;2400
392;Atessa;CH;Abruzzo;10208
393;Atina;FR;Lazio;4079
394;Atrani;SA;Campania;751
395;Atri;TE;Abruzzo;9814
396;Atripalda;AV;Campania;10182
397;Attigliano;TR;Umbria;1962
398;Attimis;UD;Friuli Venezia Giulia;1664
399;Atzara;NU;Sardegna;974
400;Auditore;PU;Marche;
401;Augusta;SR;Sicilia;34697
402;Auletta;SA;Campania;2106
403;Aulla;MS;Toscana;10915
404;Aurano;VB;Piemonte;111
405;Aurigo;IM;Liguria;336
406;Auronzo di Cadore;BL;Veneto;2982
407;Ausonia;FR;Lazio;2405
408;Austis;NU;Sardegna;711
409;Avegno;GE;Liguria;2533
410;Avelengo;BZ;Trentino Alto Adige;
411;Avella;AV;Campania;7417
412;Avellino;AV;Campania;51819
413;Averara;BG;Lombardia;179
414;Aversa;CE;Campania;48860
415;Avetrana;TA;Puglia;6109
416;Avezzano;AQ;Abruzzo;41238
417;Aviano;PN;Friuli Venezia Giulia;8973
418;Aviatico;BG;Lombardia;593
419;Avigliana;TO;Piemonte;12035
420;Avigliano;PZ;Basilicata;10318
421;Avigliano Umbro;TR;Umbria;2308
422;Avio;TN;Trentino Alto Adige;4118
423;Avise;AO;Valle d'Aosta;294
424;Avola;SR;Sicilia;30683
425;Avolasca;AL;Piemonte;241
426;Ayas;AO;Valle d'Aosta;1370
427;Aymavilles;AO;Valle d'Aosta;2093
428;Azeglio;TO;Piemonte;1224
429;Azzanello;CR;Lombardia;631
430;Azzano d'Asti;AT;Piemonte;383
431;Azzano Decimo;PN;Friuli Venezia Giulia;15760
432;Azzano Mella;BS;Lombardia;3519
433;Azzano San Paolo;BG;Lombardia;7725
434;Azzate;VA;Lombardia;4652
435;Azzio;VA;Lombardia;758
436;Azzone;BG;Lombardia;351
437;Baceno;VB;Piemonte;862
438;Bacoli;;Campania;24783
439;Badalucco;IM;Liguria;1065
440;Badesi;OT;Sardegna;1812
441;Badia;BZ;Trentino Alto Adige;
442;Badia Calavena;VR;Veneto;2707
443;Badia Pavese;PV;Lombardia;408
444;Badia Polesine;RO;Veneto;10378
445;Badia Tedalda;AR;Toscana;941
446;Badolato;CZ;Calabria;2829
447;Bagaladi;RC;Calabria;916
448;Bagheria;PA;Sicilia;53152
449;Bagnacavallo;RA;Emilia Romagna;16519
450;Bagnara Calabra;RC;Calabria;9102
451;Bagnara di Romagna;RA;Emilia Romagna;2317
452;Bagnaria;PV;Lombardia;622
453;Bagnaria Arsa;UD;Friuli Venezia Giulia;3403
454;Bagnasco;CN;Piemonte;929
455;Bagnatica;BG;Lombardia;4448
456;Bagni di Lucca;LU;Toscana;5476
457;Bagno a Ripoli;FI;Toscana;24806
458;Bagno di Romagna;FC;Emilia Romagna;5584
459;Bagnoli del Trigno;IS;Molise;607
460;Bagnoli di Sopra;PD;Veneto;3361
461;Bagnoli Irpino;AV;Campania;2990
462;Bagnolo Cremasco;CR;Lombardia;5115
463;Bagnolo del Salento;LE;Puglia;1698
464;Bagnolo di Po;RO;Veneto;1203
465;Bagnolo in Piano;RE;Emilia Romagna;9588
466;Bagnolo Mella;BS;Lombardia;12536
467;Bagnolo Piemonte;CN;Piemonte;5685
468;Bagnolo San Vito;MN;Lombardia;5855
469;Bagnone;MS;Toscana;1686
470;Bagnoregio;VT;Lazio;3258
471;Bagolino;BS;Lombardia;3738
472;Baia e Latina;CE;Campania;1982
473;Baiano;AV;Campania;4371
474;Bairo;TO;Piemonte;778
475;Baiso;RE;Emilia Romagna;3268
476;Bajardo;IM;Liguria;352
477;Balangero;TO;Piemonte;3095
478;Baldichieri d'Asti;AT;Piemonte;1104
479;Baldissero Canavese;TO;Piemonte;493
480;Baldissero d'Alba;CN;Piemonte;1043
481;Baldissero Torinese;TO;Piemonte;3692
482;Balestrate;PA;Sicilia;6379
483;Balestrino;SV;Liguria;522
484;Ballabio;LC;Lombardia;4181
485;Ballao;CA;Sardegna;706
486;Balme;TO;Piemonte;97
487;Balmuccia;VC;Piemonte;115
488;Balocco;VC;Piemonte;210
489;Balsorano;AQ;Abruzzo;3196
490;Balvano;PZ;Basilicata;1650
491;Balzola;AL;Piemonte;1252
492;Banari;SS;Sardegna;508
493;Banchette;TO;Piemonte;3097
494;Bannio Anzino;VB;Piemonte;453
495;Banzi;PZ;Basilicata;1131
496;Baone;PD;Veneto;3024
497;Baradili;OR;Sardegna;80
498;Baragiano;PZ;Basilicata;2477
499;Baranello;CB;Molise;2424
500;Barano d'Ischia;;Campania;9953
501;Barasso;VA;Lombardia;1681
502;Baratili San Pietro;OR;Sardegna;1194
503;Barbania;TO;Piemonte;1563
504;Barbara;AN;Marche;1267
505;Barbarano Romano;VT;Lazio;980
506;Barbarano Vicentino;VI;Veneto;
507;Barbaresco;CN;Piemonte;600
508;Barbariga;BS;Lombardia;2307
509;Barbata;BG;Lombardia;695
510;Barberino di Mugello;FI;Toscana;10981
511;Barberino Val d'Elsa;FI;Toscana;
512;Barbianello;PV;Lombardia;888
513;Barbiano;BZ;Trentino Alto Adige;
514;Barbona;PD;Veneto;567
515;Barcellona Pozzo di Gotto;ME;Sicilia;39756
516;Barchi;PU;Marche;
517;Barcis;PN;Friuli Venezia Giulia;225
518;Bard;AO;Valle d'Aosta;99
519;Bardello;VA;Lombardia;
520;Bardi;PR;Emilia Romagna;1947
521;Bardineto;SV;Liguria;764
522;Bardolino;VR;Veneto;6816
523;Bardonecchia;TO;Piemonte;2853
524;Bareggio;MI;Lombardia;17271
525;Barengo;NO;Piemonte;734
526;Baressa;OR;Sardegna;528
527;Barete;AQ;Abruzzo;634
528;Barga;LU;Toscana;9293
529;Bargagli;GE;Liguria;2478
530;Barge;CN;Piemonte;7510
531;Barghe;BS;Lombardia;1138
532;Bari;BA;Puglia;316248
533;Bari Sardo;OG;Sardegna;3770
534;Bariano;BG;Lombardia;4332
535;Baricella;BO;Emilia Romagna;7207
536;Barile;PZ;Basilicata;2491
537;Barisciano;AQ;Abruzzo;1637
538;Barlassina;MB;Lombardia;6985
539;Barletta;BT;Puglia;92067
540;Barni;CO;Lombardia;611
541;Barolo;CN;Piemonte;613
542;Barone Canavese;TO;Piemonte;525
543;Baronissi;SA;Campania;16788
544;Barrafranca;EN;Sicilia;11456
545;Barrali;CA;Sardegna;1087
546;Barrea;AQ;Abruzzo;677
547;Barumini;VS;Sardegna;1084
548;Barzago;LC;Lombardia;2407
549;Barzana;BG;Lombardia;2039
550;Barzan?;LC;Lombardia;
551;Barzio;LC;Lombardia;1269
552;Basaluzzo;AL;Piemonte;2009
553;Bascap?;PV;Lombardia;
554;Baschi;TR;Umbria;2544
555;Basciano;TE;Abruzzo;2312
556;Baselga di Pin?;TN;Trentino Alto Adige;
557;Baselice;BN;Campania;1980
558;Basiano;MI;Lombardia;3645
559;Basic?;ME;Sicilia;
560;Basiglio;MI;Lombardia;8027
561;Basiliano;UD;Friuli Venezia Giulia;5148
562;Bassano Bresciano;BS;Lombardia;2363
563;Bassano del Grappa;VI;Veneto;42279
564;Bassano in Teverina;VT;Lazio;1272
565;Bassano Romano;VT;Lazio;4680
566;Bassiano;LT;Lazio;1432
567;Bassignana;AL;Piemonte;1574
568;Bastia Umbra;PG;Umbria;21497
569;Bastia Mondov?;CN;Piemonte;
570;Bastida de' Dossi;PV;Lombardia;
571;Bastida Pancarana;PV;Lombardia;921
572;Bastiglia;MO;Emilia Romagna;4244
573;Battaglia Terme;PD;Veneto;3869
574;Battifollo;CN;Piemonte;256
575;Battipaglia;SA;Campania;49504
576;Battuda;PV;Lombardia;635
577;Baucina;PA;Sicilia;1838
578;Bauladu;OR;Sardegna;613
579;Baunei;OG;Sardegna;3366
580;Baveno;VB;Piemonte;4504
581;Bazzano;BO;Emilia Romagna;
582;Bedero Valcuvia;VA;Lombardia;664
583;Bedizzole;BS;Lombardia;12266
584;Bedollo;TN;Trentino Alto Adige;1500
585;Bedonia;PR;Emilia Romagna;3103
586;Bedulita;BG;Lombardia;712
587;Bee;VB;Piemonte;777
588;Beinasco;TO;Piemonte;17272
589;Beinette;CN;Piemonte;3540
590;Belcastro;CZ;Calabria;1211
591;Belfiore;VR;Veneto;3408
592;Belforte all'Isauro;PU;Marche;728
593;Belforte del Chienti;MC;Marche;1829
594;Belforte Monferrato;AL;Piemonte;486
595;Belgioioso;PV;Lombardia;6439
596;Belgirate;VB;Piemonte;450
597;Bella;PZ;Basilicata;4530
598;Bellagio;CO;Lombardia;3509
599;Bellano;LC;Lombardia;3357
600;Bellante;TE;Abruzzo;6833
601;Bellaria Igea Marina;RN;Emilia Romagna;
602;Bellegra;RM;Lazio;2578
603;Bellino;CN;Piemonte;99
604;Bellinzago Lombardo;MI;Lombardia;3728
605;Bellinzago Novarese;NO;Piemonte;9344
606;Bellizzi;SA;Campania;13330
607;Bellona;CE;Campania;6055
608;Bellosguardo;SA;Campania;639
609;Belluno;BL;Veneto;35499
610;Bellusco;MB;Lombardia;7487
611;Belmonte Calabro;CS;Calabria;1664
612;Belmonte Castello;FR;Lazio;657
613;Belmonte del Sannio;IS;Molise;602
614;Belmonte in Sabina;RI;Lazio;653
615;Belmonte Mezzagno;PA;Sicilia;10678
616;Belmonte Piceno;FM;Marche;545
617;Belpasso;CT;Sicilia;28321
618;Belsito;CS;Calabria;892
619;Belvedere di Spinello;KR;Calabria;1878
620;Belvedere Langhe;CN;Piemonte;333
621;Belvedere Marittimo;CS;Calabria;8927
622;Belvedere Ostrense;AN;Marche;2070
623;Belveglio;AT;Piemonte;292
624;Belv?;NU;Sardegna;
625;Bema;SO;Lombardia;117
626;Bene Lario;CO;Lombardia;349
627;Bene Vagienna;CN;Piemonte;3645
628;Benestare;RC;Calabria;2489
629;Benetutti;SS;Sardegna;1623
630;Benevello;CN;Piemonte;457
631;Benevento;BN;Campania;55330
632;Benna;BI;Piemonte;1157
633;Bentivoglio;BO;Emilia Romagna;5855
634;Berbenno;BG;Lombardia;2526
635;Berbenno di Valtellina;SO;Lombardia;4066
636;Berceto;PR;Emilia Romagna;1917
637;Berchidda;OT;Sardegna;2604
638;Beregazzo con Figliaro;CO;Lombardia;2825
639;Bereguardo;PV;Lombardia;2856
640;Bergamasco;AL;Piemonte;662
641;Bergamo;BG;Lombardia;120629
642;Bergantino;RO;Veneto;2340
643;Bergeggi;SV;Liguria;1033
644;Bergolo;CN;Piemonte;51
645;Berlingo;BS;Lombardia;2751
646;Bernalda;MT;Basilicata;11922
647;Bernareggio;MB;Lombardia;11706
648;Bernate Ticino;MI;Lombardia;2919
649;Bernezzo;CN;Piemonte;4276
650;Berra;FE;Emilia Romagna;
651;Bersone;TN;Trentino Alto Adige;
652;Bertinoro;FC;Emilia Romagna;11193
653;Bertiolo;UD;Friuli Venezia Giulia;2330
654;Bertonico;LO;Lombardia;1081
655;Berzano di San Pietro;AT;Piemonte;404
656;Berzano di Tortona;AL;Piemonte;163
657;Berzo Demo;BS;Lombardia;1444
658;Berzo Inferiore;BS;Lombardia;2522
659;Berzo San Fermo;BG;Lombardia;1456
660;Besana in Brianza;MB;Lombardia;15503
661;Besano;VA;Lombardia;2513
662;Besate;MI;Lombardia;2050
663;Besenello;TN;Trentino Alto Adige;2834
664;Besenzone;PC;Emilia Romagna;936
665;Besnate;VA;Lombardia;5438
666;Besozzo;VA;Lombardia;8717
667;Bessude;SS;Sardegna;369
668;Bettola;PC;Emilia Romagna;2627
669;Bettona;PG;Umbria;4247
670;Beura-Cardezza;VB;Piemonte;1429
671;Bevagna;PG;Umbria;4736
672;Beverino;SP;Liguria;2284
673;Bevilacqua;VR;Veneto;1817
674;Bezzecca;TN;Trentino Alto Adige;
675;Biancavilla;CT;Sicilia;22917
676;Bianchi;CS;Calabria;1141
677;Bianco;RC;Calabria;4298
678;Biandrate;NO;Piemonte;1384
679;Biandronno;VA;Lombardia;3190
680;Bianzano;BG;Lombardia;642
681;Bianz?;VC;Piemonte;
682;Bianzone;SO;Lombardia;1263
683;Biassono;MB;Lombardia;12430
684;Bibbiano;RE;Emilia Romagna;10199
685;Bibbiena;AR;Toscana;11971
686;Bibbona;LI;Toscana;3172
687;Bibiana;TO;Piemonte;3362
688;Biccari;FG;Puglia;2579
689;Bicinicco;UD;Friuli Venezia Giulia;1733
690;Bidon?;OR;Sardegna;
691;Biella;BI;Piemonte;43356
692;Bienno;BS;Lombardia;3756
693;Bieno;TN;Trentino Alto Adige;481
694;Bientina;PI;Toscana;8681
695;Bigarello;MN;Lombardia;
696;Binago;CO;Lombardia;4814
697;Binasco;MI;Lombardia;7068
698;Binetto;BA;Puglia;2184
699;Bioglio;BI;Piemonte;888
700;Bionaz;AO;Valle d'Aosta;212
701;Bione;BS;Lombardia;1319
702;Birori;NU;Sardegna;481
703;Bisaccia;AV;Campania;3424
704;Bisacquino;PA;Sicilia;3938
705;Bisceglie;BT;Puglia;53242
706;Bisegna;AQ;Abruzzo;212
707;Bisenti;TE;Abruzzo;1642
708;Bisignano;CS;Calabria;9428
709;Bistagno;AL;Piemonte;1692
710;Bisuschio;VA;Lombardia;4253
711;Bitetto;BA;Puglia;11745
712;Bitonto;BA;Puglia;52868
713;Bitritto;BA;Puglia;11456
714;Bitti;NU;Sardegna;2476
715;Bivona;AG;Sicilia;3000
716;Bivongi;RC;Calabria;1131
717;Bizzarone;CO;Lombardia;1789
718;Bleggio Inferiore;TN;Trentino Alto Adige;
719;Bleggio Superiore;TN;Trentino Alto Adige;1545
720;Blello;BG;Lombardia;71
721;Blera;VT;Lazio;2895
722;Blessagno;CO;Lombardia;313
723;Blevio;CO;Lombardia;1002
724;Blufi;PA;Sicilia;822
725;Boara Pisani;PD;Veneto;2362
726;Bobbio;PC;Emilia Romagna;3344
727;Bobbio Pellice;TO;Piemonte;527
728;Boca;NO;Piemonte;1145
729;Bocchigliero;CS;Calabria;1038
730;Boccioleto;VC;Piemonte;167
731;Bocenago;TN;Trentino Alto Adige;410
732;Bodio Lomnago;VA;Lombardia;2255
733;Boffalora d'Adda;LO;Lombardia;1737
734;Boffalora Sopra Ticino;MI;Lombardia;4104
735;Bogliasco;GE;Liguria;4249
736;Bognanco;VB;Piemonte;198
737;Bogogno;NO;Piemonte;1324
738;Boissano;SV;Liguria;2584
739;Bojano;CB;Molise;7496
740;Bolano;SP;Liguria;7456
741;Bolbeno;TN;Trentino Alto Adige;
742;Bolgare;BG;Lombardia;6731
743;Bollate;MI;Lombardia;36754
744;Bollengo;TO;Piemonte;2099
745;Bologna;BO;Emilia Romagna;391473
746;Bolognano;PE;Abruzzo;1003
747;Bolognetta;PA;Sicilia;4074
748;Bolognola;MC;Marche;148
749;Bolotana;NU;Sardegna;2244
750;Bolsena;VT;Lazio;3649
751;Boltiere;BG;Lombardia;6185
752;Bolzano;BZ;Trentino Alto Adige;
753;Bolzano Novarese;NO;Piemonte;1110
754;Bolzano Vicentino;VI;Veneto;6505
755;Bomarzo;VT;Lazio;1695
756;Bomba;CH;Abruzzo;686
757;Bompensiere;CL;Sicilia;468
758;Bompietro;PA;Sicilia;1140
759;Bomporto;MO;Emilia Romagna;10398
760;Bonarcado;OR;Sardegna;1521
761;Bonassola;SP;Liguria;761
762;Bonate Sopra;BG;Lombardia;10652
763;Bonate Sotto;BG;Lombardia;6645
764;Bonavigo;VR;Veneto;1990
765;Bondeno;FE;Emilia Romagna;14179
766;Bondo;TN;Trentino Alto Adige;
767;Bondone;TN;Trentino Alto Adige;627
768;Bonea;BN;Campania;1336
769;Bonefro;CB;Molise;1128
770;Bonemerse;CR;Lombardia;1434
771;Bonifati;CS;Calabria;2504
772;Bonito;AV;Campania;2169
773;Bonnanaro;SS;Sardegna;894
774;Bono;SS;Sardegna;3232
775;Bonorva;SS;Sardegna;3030
776;Bonvicino;CN;Piemonte;102
777;Borbona;RI;Lazio;573
778;Borca di Cadore;BL;Veneto;790
779;Bordano;UD;Friuli Venezia Giulia;689
780;Bordighera;IM;Liguria;10366
781;Bordolano;CR;Lombardia;602
782;Bore;PR;Emilia Romagna;619
783;Boretto;RE;Emilia Romagna;5456
784;Borgarello;PV;Lombardia;2829
785;Borgaro Torinese;TO;Piemonte;11523
786;Borgetto;PA;Sicilia;7167
787;Borghetto d'Arroscia;IM;Liguria;389
788;Borghetto di Borbera;AL;Piemonte;1889
789;Borghetto di Vara;SP;Liguria;928
790;Borghetto Lodigiano;LO;Lombardia;4430
791;Borghetto Santo Spirito;SV;Liguria;4549
792;Borghi;FC;Emilia Romagna;2915
793;Borgia;CZ;Calabria;7185
794;Borgiallo;TO;Piemonte;587
795;Borgio Verezzi;SV;Liguria;2081
796;Borgo a Mozzano;LU;Toscana;6683
797;Borgo d'Ale;VC;Piemonte;2198
798;Borgo di Terzo;BG;Lombardia;1225
799;Borgo Pace;PU;Marche;520
800;Borgo Priolo;PV;Lombardia;1213
801;Borgo San Dalmazzo;CN;Piemonte;12618
802;Borgo San Giacomo;BS;Lombardia;5590
803;Borgo San Giovanni;LO;Lombardia;2444
804;Borgo San Lorenzo;FI;Toscana;18412
805;Borgo San Martino;AL;Piemonte;1333
806;Borgo San Siro;PV;Lombardia;961
807;Borgo Ticino;NO;Piemonte;5145
808;Borgo Tossignano;BO;Emilia Romagna;3231
809;Borgo Val di Taro;PR;Emilia Romagna;6736
810;Borgo Valsugana;TN;Trentino Alto Adige;7252
811;Borgo Velino;RI;Lazio;901
812;Borgo Vercelli;VC;Piemonte;2231
813;Borgoforte;MN;Lombardia;
814;Borgofranco d'Ivrea;TO;Piemonte;3424
815;Borgofranco sul Po;MN;Lombardia;
816;Borgolavezzaro;NO;Piemonte;2025
817;Borgomale;CN;Piemonte;372
818;Borgomanero;NO;Piemonte;21202
819;Borgomaro;IM;Liguria;823
820;Borgomasino;TO;Piemonte;770
821;Borgone Susa;TO;Piemonte;2250
822;Borgonovo Val Tidone;PC;Emilia Romagna;8305
823;Borgoratto Alessandrino;AL;Piemonte;534
824;Borgoratto Mormorolo;PV;Lombardia;387
825;Borgoricco;PD;Veneto;9084
826;Borgorose;RI;Lazio;4210
827;Borgosatollo;BS;Lombardia;9099
828;Borgosesia;VC;Piemonte;11951
829;Bormida;SV;Liguria;306
830;Bormio;SO;Lombardia;3908
831;Bornasco;PV;Lombardia;2656
832;Borno;BS;Lombardia;2403
833;Boroneddu;OR;Sardegna;135
834;Borore;NU;Sardegna;1902
835;Borrello;CH;Abruzzo;328
836;Borriana;BI;Piemonte;855
837;Borso del Grappa;TV;Veneto;5971
838;Bortigali;NU;Sardegna;1218
839;Bortigiadas;OT;Sardegna;692
840;Borutta;SS;Sardegna;244
841;Borzonasca;GE;Liguria;1831
842;Bosa;OR;Sardegna;7292
843;Bosaro;RO;Veneto;1412
844;Boschi Sant'Anna;VR;Veneto;1385
845;Bosco Chiesanuova;VR;Veneto;3593
846;Bosco Marengo;AL;Piemonte;2140
847;Bosconero;TO;Piemonte;3044
848;Boscoreale;;Campania;25645
849;Boscotrecase;;Campania;9796
850;Bosentino;TN;Trentino Alto Adige;
851;Bosia;CN;Piemonte;168
852;Bosio;AL;Piemonte;1037
853;Bosisio Parini;LC;Lombardia;3199
854;Bosnasco;PV;Lombardia;624
855;Bossico;BG;Lombardia;965
856;Bossolasco;CN;Piemonte;664
857;Botricello;CZ;Calabria;5022
858;Botrugno;LE;Puglia;2570
859;Bottanuco;BG;Lombardia;5085
860;Botticino;BS;Lombardia;10849
861;Bottidda;SS;Sardegna;627
862;Bova;RC;Calabria;460
863;Bova Marina;RC;Calabria;3925
864;Bovalino;RC;Calabria;8743
865;Bovegno;BS;Lombardia;2012
866;Boves;CN;Piemonte;9612
867;Bovezzo;BS;Lombardia;7386
868;Boville Ernica;FR;Lazio;8214
869;Bovino;FG;Puglia;2862
870;Bovisio Masciago;MB;Lombardia;
871;Bovolenta;PD;Veneto;3394
872;Bovolone;VR;Veneto;16392
873;Bozzole;AL;Piemonte;343
874;Bozzolo;MN;Lombardia;4081
875;Bra;CN;Piemonte;29830
876;Bracca;BG;Lombardia;705
877;Bracciano;RM;Lazio;18349
878;Bracigliano;SA;Campania;5343
879;Braies;BZ;Trentino Alto Adige;
880;Brallo di Pregola;PV;Lombardia;473
881;Brancaleone;RC;Calabria;3124
882;Brandico;BS;Lombardia;1767
883;Brandizzo;TO;Piemonte;8772
884;Branzi;BG;Lombardia;612
885;Braone;BS;Lombardia;681
886;Brebbia;VA;Lombardia;3137
887;Breda di Piave;TV;Veneto;7642
888;Bregano;VA;Lombardia;
889;Breganze;VI;Veneto;8304
890;Bregnano;CO;Lombardia;6402
891;Breguzzo;TN;Trentino Alto Adige;
892;Breia;VC;Piemonte;
893;Brembate;BG;Lombardia;8745
894;Brembate di Sopra;BG;Lombardia;8068
895;Brembilla;BG;Lombardia;
896;Brembio;LO;Lombardia;2807
897;Breme;PV;Lombardia;725
898;Brendola;VI;Veneto;6609
899;Brenna;CO;Lombardia;2194
900;Brennero;BZ;Trentino Alto Adige;
901;Breno;BS;Lombardia;4674
902;Brenta;VA;Lombardia;1682
903;Brentino Belluno;VR;Veneto;1368
904;Brentonico;TN;Trentino Alto Adige;4184
905;Brenzone;VR;Veneto;
906;Brescello;RE;Emilia Romagna;5556
907;Brescia;BS;Lombardia;201342
908;Bresimo;TN;Trentino Alto Adige;240
909;Bressana Bottarone;PV;Lombardia;3482
910;Bressanone;BZ;Trentino Alto Adige;
911;Bressanvido;VI;Veneto;3083
912;Bresso;MI;Lombardia;26672
913;Brez;TN;Trentino Alto Adige;
914;Brezzo di Bedero;VA;Lombardia;1214
915;Briaglia;CN;Piemonte;311
916;Briatico;VV;Calabria;3578
917;Bricherasio;TO;Piemonte;4611
918;Brienno;CO;Lombardia;311
919;Brienza;PZ;Basilicata;3844
920;Briga Alta;CN;Piemonte;41
921;Briga Novarese;NO;Piemonte;2730
922;Brignano Gera d'Adda;BG;Lombardia;6267
923;Brignano-Frascata;AL;Piemonte;420
924;Brindisi;BR;Puglia;81181
925;Brindisi Montagna;PZ;Basilicata;757
926;Brinzio;VA;Lombardia;765
927;Briona;NO;Piemonte;1129
928;Brione;BS;Lombardia;759
929;Brione;TN;Trentino Alto Adige;759
930;Briosco;MB;Lombardia;6131
931;Brisighella;RA;Emilia Romagna;7181
932;Brissago-Valtravaglia;VA;Lombardia;1316
933;Brissogne;AO;Valle d'Aosta;979
934;Brittoli;PE;Abruzzo;236
935;Brivio;LC;Lombardia;4351
936;Broccostella;FR;Lazio;2609
937;Brogliano;VI;Veneto;4011
938;Brognaturo;VV;Calabria;719
939;Brolo;ME;Sicilia;5712
940;Brondello;CN;Piemonte;260
941;Broni;PV;Lombardia;10164
942;Bronte;CT;Sicilia;18101
943;Bronzolo;BZ;Trentino Alto Adige;
944;Brossasco;CN;Piemonte;979
945;Brosso;TO;Piemonte;387
946;Brovello-Carpugnino;VB;Piemonte;804
947;Brozolo;TO;Piemonte;423
948;Brugherio;MB;Lombardia;35471
949;Brugine;PD;Veneto;7178
950;Brugnato;SP;Liguria;1291
951;Brugnera;PN;Friuli Venezia Giulia;9192
952;Bruino;TO;Piemonte;8364
953;Brumano;BG;Lombardia;135
954;Brunate;CO;Lombardia;1572
955;Brunello;VA;Lombardia;918
956;Brunico;BZ;Trentino Alto Adige;
957;Bruno;AT;Piemonte;305
958;Brusaporto;BG;Lombardia;5704
959;Brusasco;TO;Piemonte;1495
960;Brusciano;;Campania;16149
961;Brusimpiano;VA;Lombardia;1174
962;Brusnengo;BI;Piemonte;1845
963;Brusson;AO;Valle d'Aosta;823
964;Bruzolo;TO;Piemonte;1513
965;Bruzzano Zeffirio;RC;Calabria;1010
966;Bubbiano;MI;Lombardia;2446
967;Bubbio;AT;Piemonte;793
968;Buccheri;SR;Sicilia;1692
969;Bucchianico;CH;Abruzzo;4892
970;Bucciano;BN;Campania;1950
971;Buccinasco;MI;Lombardia;26345
972;Buccino;SA;Campania;4462
973;Bucine;AR;Toscana;9906
974;Buddus?;OT;Sardegna;
975;Budoia;PN;Friuli Venezia Giulia;2561
976;Budoni;OT;Sardegna;5685
977;Budrio;BO;Emilia Romagna;18494
978;Buggerru;CI;Sardegna;1007
979;Buggiano;PT;Toscana;8738
980;Buglio in Monte;SO;Lombardia;2057
981;Bugnara;AQ;Abruzzo;998
982;Buguggiate;VA;Lombardia;3115
983;Buja;UD;Friuli Venezia Giulia;6336
984;Bulciago;LC;Lombardia;2925
985;Bulgarograsso;CO;Lombardia;3957
986;Bultei;SS;Sardegna;776
987;Bulzi;SS;Sardegna;507
988;Buonabitacolo;SA;Campania;2454
989;Buonalbergo;BN;Campania;1478
990;Buonconvento;SI;Toscana;2936
991;Buonvicino;CS;Calabria;1971
992;Burago di Molgora;MB;Lombardia;4370
993;Burcei;CA;Sardegna;2571
994;Burgio;AG;Sicilia;2409
995;Burgos;SS;Sardegna;817
996;Buriasco;TO;Piemonte;1289
997;Burolo;TO;Piemonte;1095
998;Buronzo;VC;Piemonte;862
999;Busachi;OR;Sardegna;1099
1000;Busalla;GE;Liguria;5110
1001;Busana;RE;Emilia Romagna;
1002;Busano;TO;Piemonte;1578
1003;Busca;CN;Piemonte;10228
1004;Buscate;MI;Lombardia;4696
1005;Buscemi;SR;Sicilia;935
1006;Buseto Palizzolo;TP;Sicilia;2727
1007;Busnago;MI;Lombardia;6882
1008;Bussero;MI;Lombardia;8386
1009;Busseto;PR;Emilia Romagna;6902
1010;Bussi sul Tirino;PE;Abruzzo;2188
1011;Busso;CB;Molise;1142
1012;Bussolengo;VR;Veneto;21037
1013;Bussoleno;TO;Piemonte;5766
1014;Busto Arsizio;VA;Lombardia;84595
1015;Busto Garolfo;MI;Lombardia;14131
1016;Butera;CL;Sicilia;4053
1017;Buti;PI;Toscana;5532
1018;Buttapietra;VR;Veneto;7031
1019;Buttigliera Alta;TO;Piemonte;6222
1020;Buttigliera d'Asti;AT;Piemonte;2505
1021;Buttrio;UD;Friuli Venezia Giulia;3898
1022;Ca' d'Andrea;CR;Lombardia;
1023;Cabella Ligure;AL;Piemonte;437
1024;Cabiate;CO;Lombardia;7404
1025;Cabras;OR;Sardegna;8726
1026;Caccamo;PA;Sicilia;7529
1027;Caccuri;KR;Calabria;1497
1028;Cadegliano-Viconago;VA;Lombardia;2120
1029;Cadelbosco di Sopra;RE;Emilia Romagna;10727
1030;Cadeo;PC;Emilia Romagna;6116
1031;Caderzone;TN;Trentino Alto Adige;
1032;Cadoneghe;PD;Veneto;15763
1033;Cadorago;CO;Lombardia;8051
1034;Cadrezzate;VA;Lombardia;
1035;Caerano di San Marco;TV;Veneto;7819
1036;Cafasse;TO;Piemonte;3388
1037;Caggiano;SA;Campania;2486
1038;Cagli;PU;Marche;7878
1039;Cagliari;CA;Sardegna;145981
1040;Caglio;CO;Lombardia;476
1041;Cagnano Amiterno;AQ;Abruzzo;1079
1042;Cagnano Varano;FG;Puglia;6525
1043;Cagno;CO;Lombardia;
1044;Cagn?;TN;Trentino Alto Adige;
1045;Caianello;CE;Campania;1825
1046;Caiazzo;CE;Campania;5077
1047;Caines;BZ;Trentino Alto Adige;
1048;Caino;BS;Lombardia;2180
1049;Caiolo;SO;Lombardia;1034
1050;Cairano;AV;Campania;281
1051;Cairate;VA;Lombardia;7886
1052;Cairo Montenotte;SV;Liguria;12960
1053;Caivano;;Campania;35886
1054;Calabritto;AV;Campania;2096
1055;Calalzo di Cadore;BL;Veneto;1799
1056;Calamandrana;AT;Piemonte;1643
1057;Calamonaci;AG;Sicilia;1127
1058;Calangianus;OT;Sardegna;3692
1059;Calanna;RC;Calabria;735
1060;Calasca-Castiglione;VB;Piemonte;581
1061;Calascibetta;EN;Sicilia;3948
1062;Calascio;AQ;Abruzzo;119
1063;Calasetta;CI;Sardegna;2776
1064;Calatabiano;CT;Sicilia;5145
1065;Calatafimi Segesta;TP;Sicilia;
1066;Calavino;TN;Trentino Alto Adige;
1067;Calcata;VT;Lazio;905
1068;Calceranica al Lago;TN;Trentino Alto Adige;1397
1069;Calci;PI;Toscana;6263
1070;Calciano;MT;Basilicata;616
1071;Calcinaia;PI;Toscana;12824
1072;Calcinate;BG;Lombardia;6254
1073;Calcinato;BS;Lombardia;13147
1074;Calcio;BG;Lombardia;5551
1075;Calco;LC;Lombardia;5476
1076;Caldaro sulla Strada del Vino;BZ;Trentino Alto Adige;
1077;Caldarola;MC;Marche;1621
1078;Calderara di Reno;BO;Emilia Romagna;13767
1079;Caldes;TN;Trentino Alto Adige;1122
1080;Caldiero;VR;Veneto;8160
1081;Caldogno;VI;Veneto;11304
1082;Caldonazzo;TN;Trentino Alto Adige;4010
1083;Calendasco;PC;Emilia Romagna;2465
1084;Calenzano;FI;Toscana;18008
1085;Calestano;PR;Emilia Romagna;2183
1086;Calice al Cornoviglio;SP;Liguria;1023
1087;Calice Ligure;SV;Liguria;1674
1088;Calimera;LE;Puglia;6633
1089;Calitri;AV;Campania;4090
1090;Calizzano;SV;Liguria;1457
1091;Callabiana;BI;Piemonte;145
1092;Calliano;AT;Piemonte;2057
1093;Calliano;TN;Trentino Alto Adige;2057
1094;Calolziocorte;LC;Lombardia;13593
1095;Calopezzati;CS;Calabria;1224
1096;Calosso;AT;Piemonte;1102
1097;Caloveto;CS;Calabria;1046
1098;Caltabellotta;AG;Sicilia;3065
1099;Caltagirone;CT;Sicilia;35373
1100;Caltanissetta;CL;Sicilia;57922
1101;Caltavuturo;PA;Sicilia;3323
1102;Caltignaga;NO;Piemonte;2453
1103;Calto;RO;Veneto;699
1104;Caltrano;VI;Veneto;2544
1105;Calusco d'Adda;BG;Lombardia;8432
1106;Caluso;TO;Piemonte;7338
1107;Calvagese della Riviera;BS;Lombardia;3679
1108;Calvanico;SA;Campania;1407
1109;Calvatone;CR;Lombardia;1130
1110;Calvello;PZ;Basilicata;1709
1111;Calvene;VI;Veneto;1270
1112;Calvenzano;BG;Lombardia;4535
1113;Calvera;PZ;Basilicata;347
1114;Calvi;BN;Campania;2465
1115;Calvi dell'Umbria;TR;Umbria;1660
1116;Calvi Risorta;CE;Campania;5380
1117;Calvignano;PV;Lombardia;112
1118;Calvignasco;MI;Lombardia;1201
1119;Calvisano;BS;Lombardia;8461
1120;Calvizzano;;Campania;12869
1121;Camagna Monferrato;AL;Piemonte;464
1122;Camaiore;LU;Toscana;31763
1123;Camairago;LO;Lombardia;
1124;Camandona;BI;Piemonte;321
1125;Camastra;AG;Sicilia;1973
1126;Cambiago;MI;Lombardia;7331
1127;Cambiano;TO;Piemonte;5884
1128;Cambiasca;VB;Piemonte;1630
1129;Camburzano;BI;Piemonte;1127
1130;Camerana;CN;Piemonte;551
1131;Camerano;AN;Marche;6997
1132;Camerano Casasco;AT;Piemonte;421
1133;Camerata Cornello;BG;Lombardia;545
1134;Camerata Nuova;RM;Lazio;403
1135;Camerata Picena;AN;Marche;2481
1136;Cameri;NO;Piemonte;10867
1137;Camerino;MC;Marche;5935
1138;Camerota;SA;Campania;6741
1139;Camigliano;CE;Campania;1971
1140;Caminata;PC;Emilia Romagna;
1141;Camini;RC;Calabria;793
1142;Camino;AL;Piemonte;730
1143;Camino al Tagliamento;UD;Friuli Venezia Giulia;1508
1144;Camisano;CR;Lombardia;1253
1145;Camisano Vicentino;VI;Veneto;11085
1146;Cammarata;AG;Sicilia;5801
1147;Camo;CN;Piemonte;
1148;Camogli;GE;Liguria;4798
1149;Campagna;SA;Campania;17194
1150;Campagna Lupia;VE;Veneto;7116
1151;Campagnano di Roma;RM;Lazio;10987
1152;Campagnatico;GR;Toscana;2345
1153;Campagnola Cremasca;CR;Lombardia;649
1154;Campagnola Emilia;RE;Emilia Romagna;5551
1155;Campana;CS;Calabria;1337
1156;Camparada;MB;Lombardia;2261
1157;Campegine;RE;Emilia Romagna;5414
1158;Campello sul Clitunno;PG;Umbria;2311
1159;Campertogno;VC;Piemonte;226
1160;Campi Bisenzio;FI;Toscana;47435
1161;Campi Salentina;LE;Puglia;9615
1162;Campiglia Cervo;BI;Piemonte;488
1163;Campiglia dei Berici;VI;Veneto;1669
1164;Campiglia Marittima;LI;Toscana;12235
1165;Campiglione-Fenile;TO;Piemonte;
1166;Campione d'Italia;CO;Lombardia;1848
1167;Campitello di Fassa;TN;Trentino Alto Adige;661
1168;Campli;TE;Abruzzo;6612
1169;Campo Calabro;RC;Calabria;4512
1170;Campo di Giove;AQ;Abruzzo;742
1171;Campo di Trens;BZ;Trentino Alto Adige;
1172;Campo Ligure;GE;Liguria;2821
1173;Campo nell'Elba;LI;Toscana;4629
1174;Campo San Martino;PD;Veneto;5547
1175;Campo Tures;BZ;Trentino Alto Adige;
1176;Campobasso;CB;Molise;47399
1177;Campobello di Licata;AG;Sicilia;8873
1178;Campobello di Mazara;TP;Sicilia;11121
1179;Campochiaro;CB;Molise;556
1180;Campodarsego;PD;Veneto;15128
1181;Campodenno;TN;Trentino Alto Adige;1532
1182;Campodimele;LT;Lazio;545
1183;Campodipietra;CB;Molise;2403
1184;Campodolcino;SO;Lombardia;914
1185;Campodoro;PD;Veneto;2727
1186;Campofelice di Fitalia;PA;Sicilia;411
1187;Campofelice di Roccella;PA;Sicilia;7870
1188;Campofilone;FM;Marche;1930
1189;Campofiorito;PA;Sicilia;1113
1190;Campoformido;UD;Friuli Venezia Giulia;7832
1191;Campofranco;CL;Sicilia;2512
1192;Campogalliano;MO;Emilia Romagna;8516
1193;Campolattaro;BN;Campania;959
1194;Campoli Appennino;FR;Lazio;1596
1195;Campoli del Monte Taburno;BN;Campania;1642
1196;Campolieto;CB;Molise;793
1197;Campolongo al Torre;UD;Friuli Venezia Giulia;
1198;Campolongo Maggiore;VE;Veneto;10698
1199;Campolongo sul Brenta;VI;Veneto;
1200;Campomaggiore;PZ;Basilicata;689
1201;Campomarino;CB;Molise;7974
1202;Campomorone;GE;Liguria;6432
1203;Camponogara;VE;Veneto;12979
1204;Campora;SA;Campania;297
1205;Camporeale;PA;Sicilia;2842
1206;Camporgiano;LU;Toscana;1982
1207;Camporosso;IM;Liguria;5788
1208;Camporotondo di Fiastrone;MC;Marche;461
1209;Camporotondo Etneo;CT;Sicilia;5208
1210;Camposampiero;PD;Veneto;11878
1211;Camposano;;Campania;5010
1212;Camposanto;MO;Emilia Romagna;3397
1213;Campospinoso;PV;Lombardia;
1214;Campotosto;AQ;Abruzzo;428
1215;Camugnano;BO;Emilia Romagna;1911
1216;Canal San Bovo;TN;Trentino Alto Adige;1484
1217;Canale;CN;Piemonte;5404
1218;Canale d'Agordo;BL;Veneto;1045
1219;Canale Monterano;RM;Lazio;4164
1220;Canaro;RO;Veneto;2569
1221;Canazei;TN;Trentino Alto Adige;1903
1222;Cancellara;PZ;Basilicata;1088
1223;Cancello ed Arnone;CE;Campania;5783
1224;Canda;RO;Veneto;812
1225;Candela;FG;Puglia;2696
1226;Candelo;BI;Piemonte;7196
1227;Candia Canavese;TO;Piemonte;1143
1228;Candia Lomellina;PV;Lombardia;1562
1229;Candiana;PD;Veneto;2142
1230;Candida;AV;Campania;1083
1231;Candidoni;RC;Calabria;407
1232;Candiolo;TO;Piemonte;5563
1233;Canegrate;MI;Lombardia;12889
1234;Canelli;AT;Piemonte;10014
1235;Canepina;VT;Lazio;2900
1236;Caneva;PN;Friuli Venezia Giulia;6194
1237;Canevino;PV;Lombardia;
1238;Canicatt?;AG;Sicilia;
1239;Canicattini Bagni;SR;Sicilia;6482
1240;Canino;VT;Lazio;5029
1241;Canischio;TO;Piemonte;269
1242;Canistro;AQ;Abruzzo;949
1243;Canna;CS;Calabria;577
1244;Cannalonga;SA;Campania;939
1245;Cannara;PG;Umbria;4169
1246;Cannero Riviera;VB;Piemonte;885
1247;Canneto Pavese;PV;Lombardia;1285
1248;Canneto sull'Oglio;MN;Lombardia;4445
1249;Cannobio;VB;Piemonte;5012
1250;Cannole;LE;Puglia;1568
1251;Canolo;RC;Calabria;684
1252;Canonica d'Adda;BG;Lombardia;4293
1253;Canosa di Puglia;BT;Puglia;27275
1254;Canosa Sannita;CH;Abruzzo;1207
1255;Canosio;CN;Piemonte;76
1256;Canossa;RE;Emilia Romagna;3796
1257;Cansano;AQ;Abruzzo;216
1258;Cantagallo;PO;Toscana;3088
1259;Cantalice;RI;Lazio;2386
1260;Cantalupa;TO;Piemonte;2581
1261;Cantalupo in Sabina;RI;Lazio;1657
1262;Cantalupo Ligure;AL;Piemonte;431
1263;Cantalupo nel Sannio;IS;Molise;726
1264;Cantarana;AT;Piemonte;974
1265;Cantello;VA;Lombardia;4866
1266;Canterano;RM;Lazio;343
1267;Cantiano;PU;Marche;1962
1268;Cantoira;TO;Piemonte;645
1269;Cant?;CO;Lombardia;
1270;Canzano;TE;Abruzzo;1736
1271;Canzo;CO;Lombardia;5223
1272;Caorle;VE;Veneto;10978
1273;Caorso;PC;Emilia Romagna;4797
1274;Capaccio;SA;Campania;
1275;Capaci;PA;Sicilia;11482
1276;Capalbio;GR;Toscana;3660
1277;Capannoli;PI;Toscana;6339
1278;Capannori;LU;Toscana;46739
1279;Capena;RM;Lazio;11071
1280;Capergnanica;CR;Lombardia;2150
1281;Capestrano;AQ;Abruzzo;811
1282;Capiago Intimiano;CO;Lombardia;5433
1283;Capistrano;VV;Calabria;931
1284;Capistrello;AQ;Abruzzo;4596
1285;Capitignano;AQ;Abruzzo;602
1286;Capizzi;ME;Sicilia;2707
1287;Capizzone;BG;Lombardia;1235
1288;Capo d'Orlando;ME;Sicilia;13065
1289;Capo di Ponte;BS;Lombardia;2293
1290;Capodimonte;VT;Lazio;1647
1291;Capodrise;CE;Campania;10003
1292;Capoliveri;LI;Toscana;3970
1293;Capolona;AR;Toscana;5203
1294;Caponago;MI;Lombardia;5050
1295;Caporciano;AQ;Abruzzo;201
1296;Caposele;AV;Campania;3185
1297;Capoterra;CA;Sardegna;23015
1298;Capovalle;BS;Lombardia;332
1299;Cappadocia;AQ;Abruzzo;588
1300;Cappella Cantone;CR;Lombardia;538
1301;Cappella De' Picenardi;CR;Lombardia;422
1302;Cappella Maggiore;TV;Veneto;4662
1303;Cappelle sul Tavo;PE;Abruzzo;4106
1304;Capracotta;IS;Molise;742
1305;Capraia e Limite;FI;Toscana;7804
1306;Capraia Isola;LI;Toscana;347
1307;Capralba;CR;Lombardia;2293
1308;Capranica;VT;Lazio;6351
1309;Capranica Prenestina;RM;Lazio;310
1310;Caprarica di Lecce;LE;Puglia;2243
1311;Caprarola;VT;Lazio;5160
1312;Caprauna;CN;Piemonte;78
1313;Caprese Michelangelo;AR;Toscana;1325
1314;Caprezzo;VB;Piemonte;175
1315;Capri;;Campania;6705
1316;Capri Leone;ME;Sicilia;4401
1317;Capriana;TN;Trentino Alto Adige;598
1318;Capriano del Colle;BS;Lombardia;4917
1319;Capriata d'Orba;AL;Piemonte;1776
1320;Capriate San Gervasio;BG;Lombardia;8316
1321;Capriati a Volturno;CE;Campania;1381
1322;Caprie;TO;Piemonte;2014
1323;Capriglia Irpina;AV;Campania;2184
1324;Capriglio;AT;Piemonte;295
1325;Caprile;BI;Piemonte;191
1326;Caprino Bergamasco;BG;Lombardia;3087
1327;Caprino Veronese;VR;Veneto;8775
1328;Capriolo;BS;Lombardia;9405
1329;Capriva del Friuli;GO;Friuli Venezia Giulia;1566
1330;Capua;CE;Campania;18017
1331;Capurso;BA;Puglia;15107
1332;Caraffa del Bianco;RC;Calabria;429
1333;Caraffa di Catanzaro;CZ;Calabria;1682
1334;Caraglio;CN;Piemonte;6842
1335;Caramagna Piemonte;CN;Piemonte;3013
1336;Caramanico Terme;PE;Abruzzo;1703
1337;Carano;TN;Trentino Alto Adige;
1338;Carapelle;FG;Puglia;6868
1339;Carapelle Calvisio;AQ;Abruzzo;68
1340;Carasco;GE;Liguria;3707
1341;Carassai;AP;Marche;1042
1342;Carate Brianza;MB;Lombardia;18054
1343;Carate Urio;CO;Lombardia;1090
1344;Caravaggio;BG;Lombardia;16513
1345;Caravate;VA;Lombardia;2532
1346;Caravino;TO;Piemonte;891
1347;Caravonica;IM;Liguria;257
1348;Carbognano;VT;Lazio;1951
1349;Carbonara al Ticino;PV;Lombardia;1418
1350;Carbonara di Nola;;Campania;2463
1351;Carbonara di Po;MN;Lombardia;
1352;Carbonara Scrivia;AL;Piemonte;1114
1353;Carbonate;CO;Lombardia;2977
1354;Carbone;PZ;Basilicata;475
1355;Carbonera;TV;Veneto;11239
1356;Carbonia;CI;Sardegna;25353
1357;Carcare;SV;Liguria;5209
1358;Carceri;PD;Veneto;
1359;Carcoforo;VC;Piemonte;78
1360;Cardano al Campo;VA;Lombardia;14771
1361;Card?;CN;Piemonte;
1362;Cardedu;OG;Sardegna;2002
1363;Cardeto;RC;Calabria;1237
1364;Cardinale;CZ;Calabria;1713
1365;Cardito;;Campania;21434
1366;Careggine;LU;Toscana;487
1367;Carema;TO;Piemonte;697
1368;Carenno;LC;Lombardia;1390
1369;Carentino;AL;Piemonte;311
1370;Careri;RC;Calabria;2049
1371;Caresana;VC;Piemonte;995
1372;Caresanablot;VC;Piemonte;1110
1373;Carezzano;AL;Piemonte;437
1374;Carfizzi;KR;Calabria;534
1375;Cargeghe;SS;Sardegna;590
1376;Cariati;CS;Calabria;7582
1377;Carife;AV;Campania;1242
1378;Carignano;TO;Piemonte;9250
1379;Carimate;CO;Lombardia;4374
1380;Carinaro;CE;Campania;7182
1381;Carini;PA;Sicilia;41134
1382;Carinola;CE;Campania;7042
1383;Carisio;VC;Piemonte;744
1384;Carisolo;TN;Trentino Alto Adige;895
1385;Carlantino;FG;Puglia;746
1386;Carlazzo;CO;Lombardia;3146
1387;Carlentini;SR;Sicilia;16883
1388;Carlino;UD;Friuli Venezia Giulia;2606
1389;Carloforte;CI;Sardegna;5851
1390;Carlopoli;CZ;Calabria;1303
1391;Carmagnola;TO;Piemonte;27971
1392;Carmiano;LE;Puglia;11646
1393;Carmignano;PO;Toscana;14500
1394;Carmignano di Brenta;PD;Veneto;7546
1395;Carnago;VA;Lombardia;6610
1396;Carnate;MB;Lombardia;7992
1397;Carobbio degli Angeli;BG;Lombardia;4912
1398;Carolei;CS;Calabria;3027
1399;Carona;BG;Lombardia;282
1400;Caronia;ME;Sicilia;2917
1401;Caronno Pertusella;VA;Lombardia;18556
1402;Caronno Varesino;VA;Lombardia;4800
1403;Carosino;TA;Puglia;6380
1404;Carovigno;BR;Puglia;17093
1405;Carovilli;IS;Molise;1240
1406;Carpaneto Piacentino;PC;Emilia Romagna;7775
1407;Carpanzano;CS;Calabria;185
1408;Carpasio;IM;Liguria;
1409;Carpegna;PU;Marche;1674
1410;Carpenedolo;BS;Lombardia;13050
1411;Carpeneto;AL;Piemonte;848
1412;Carpi;MO;Emilia Romagna;74041
1413;Carpiano;MI;Lombardia;4119
1414;Carpignano Salentino;LE;Puglia;3615
1415;Carpignano Sesia;NO;Piemonte;2457
1416;Carpineti;RE;Emilia Romagna;3905
1417;Carpineto della Nora;PE;Abruzzo;498
1418;Carpineto Romano;RM;Lazio;3911
1419;Carpineto Sinello;CH;Abruzzo;486
1420;Carpino;FG;Puglia;3698
1421;Carpinone;IS;Molise;980
1422;Carrara;MS;Toscana;59723
1423;Carr?;VI;Veneto;
1424;Carrega Ligure;AL;Piemonte;76
1425;Carro;SP;Liguria;489
1426;Carrodano;SP;Liguria;459
1427;Carrosio;AL;Piemonte;519
1428;Carr?;CN;Piemonte;
1429;Carsoli;AQ;Abruzzo;4952
1430;Cartigliano;VI;Veneto;3637
1431;Cartignano;CN;Piemonte;161
1432;Cartoceto;PU;Marche;7955
1433;Cartosio;AL;Piemonte;711
1434;Cartura;PD;Veneto;4564
1435;Carugate;MI;Lombardia;15763
1436;Carugo;CO;Lombardia;6658
1437;Carunchio;CH;Abruzzo;535
1438;Carvico;BG;Lombardia;4700
1439;Carzano;TN;Trentino Alto Adige;518
1440;Casabona;KR;Calabria;2163
1441;Casacalenda;CB;Molise;1824
1442;Casacanditella;CH;Abruzzo;1172
1443;Casagiove;CE;Campania;12833
1444;Casal Cermelli;AL;Piemonte;1189
1445;Casal di Principe;CE;Campania;22004
1446;Casal Velino;SA;Campania;5368
1447;Casalanguida;CH;Abruzzo;789
1448;Casalattico;FR;Lazio;515
1449;Casalbeltrame;NO;Piemonte;1047
1450;Casalbordino;CH;Abruzzo;5591
1451;Casalbore;AV;Campania;1514
1452;Casalborgone;TO;Piemonte;1865
1453;Casalbuono;SA;Campania;1013
1454;Casalbuttano ed Uniti;CR;Lombardia;3796
1455;Casalciprano;CB;Molise;424
1456;Casalduni;BN;Campania;1176
1457;Casale Corte Cerro;VB;Piemonte;3278
1458;Casale Cremasco-Vidolasco;CR;Lombardia;1815
1459;Casale di Scodosia;PD;Veneto;4637
1460;Casale Litta;VA;Lombardia;2775
1461;Casale Marittimo;PI;Toscana;1047
1462;Casale Monferrato;AL;Piemonte;32461
1463;Casale sul Sile;TV;Veneto;13067
1464;Casalecchio di Reno;BO;Emilia Romagna;35359
1465;Casaleggio Boiro;AL;Piemonte;335
1466;Casaleggio Novara;NO;Piemonte;917
1467;Casaleone;VR;Veneto;5672
1468;Casaletto Ceredano;CR;Lombardia;1171
1469;Casaletto di Sopra;CR;Lombardia;527
1470;Casaletto Lodigiano;LO;Lombardia;3019
1471;Casaletto Spartano;SA;Campania;1222
1472;Casaletto Vaprio;CR;Lombardia;1778
1473;Casalfiumanese;BO;Emilia Romagna;3361
1474;Casalgrande;RE;Emilia Romagna;19039
1475;Casalgrasso;CN;Piemonte;1458
1476;Casalincontrada;CH;Abruzzo;2960
1477;Casalino;NO;Piemonte;1586
1478;Casalmaggiore;CR;Lombardia;15114
1479;Casalmaiocco;LO;Lombardia;3218
1480;Casalmorano;CR;Lombardia;1727
1481;Casalmoro;MN;Lombardia;2216
1482;Casalnoceto;AL;Piemonte;945
1483;Casalnuovo di Napoli;;Campania;46663
1484;Casalnuovo Monterotaro;FG;Puglia;1402
1485;Casaloldo;MN;Lombardia;2624
1486;Casalpusterlengo;LO;Lombardia;16069
1487;Casalromano;MN;Lombardia;1498
1488;Casalserugo;PD;Veneto;5293
1489;Casaluce;CE;Campania;9396
1490;Casalvecchio di Puglia;FG;Puglia;1620
1491;Casalvecchio Siculo;ME;Sicilia;675
1492;Casalvieri;FR;Lazio;2385
1493;Casalvolone;NO;Piemonte;888
1494;Casalzuigno;VA;Lombardia;1409
1495;Casamarciano;;Campania;2990
1496;Casamassima;BA;Puglia;19093
1497;Casamicciola Terme;;Campania;7361
1498;Casandrino;;Campania;13055
1499;Casanova Elvo;VC;Piemonte;220
1500;Casanova Lerrone;SV;Liguria;738
1501;Casanova Lonati;PV;Lombardia;452
1502;Casape;RM;Lazio;610
1503;Casapesenna;CE;Campania;7427
1504;Casapinta;BI;Piemonte;365
1505;Casaprota;RI;Lazio;678
1506;Casapulla;CE;Campania;8264
1507;Casarano;LE;Puglia;18940
1508;Casargo;LC;Lombardia;833
1509;Casarile;MI;Lombardia;3929
1510;Casarsa della Delizia;PN;Friuli Venezia Giulia;8314
1511;Casarza Ligure;GE;Liguria;6729
1512;Casasco;AL;Piemonte;134
1513;Casasco d'Intelvi;CO;Lombardia;
1514;Casatenovo;LC;Lombardia;13234
1515;Casatisma;PV;Lombardia;855
1516;Casavatore;;Campania;18244
1517;Casazza;BG;Lombardia;3843
1518;Cascia;PG;Umbria;2930
1519;Casciago;VA;Lombardia;3549
1520;Casciana Terme;PI;Toscana;
1521;Cascina;PI;Toscana;44816
1522;Cascinette d'Ivrea;TO;Piemonte;1503
1523;Casei Gerola;PV;Lombardia;2307
1524;Caselette;TO;Piemonte;3024
1525;Casella;GE;Liguria;3049
1526;Caselle in Pittari;SA;Campania;1860
1527;Caselle Landi;LO;Lombardia;1431
1528;Caselle Lurani;LO;Lombardia;3071
1529;Caselle Torinese;TO;Piemonte;13738
1530;Caserta;CE;Campania;72757
1531;Casier;TV;Veneto;11425
1532;Casignana;RC;Calabria;680
1533;Casina;RE;Emilia Romagna;4619
1534;Casirate d'Adda;BG;Lombardia;4139
1535;Caslino d'Erba;CO;Lombardia;1670
1536;Casnate con Bernate;CO;Lombardia;5033
1537;Casnigo;BG;Lombardia;3005
1538;Casola di Napoli;;Campania;3598
1539;Casola in Lunigiana;MS;Toscana;901
1540;Casola Valsenio;RA;Emilia Romagna;2489
1541;Casole Bruzio;CS;Calabria;
1542;Casole d'Elsa;SI;Toscana;3669
1543;Casoli;CH;Abruzzo;5033
1544;Casorate Primo;PV;Lombardia;9190
1545;Casorate Sempione;VA;Lombardia;5631
1546;Casorezzo;MI;Lombardia;5721
1547;Casoria;;Campania;73257
1548;Casorzo;AT;Piemonte;
1549;Casperia;RI;Lazio;1215
1550;Caspoggio;SO;Lombardia;1316
1551;Cassacco;UD;Friuli Venezia Giulia;2787
1552;Cassago Brianza;LC;Lombardia;4395
1553;Cassano allo Ionio;CS;Calabria;
1554;Cassano d'Adda;MI;Lombardia;19980
1555;Cassano delle Murge;BA;Puglia;15282
1556;Cassano Irpino;AV;Campania;959
1557;Cassano Magnago;VA;Lombardia;21431
1558;Cassano Spinola;AL;Piemonte;1796
1559;Cassano Valcuvia;VA;Lombardia;647
1560;Cassaro;SR;Sicilia;721
1561;Cassiglio;BG;Lombardia;105
1562;Cassina de' Pecchi;MI;Lombardia;13955
1563;Cassina Rizzardi;CO;Lombardia;3263
1564;Cassina Valsassina;LC;Lombardia;549
1565;Cassinasco;AT;Piemonte;559
1566;Cassine;AL;Piemonte;2811
1567;Cassinelle;AL;Piemonte;845
1568;Cassinetta di Lugagnano;MI;Lombardia;1967
1569;Cassino;FR;Lazio;34760
1570;Cassola;VI;Veneto;15415
1571;Cassolnovo;PV;Lombardia;6747
1572;Castagnaro;VR;Veneto;3497
1573;Castagneto Carducci;LI;Toscana;8639
1574;Castagneto Po;TO;Piemonte;1748
1575;Castagnito;CN;Piemonte;2294
1576;Castagnole delle Lanze;AT;Piemonte;3660
1577;Castagnole Monferrato;AT;Piemonte;1129
1578;Castagnole Piemonte;TO;Piemonte;2168
1579;Castana;PV;Lombardia;707
1580;Castano Primo;MI;Lombardia;10931
1581;Casteggio;PV;Lombardia;6363
1582;Castegnato;BS;Lombardia;8457
1583;Castegnero;VI;Veneto;2801
1584;Castel Baronia;AV;Campania;1047
1585;Castel Boglione;AT;Piemonte;591
1586;Castel Bolognese;RA;Emilia Romagna;9484
1587;Castel Campagnano;CE;Campania;1415
1588;Castel Castagna;TE;Abruzzo;400
1589;Castel Colonna;AN;Marche;
1590;Castel Condino;TN;Trentino Alto Adige;211
1591;Castel d'Aiano;BO;Emilia Romagna;1969
1592;Castel d'Ario;MN;Lombardia;4663
1593;Castel d'Azzano;VR;Veneto;12333
1594;Castel del Giudice;IS;Molise;306
1595;Castel del Monte;AQ;Abruzzo;379
1596;Castel del Piano;GR;Toscana;4803
1597;Castel del Rio;BO;Emilia Romagna;1224
1598;Castel di Casio;BO;Emilia Romagna;3348
1599;Castel di Ieri;AQ;Abruzzo;273
1600;Castel di Iudica;CT;Sicilia;4163
1601;Castel di Lama;AP;Marche;8412
1602;Castel di Lucio;ME;Sicilia;1355
1603;Castel di Sangro;AQ;Abruzzo;6590
1604;Castel di Sasso;CE;Campania;995
1605;Castel di Tora;RI;Lazio;271
1606;Castel Focognano;AR;Toscana;2931
1607;Castel Frentano;CH;Abruzzo;4181
1608;Castel Gabbiano;CR;Lombardia;542
1609;Castel Gandolfo;RM;Lazio;8536
1610;Castel Giorgio;TR;Umbria;1992
1611;Castel Goffredo;MN;Lombardia;12732
1612;Castel Guelfo di Bologna;BO;Emilia Romagna;4473
1613;Castel Madama;RM;Lazio;7022
1614;Castel Maggiore;BO;Emilia Romagna;18479
1615;Castel Mella;BS;Lombardia;10961
1616;Castel Morrone;CE;Campania;3574
1617;Castel Ritaldi;PG;Umbria;2994
1618;Castel Rocchero;AT;Piemonte;356
1619;Castel Rozzone;BG;Lombardia;2855
1620;Castel San Giorgio;SA;Campania;13758
1621;Castel San Giovanni;PC;Emilia Romagna;14402
1622;Castel San Lorenzo;SA;Campania;2182
1623;Castel San Niccol?;AR;Toscana;
1624;Castel San Pietro Romano;RM;Lazio;838
1625;Castel San Pietro Terme;BO;Emilia Romagna;20702
1626;Castel San Vincenzo;IS;Molise;418
1627;Castel Sant'Angelo;RI;Lazio;1156
1628;Castel Sant'Elia;VT;Lazio;2411
1629;Castel Viscardo;TR;Umbria;2640
1630;Castel Vittorio;IM;Liguria;237
1631;Castel Volturno;CE;Campania;31230
1632;Castelbaldo;PD;Veneto;1443
1633;Castelbelforte;MN;Lombardia;3381
1634;Castelbellino;AN;Marche;4905
1635;Castelbello Ciardes;BZ;Trentino Alto Adige;
1636;Castelbianco;SV;Liguria;319
1637;Castelbottaccio;CB;Molise;223
1638;Castelbuono;PA;Sicilia;7871
1639;Castelcivita;SA;Campania;1370
1640;Castelcovati;BS;Lombardia;7087
1641;Castelcucco;TV;Veneto;2317
1642;Casteldaccia;PA;Sicilia;11778
1643;Casteldelci;PU;Marche;349
1644;Casteldelfino;CN;Piemonte;143
1645;Casteldidone;CR;Lombardia;542
1646;Castelfidardo;AN;Marche;18333
1647;Castelfiorentino;FI;Toscana;17488
1648;Castelfondo;TN;Trentino Alto Adige;
1649;Castelforte;LT;Lazio;4010
1650;Castelfranci;AV;Campania;1666
1651;Castelfranco di Sopra;AR;Toscana;
1652;Castelfranco di Sotto;PI;Toscana;13752
1653;Castelfranco Emilia;MO;Emilia Romagna;33625
1654;Castelfranco in Miscano;BN;Campania;761
1655;Castelfranco Veneto;TV;Veneto;33241
1656;Castelgomberto;VI;Veneto;6145
1657;Castelgrande;PZ;Basilicata;783
1658;Castelguglielmo;RO;Veneto;1510
1659;Castelguidone;CH;Abruzzo;270
1660;Castell'Alfero;AT;Piemonte;2588
1661;Castell'Arquato;PC;Emilia Romagna;4712
1662;Castell'Azzara;GR;Toscana;1254
1663;Castell'Umberto;ME;Sicilia;2731
1664;Castellabate;SA;Campania;8672
1665;Castellafiume;AQ;Abruzzo;1077
1666;Castellalto;TE;Abruzzo;7234
1667;Castellammare del Golfo;TP;Sicilia;14635
1668;Castellammare di Stabia;;Campania;61937
1669;Castellamonte;TO;Piemonte;9839
1670;Castellana Grotte;BA;Puglia;19702
1671;Castellana Sicula;PA;Sicilia;2885
1672;Castellaneta;TA;Puglia;15798
1673;Castellania;AL;Piemonte;
1674;Castellanza;VA;Lombardia;13890
1675;Castellar;CN;Piemonte;
1676;Castellar Guidobono;AL;Piemonte;429
1677;Castellarano;RE;Emilia Romagna;15160
1678;Castellaro;IM;Liguria;1209
1679;Castellavazzo;BL;Veneto;
1680;Castellazzo Bormida;AL;Piemonte;4519
1681;Castellazzo Novarese;NO;Piemonte;331
1682;Castelleone;CR;Lombardia;9340
1683;Castelleone di Suasa;AN;Marche;1542
1684;Castellero;AT;Piemonte;281
1685;Castelletto Cervo;BI;Piemonte;758
1686;Castelletto d'Erro;AL;Piemonte;115
1687;Castelletto d'Orba;AL;Piemonte;1811
1688;Castelletto di Branduzzo;PV;Lombardia;1056
1689;Castelletto Merli;AL;Piemonte;445
1690;Castelletto Molina;AT;Piemonte;137
1691;Castelletto Monferrato;AL;Piemonte;1439
1692;Castelletto Sopra Ticino;NO;Piemonte;9834
1693;Castelletto Stura;CN;Piemonte;1377
1694;Castelletto Uzzone;CN;Piemonte;277
1695;Castelli;TE;Abruzzo;907
1696;Castelli Calepio;BG;Lombardia;10484
1697;Castellina in Chianti;SI;Toscana;2591
1698;Castellina Marittima;PI;Toscana;1948
1699;Castellinaldo;CN;Piemonte;
1700;Castellino del Biferno;CB;Molise;417
1701;Castellino Tanaro;CN;Piemonte;273
1702;Castelliri;FR;Lazio;3089
1703;Castello Cabiaglio;VA;Lombardia;550
1704;Castello d'Agogna;PV;Lombardia;1079
1705;Castello d'Argile;BO;Emilia Romagna;6694
1706;Castello del Matese;CE;Campania;1322
1707;Castello dell'Acqua;SO;Lombardia;607
1708;Castello di Annone;AT;Piemonte;1827
1709;Castello di Brianza;LC;Lombardia;2633
1710;Castello di Cisterna;;Campania;7855
1711;Castello di Godego;TV;Veneto;6898
1712;Castello di Serravalle;BO;Emilia Romagna;
1713;Castello Tesino;TN;Trentino Alto Adige;1157
1714;Castello-Molina di Fiemme;TN;Trentino Alto Adige;2327
1715;Castellucchio;MN;Lombardia;5161
1716;Castelluccio dei Sauri;FG;Puglia;1958
1717;Castelluccio Inferiore;PZ;Basilicata;1854
1718;Castelluccio Superiore;PZ;Basilicata;703
1719;Castelluccio Valmaggiore;FG;Puglia;1177
1720;Castelmagno;CN;Piemonte;51
1721;Castelmarte;CO;Lombardia;1267
1722;Castelmassa;RO;Veneto;4026
1723;Castelmauro;CB;Molise;1075
1724;Castelmezzano;PZ;Basilicata;684
1725;Castelmola;ME;Sicilia;1071
1726;Castelnovetto;PV;Lombardia;546
1727;Castelnovo Bariano;RO;Veneto;2588
1728;Castelnovo del Friuli;PN;Friuli Venezia Giulia;800
1729;Castelnovo di Sotto;RE;Emilia Romagna;8707
1730;Castelnovo ne' Monti;RE;Emilia Romagna;10407
1731;Castelnuovo;TN;Trentino Alto Adige;1088
1732;Castelnuovo Belbo;AT;Piemonte;815
1733;Castelnuovo Berardenga;SI;Toscana;8764
1734;Castelnuovo Bocca d'Adda;LO;Lombardia;1544
1735;Castelnuovo Bormida;AL;Piemonte;636
1736;Castelnuovo Bozzente;CO;Lombardia;916
1737;Castelnuovo Calcea;AT;Piemonte;680
1738;Castelnuovo Cilento;SA;Campania;2849
1739;Castelnuovo del Garda;VR;Veneto;13306
1740;Castelnuovo della Daunia;FG;Puglia;1218
1741;Castelnuovo di Ceva;CN;Piemonte;102
1742;Castelnuovo di Conza;SA;Campania;557
1743;Castelnuovo di Farfa;RI;Lazio;987
1744;Castelnuovo di Garfagnana;LU;Toscana;5605
1745;Castelnuovo di Porto;RM;Lazio;8610
1746;Castelnuovo di Val di Cecina;PI;Toscana;2055
1747;Castelnuovo Don Bosco;AT;Piemonte;3095
1748;Castelnuovo Magra;SP;Liguria;8236
1749;Castelnuovo Nigra;TO;Piemonte;417
1750;Castelnuovo Parano;FR;Lazio;827
1751;Castelnuovo Rangone;MO;Emilia Romagna;15116
1752;Castelnuovo Scrivia;AL;Piemonte;4807
1753;Castelpagano;BN;Campania;1317
1754;Castelpetroso;IS;Molise;1496
1755;Castelpizzuto;IS;Molise;135
1756;Castelplanio;AN;Marche;3612
1757;Castelpoto;BN;Campania;1093
1758;Castelraimondo;MC;Marche;4180
1759;Castelrotto;BZ;Trentino Alto Adige;
1760;Castelsantangelo sul Nera;MC;Marche;207
1761;Castelsaraceno;PZ;Basilicata;1112
1762;Castelsardo;SS;Sardegna;5624
1763;Castelseprio;VA;Lombardia;1330
1764;Castelsilano;KR;Calabria;902
1765;Castelspina;AL;Piemonte;391
1766;Casteltermini;AG;Sicilia;7035
1767;Castelveccana;VA;Lombardia;1855
1768;Castelvecchio Calvisio;AQ;Abruzzo;125
1769;Castelvecchio di Rocca Barbena;SV;Liguria;133
1770;Castelvecchio Subequo;AQ;Abruzzo;803
1771;Castelvenere;BN;Campania;2367
1772;Castelverde;CR;Lombardia;5699
1773;Castelverrino;IS;Molise;87
1774;Castelvetere in Val Fortore;BN;Campania;915
1775;Castelvetere sul Calore;AV;Campania;1454
1776;Castelvetrano;TP;Sicilia;29357
1777;Castelvetro di Modena;MO;Emilia Romagna;10960
1778;Castelvetro Piacentino;PC;Emilia Romagna;5430
1779;Castelvisconti;CR;Lombardia;306
1780;Castenaso;BO;Emilia Romagna;16670
1781;Castenedolo;BS;Lombardia;11643
1782;Castiadas;CA;Sardegna;1740
1783;Castiglion Fibocchi;AR;Toscana;2122
1784;Castiglion Fiorentino;AR;Toscana;12823
1785;Castiglione a Casauria;PE;Abruzzo;723
1786;Castiglione Chiavarese;GE;Liguria;1531
1787;Castiglione Cosentino;CS;Calabria;2731
1788;Castiglione d'Adda;LO;Lombardia;4524
1789;Castiglione d'Intelvi;CO;Lombardia;
1790;Castiglione d'Orcia;SI;Toscana;2046
1791;Castiglione dei Pepoli;BO;Emilia Romagna;5499
1792;Castiglione del Genovesi;SA;Campania;1280
1793;Castiglione del Lago;PG;Umbria;15202
1794;Castiglione della Pescaia;GR;Toscana;7056
1795;Castiglione delle Stiviere;MN;Lombardia;23950
1796;Castiglione di Garfagnana;LU;Toscana;1685
1797;Castiglione di Sicilia;CT;Sicilia;2832
1798;Castiglione Falletto;CN;Piemonte;655
1799;Castiglione in Teverina;VT;Lazio;2289
1800;Castiglione Messer Marino;CH;Abruzzo;1398
1801;Castiglione Messer Raimondo;TE;Abruzzo;1961
1802;Castiglione Olona;VA;Lombardia;7454
1803;Castiglione Tinella;CN;Piemonte;746
1804;Castiglione Torinese;TO;Piemonte;6519
1805;Castignano;AP;Marche;2511
1806;Castilenti;TE;Abruzzo;1307
1807;Castino;CN;Piemonte;431
1808;Castione Andevenno;SO;Lombardia;1572
1809;Castione della Presolana;BG;Lombardia;3381
1810;Castions di Strada;UD;Friuli Venezia Giulia;3682
1811;Castiraga Vidardo;LO;Lombardia;3048
1812;Casto;BS;Lombardia;1613
1813;Castorano;AP;Marche;2274
1814;Castrezzato;BS;Lombardia;7984
1815;Castri di Lecce;LE;Puglia;2694
1816;Castrignano de' Greci;LE;Puglia;3632
1817;Castrignano del Capo;LE;Puglia;5055
1818;Castro;LE;Puglia;1191
1818;Castro;LE;Puglia;2274
1819;Castro;BG;Lombardia;1191
1819;Castro;BG;Lombardia;2274
1820;Castro Dei Volsci;FR;Lazio;4337
1821;Castrocaro Terme e Terra del Sole;FC;Emilia Romagna;6530
1822;Castrocielo;FR;Lazio;3727
1823;Castrofilippo;AG;Sicilia;2557
1824;Castrolibero;CS;Calabria;9074
1825;Castronno;VA;Lombardia;5035
1826;Castronovo di Sicilia;PA;Sicilia;2729
1827;Castronuovo di Sant'Andrea;PZ;Basilicata;833
1828;Castropignano;CB;Molise;839
1829;Castroreale;ME;Sicilia;2231
1830;Castroregio;CS;Calabria;208
1831;Castrovillari;CS;Calabria;20431
1832;Catania;CT;Sicilia;296984
1833;Catanzaro;CZ;Calabria;82708
1834;Catenanuova;EN;Sicilia;4458
1835;Catignano;PE;Abruzzo;1232
1836;Cattolica;RN;Emilia Romagna;16614
1837;Cattolica Eraclea;AG;Sicilia;3232
1838;Caulonia;RC;Calabria;6649
1839;Cautano;BN;Campania;1850
1840;Cava de' Tirreni;SA;Campania;49330
1841;Cava Manara;PV;Lombardia;6684
1842;Cavacurta;LO;Lombardia;
1843;Cavagli?;BI;Piemonte;
1844;Cavaglietto;NO;Piemonte;387
1845;Cavaglio d'Agogna;NO;Piemonte;1143
1846;Cavaglio-Spoccia;VB;Piemonte;
1847;Cavagnolo;TO;Piemonte;2357
1848;Cavaion Veronese;VR;Veneto;5995
1849;Cavalese;TN;Trentino Alto Adige;4026
1850;Cavallasca;CO;Lombardia;
1851;Cavallerleone;CN;Piemonte;664
1852;Cavallermaggiore;CN;Piemonte;5329
1853;Cavallino;LE;Puglia;12993
1854;Cavallino-Treporti;VE;Veneto;13105
1855;Cavallirio;NO;Piemonte;1290
1856;Cavareno;TN;Trentino Alto Adige;1155
1857;Cavargna;CO;Lombardia;171
1858;Cavaria con Premezzo;VA;Lombardia;5769
1859;Cavarzere;VE;Veneto;12730
1860;Cavaso del Tomba;TV;Veneto;2941
1861;Cavasso Nuovo;PN;Friuli Venezia Giulia;1463
1862;Cavatore;AL;Piemonte;248
1863;Cavazzo Carnico;UD;Friuli Venezia Giulia;959
1864;Cave;RM;Lazio;10935
1865;Cavedago;TN;Trentino Alto Adige;609
1866;Cavedine;TN;Trentino Alto Adige;3103
1867;Cavenago d'Adda;LO;Lombardia;2128
1868;Cavenago di Brianza;MB;Lombardia;7590
1869;Cavernago;BG;Lombardia;2974
1870;Cavezzo;MO;Emilia Romagna;7236
1871;Cavizzana;TN;Trentino Alto Adige;231
1872;Cavour;TO;Piemonte;5373
1873;Cavriago;RE;Emilia Romagna;9947
1874;Cavriana;MN;Lombardia;3654
1875;Cavriglia;AR;Toscana;9504
1876;Cazzago Brabbia;VA;Lombardia;779
1877;Cazzago San Martino;BS;Lombardia;10784
1878;Cazzano di Tramigna;VR;Veneto;1466
1879;Cazzano Sant'Andrea;BG;Lombardia;1694
1880;Ceccano;FR;Lazio;21962
1881;Cecima;PV;Lombardia;254
1882;Cecina;LI;Toscana;28022
1883;Cedegolo;BS;Lombardia;1129
1884;Cedrasco;SO;Lombardia;423
1885;Cefal? Diana;PA;Sicilia;
1886;Cefal?;PA;Sicilia;
1887;Ceggia;VE;Veneto;6250
1888;Ceglie Messapica;BR;Puglia;18363
1889;Celano;AQ;Abruzzo;10121
1890;Celenza sul Trigno;CH;Abruzzo;758
1891;Celenza Valfortore;FG;Puglia;1267
1892;Celico;CS;Calabria;2421
1893;Cella Dati;CR;Lombardia;514
1894;Cella Monte;AL;Piemonte;446
1895;Cellamare;BA;Puglia;5761
1896;Cellara;CS;Calabria;473
1897;Cellarengo;AT;Piemonte;731
1898;Cellatica;BS;Lombardia;4815
1899;Celle di Bulgheria;SA;Campania;1677
1900;Celle di Macra;CN;Piemonte;83
1901;Celle di San Vito;FG;Puglia;143
1902;Celle Enomondo;AT;Piemonte;430
1903;Celle Ligure;SV;Liguria;4825
1904;Celleno;VT;Lazio;1315
1905;Cellere;VT;Lazio;1087
1906;Cellino Attanasio;TE;Abruzzo;2184
1907;Cellino San Marco;BR;Puglia;5889
1908;Cellio;VC;Piemonte;
1909;Cellole;CE;Campania;8292
1910;Cembra;TN;Trentino Alto Adige;
1911;Cenadi;CZ;Calabria;502
1912;Cenate Sopra;BG;Lombardia;2551
1913;Cenate Sotto;BG;Lombardia;4001
1914;Cencenighe Agordino;BL;Veneto;1202
1915;Cene;BG;Lombardia;4044
1916;Ceneselli;RO;Veneto;1573
1917;Cengio;SV;Liguria;3505
1918;Centa San Nicol?;TN;Trentino Alto Adige;
1919;Centallo;CN;Piemonte;6985
1920;Cento;FE;Emilia Romagna;35836
1921;Centola;SA;Campania;5020
1922;Centrache;CZ;Calabria;353
1923;Centuripe;EN;Sicilia;4981
1924;Cepagatti;PE;Abruzzo;11030
1925;Ceppaloni;BN;Campania;3181
1926;Ceppo Morelli;VB;Piemonte;285
1927;Ceprano;FR;Lazio;7940
1928;Cerami;EN;Sicilia;1867
1929;Ceranesi;GE;Liguria;3584
1930;Cerano;NO;Piemonte;6995
1931;Cerano d'Intelvi;CO;Lombardia;593
1932;Ceranova;PV;Lombardia;2363
1933;Ceraso;SA;Campania;2195
1934;Cercemaggiore;CB;Molise;3529
1935;Cercenasco;TO;Piemonte;1760
1936;Cercepiccola;CB;Molise;660
1937;Cerchiara di Calabria;CS;Calabria;2074
1938;Cerchio;AQ;Abruzzo;1542
1939;Cercino;SO;Lombardia;806
1940;Cercivento;UD;Friuli Venezia Giulia;604
1941;Cercola;;Campania;16702
1942;Cerda;PA;Sicilia;4771
1943;Cerea;VR;Veneto;17304
1944;Ceregnano;RO;Veneto;3377
1945;Cerenzia;KR;Calabria;983
1946;Ceres;TO;Piemonte;957
1947;Ceresara;MN;Lombardia;2465
1948;Cereseto;AL;Piemonte;355
1949;Ceresole Alba;CN;Piemonte;1975
1950;Ceresole Reale;TO;Piemonte;139
1951;Cerete;BG;Lombardia;1643
1952;Ceretto Lomellina;PV;Lombardia;188
1953;Cergnago;PV;Lombardia;648
1954;Ceriale;SV;Liguria;5401
1955;Ceriana;IM;Liguria;1098
1956;Ceriano Laghetto;MB;Lombardia;6675
1957;Cerignale;PC;Emilia Romagna;109
1958;Cerignola;FG;Puglia;56711
1959;Cerisano;CS;Calabria;2909
1960;Cermenate;CO;Lombardia;9457
1961;Cermes;BZ;Trentino Alto Adige;
1962;Cermignano;TE;Abruzzo;1397
1963;Cernobbio;CO;Lombardia;6152
1964;Cernusco Lombardone;LC;Lombardia;3837
1965;Cernusco sul Naviglio;MI;Lombardia;34840
1966;Cerreto Castello;BI;Piemonte;
1967;Cerreto d'Asti;AT;Piemonte;217
1968;Cerreto d'Esi;AN;Marche;3333
1969;Cerreto di Spoleto;PG;Umbria;961
1970;Cerreto Grue;AL;Piemonte;293
1971;Cerreto Guidi;FI;Toscana;10659
1972;Cerretto Langhe;CN;Piemonte;387
1973;Cerreto Laziale;RM;Lazio;1075
1974;Cerreto Sannita;BN;Campania;3498
1975;Cerrina Monferrato;AL;Piemonte;1264
1976;Cerrione;BI;Piemonte;2750
1977;Cerro al Lambro;MI;Lombardia;5211
1978;Cerro al Volturno;IS;Molise;1103
1979;Cerro Maggiore;MI;Lombardia;15192
1980;Cerro Tanaro;AT;Piemonte;594
1981;Cerro Veronese;VR;Veneto;2698
1982;Cersosimo;PZ;Basilicata;496
1983;Certaldo;FI;Toscana;15731
1984;Certosa di Pavia;PV;Lombardia;5623
1985;Cerva;CZ;Calabria;1011
1986;Cervara di Roma;RM;Lazio;453
1987;Cervarese Santa Croce;PD;Veneto;5557
1988;Cervaro;FR;Lazio;7708
1989;Cervasca;CN;Piemonte;5190
1990;Cervatto;VC;Piemonte;47
1991;Cerveno;BS;Lombardia;707
1992;Cervere;CN;Piemonte;2280
1993;Cervesina;PV;Lombardia;1103
1994;Cerveteri;RM;Lazio;38206
1995;Cervia;RA;Emilia Romagna;29075
1996;Cervicati;CS;Calabria;767
1997;Cervignano d'Adda;LO;Lombardia;2247
1998;Cervignano del Friuli;UD;Friuli Venezia Giulia;13743
1999;Cervinara;AV;Campania;8718
2000;Cervino;CE;Campania;4719
2001;Cervo;IM;Liguria;1079
2002;Cerzeto;CS;Calabria;1208
2003;Cesa;CE;Campania;9848
2004;Cesana Brianza;LC;Lombardia;2327
2005;Cesana Torinese;TO;Piemonte;887
2006;Cesano Boscone;MI;Lombardia;23285
2007;Cesano Maderno;MB;Lombardia;40177
2008;Cesara;VB;Piemonte;666
2009;Cesar?;ME;Sicilia;
2010;Cesate;MI;Lombardia;14364
2011;Cesena;FC;Emilia Romagna;95620
2012;Cesenatico;FC;Emilia Romagna;26042
2013;Cesinali;AV;Campania;2512
2014;Cesio;IM;Liguria;247
2015;Cesiomaggiore;BL;Veneto;3954
2016;Cessalto;TV;Veneto;3835
2017;Cessaniti;VV;Calabria;2844
2018;Cessapalombo;MC;Marche;409
2019;Cessole;AT;Piemonte;327
2020;Cetara;SA;Campania;1886
2021;Ceto;BS;Lombardia;1775
2022;Cetona;SI;Toscana;2441
2023;Cetraro;CS;Calabria;9159
2024;Ceva;CN;Piemonte;5895
2025;Cevo;BS;Lombardia;771
2026;Challand-Saint-Anselme;AO;Valle d'Aosta;755
2027;Challand-Saint-Victor;AO;Valle d'Aosta;577
2028;Chambave;AO;Valle d'Aosta;880
2029;Chamois;AO;Valle d'Aosta;113
2030;Champdepraz;AO;Valle d'Aosta;702
2031;Champorcher;AO;Valle d'Aosta;360
2032;Charvensod;AO;Valle d'Aosta;2411
2033;Chatillon;AO;Valle d'Aosta;
2034;Cherasco;CN;Piemonte;9713
2035;Cheremule;SS;Sardegna;378
2036;Chialamberto;TO;Piemonte;336
2037;Chiampo;VI;Veneto;12566
2038;Chianche;AV;Campania;458
2039;Chianciano Terme;SI;Toscana;7143
2040;Chianni;PI;Toscana;1276
2041;Chianocco;TO;Piemonte;1494
2042;Chiaramonte Gulfi;RG;Sicilia;8045
2043;Chiaramonti;SS;Sardegna;1494
2044;Chiarano;TV;Veneto;3337
2045;Chiaravalle;AN;Marche;14179
2046;Chiaravalle Centrale;CZ;Calabria;5072
2047;Chiari;BS;Lombardia;19717
2048;Chiaromonte;PZ;Basilicata;1685
2049;Chiauci;IS;Molise;189
2050;Chiavari;GE;Liguria;27435
2051;Chiavenna;SO;Lombardia;7294
2052;Chiaverano;TO;Piemonte;1958
2053;Chienes;BZ;Trentino Alto Adige;
2054;Chieri;TO;Piemonte;35822
2055;Chies d'Alpago;BL;Veneto;1244
2056;Chiesa in Valmalenco;SO;Lombardia;2219
2057;Chiesanuova;TO;Piemonte;229
2058;Chiesina Uzzanese;PT;Toscana;4619
2059;Chieti;CH;Abruzzo;48368
2060;Chieuti;FG;Puglia;1467
2061;Chieve;CR;Lombardia;2270
2062;Chignolo d'Isola;BG;Lombardia;3383
2063;Chignolo Po;PV;Lombardia;4048
2064;Chioggia;VE;Veneto;46951
2065;Chiomonte;TO;Piemonte;838
2066;Chions;PN;Friuli Venezia Giulia;4991
2067;Chiopris-Viscone;UD;Friuli Venezia Giulia;707
2068;Chitignano;AR;Toscana;872
2069;Chiuduno;BG;Lombardia;6260
2070;Chiuppano;VI;Veneto;2560
2071;Chiuro;SO;Lombardia;2434
2072;Chiusa;BZ;Trentino Alto Adige;
2073;Chiusa di Pesio;CN;Piemonte;3716
2074;Chiusa di San Michele;TO;Piemonte;1524
2075;Chiusa Sclafani;PA;Sicilia;2378
2076;Chiusaforte;UD;Friuli Venezia Giulia;582
2077;Chiusanico;IM;Liguria;594
2078;Chiusano d'Asti;AT;Piemonte;242
2079;Chiusano di San Domenico;AV;Campania;2055
2080;Chiusavecchia;IM;Liguria;533
2081;Chiusdino;SI;Toscana;1704
2082;Chiusi;SI;Toscana;8052
2083;Chiusi della Verna;AR;Toscana;1892
2084;Chivasso;TO;Piemonte;26038
2085;Ciampino;RM;Lazio;38913
2086;Cianciana;AG;Sicilia;2971
2087;Cibiana di Cadore;BL;Veneto;323
2088;Cicagna;GE;Liguria;2339
2089;Cicala;CZ;Calabria;832
2090;Cicciano;;Campania;12342
2091;Cicerale;SA;Campania;1178
2092;Ciciliano;RM;Lazio;1248
2093;Cicognolo;CR;Lombardia;977
2094;Ciconio;TO;Piemonte;358
2095;Cigliano;VC;Piemonte;4300
2096;Cigli?;CN;Piemonte;
2097;Cigognola;PV;Lombardia;1308
2098;Cigole;BS;Lombardia;1503
2099;Cilavegna;PV;Lombardia;5438
2100;Cimadolmo;TV;Veneto;3364
2101;Cimbergo;BS;Lombardia;526
2102;Cimego;TN;Trentino Alto Adige;
2103;Cimin?;RC;Calabria;
2104;Ciminna;PA;Sicilia;3319
2105;Cimitile;;Campania;6907
2106;Cimolais;PN;Friuli Venezia Giulia;343
2107;Cimone;TN;Trentino Alto Adige;743
2108;Cinaglio;AT;Piemonte;404
2109;Cineto Romano;RM;Lazio;579
2110;Cingia de' Botti;CR;Lombardia;1171
2111;Cingoli;MC;Marche;9438
2112;Cinigiano;GR;Toscana;2466
2113;Cinisello Balsamo;MI;Lombardia;75154
2114;Cinisi;PA;Sicilia;12201
2115;Cino;SO;Lombardia;338
2116;Cinquefrondi;RC;Calabria;6235
2117;Cintano;TO;Piemonte;225
2118;Cinte Tesino;TN;Trentino Alto Adige;352
2119;Cinto Caomaggiore;VE;Veneto;3172
2120;Cinto Euganeo;PD;Veneto;1884
2121;Cinzano;TO;Piemonte;340
2122;Ciorlano;CE;Campania;347
2123;Cipressa;IM;Liguria;1192
2124;Circello;BN;Campania;2058
2125;Ciri?;TO;Piemonte;
2126;Cirigliano;MT;Basilicata;279
2127;Cirimido;CO;Lombardia;2198
2128;Cir?;KR;Calabria;
2129;Cir? Marina;KR;Calabria;
2130;Cis;TN;Trentino Alto Adige;294
2131;Cisano Bergamasco;BG;Lombardia;6232
2132;Cisano sul Neva;SV;Liguria;2132
2133;Ciserano;BG;Lombardia;5843
2134;Cislago;VA;Lombardia;10572
2135;Cisliano;MI;Lombardia;5200
2136;Cismon del Grappa;VI;Veneto;
2137;Cison di Valmarino;TV;Veneto;2411
2138;Cissone;CN;Piemonte;76
2139;Cisterna d'Asti;AT;Piemonte;1221
2140;Cisterna di Latina;LT;Lazio;36255
2141;Cisternino;BR;Puglia;10954
2142;Citerna;PG;Umbria;3383
2143;Citt? della Pieve;PG;Umbria;
2144;Citt? di Castello;PG;Umbria;
2145;Citt? Sant'Angelo;PE;Abruzzo;
2146;Cittadella;PD;Veneto;20047
2147;Cittaducale;RI;Lazio;6400
2148;Cittanova;RC;Calabria;9580
2149;Cittareale;RI;Lazio;374
2150;Cittiglio;VA;Lombardia;3805
2151;Civate;LC;Lombardia;3709
2152;Civenna;CO;Lombardia;
2153;Civezza;IM;Liguria;630
2154;Civezzano;TN;Trentino Alto Adige;4177
2155;Civiasco;VC;Piemonte;223
2156;Cividale del Friuli;UD;Friuli Venezia Giulia;10804
2157;Cividate al Piano;BG;Lombardia;5099
2158;Cividate Camuno;BS;Lombardia;2687
2159;Civita;CS;Calabria;773
2160;Civita Castellana;VT;Lazio;15011
2161;Civita d'Antino;AQ;Abruzzo;923
2162;Civitacampomarano;CB;Molise;277
2163;Civitaluparella;CH;Abruzzo;272
2164;Civitanova del Sannio;IS;Molise;863
2165;Civitanova Marche;MC;Marche;41929
2166;Civitaquana;PE;Abruzzo;1156
2167;Civitavecchia;RM;Lazio;51359
2168;Civitella Alfedena;AQ;Abruzzo;287
2169;Civitella Casanova;PE;Abruzzo;1505
2170;Civitella d'Agliano;VT;Lazio;1444
2171;Civitella del Tronto;TE;Abruzzo;4555
2172;Civitella di Romagna;FC;Emilia Romagna;3626
2173;Civitella in Val di Chiana;AR;Toscana;8608
2174;Civitella Messer Raimondo;CH;Abruzzo;738
2175;Civitella Paganico;GR;Toscana;2953
2176;Civitella Roveto;AQ;Abruzzo;3018
2177;Civitella San Paolo;RM;Lazio;2046
2178;Civo;SO;Lombardia;1139
2179;Claino con Osteno;CO;Lombardia;543
2180;Claut;PN;Friuli Venezia Giulia;855
2181;Clauzetto;PN;Friuli Venezia Giulia;385
2182;Clavesana;CN;Piemonte;775
2183;Claviere;TO;Piemonte;199
2184;Cles;TN;Trentino Alto Adige;7480
2185;Cleto;CS;Calabria;1270
2186;Clivio;VA;Lombardia;1982
2187;Cloz;TN;Trentino Alto Adige;
2188;Clusone;BG;Lombardia;8596
2189;Coassolo Torinese;TO;Piemonte;1460
2190;Coazze;TO;Piemonte;3371
2191;Coazzolo;AT;Piemonte;285
2192;Coccaglio;BS;Lombardia;8937
2193;Cocconato;AT;Piemonte;1415
2194;Cocquio-Trevisago;VA;Lombardia;4651
2195;Cocullo;AQ;Abruzzo;203
2196;Codevigo;PD;Veneto;6280
2197;Codevilla;PV;Lombardia;915
2198;Codigoro;FE;Emilia Romagna;10932
2199;Codogn?;TV;Veneto;
2200;Codogno;LO;Lombardia;15652
2201;Codroipo;UD;Friuli Venezia Giulia;15721
2202;Codrongianos;SS;Sardegna;1252
2203;Coggiola;BI;Piemonte;1617
2204;Cogliate;MB;Lombardia;8469
2205;Cogne;AO;Valle d'Aosta;1329
2206;Cogoleto;GE;Liguria;8249
2207;Cogollo del Cengio;VI;Veneto;3127
2208;Cogorno;GE;Liguria;5692
2209;Colazza;NO;Piemonte;553
2210;Colbordolo;PU;Marche;
2211;Colere;BG;Lombardia;1077
2212;Colfelice;FR;Lazio;1747
2213;Coli;PC;Emilia Romagna;877
2214;Colico;LC;Lombardia;8188
2215;Collagna;RE;Emilia Romagna;
2216;Collalto Sabino;RI;Lazio;369
2217;Collarmele;AQ;Abruzzo;752
2218;Collazzone;PG;Umbria;3284
2219;Colle Brianza;LC;Lombardia;1860
2220;Colle d'Anchise;CB;Molise;709
2221;Colle di Tora;RI;Lazio;348
2222;Colle di Val d'Elsa;SI;Toscana;21665
2223;Colle San Magno;FR;Lazio;603
2224;Colle Sannita;BN;Campania;2155
2225;Colle Santa Lucia;BL;Veneto;339
2226;Colle Umberto;TV;Veneto;4972
2227;Collebeato;BS;Lombardia;4469
2228;Collecchio;PR;Emilia Romagna;14911
2229;Collecorvino;PE;Abruzzo;6065
2230;Colledara;TE;Abruzzo;2078
2231;Colledimacine;CH;Abruzzo;149
2232;Colledimezzo;CH;Abruzzo;401
2233;Colleferro;RM;Lazio;20381
2234;Collegiove;RI;Lazio;133
2235;Collegno;TO;Piemonte;47590
2236;Collelongo;AQ;Abruzzo;1055
2237;Collepardo;FR;Lazio;855
2238;Collepasso;LE;Puglia;5452
2239;Collepietro;AQ;Abruzzo;200
2240;Colleretto Castelnuovo;TO;Piemonte;354
2241;Colleretto Giacosa;TO;Piemonte;576
2242;Collesalvetti;LI;Toscana;16390
2243;Collesano;PA;Sicilia;3609
2244;Colletorto;CB;Molise;1618
2245;Collevecchio;RI;Lazio;1575
2246;Colli a Volturno;IS;Molise;1253
2247;Colli del Tronto;AP;Marche;3681
2248;Colli sul Velino;RI;Lazio;465
2249;Colliano;SA;Campania;3387
2250;Collinas;VS;Sardegna;741
2251;Collio;BS;Lombardia;1955
2252;Collobiano;VC;Piemonte;68
2253;Colloredo di Monte Albano;UD;Friuli Venezia Giulia;2184
2254;Colmurano;MC;Marche;1121
2255;Colobraro;MT;Basilicata;1014
2256;Cologna Veneta;VR;Veneto;8543
2257;Cologne;BS;Lombardia;7608
2258;Cologno al Serio;BG;Lombardia;11287
2259;Cologno Monzese;MI;Lombardia;47179
2260;Colognola ai Colli;VR;Veneto;8801
2261;Colonna;RM;Lazio;4226
2262;Colonnella;TE;Abruzzo;3718
2263;Colonno;CO;Lombardia;432
2264;Colorina;SO;Lombardia;1357
2265;Colorno;PR;Emilia Romagna;9174
2266;Colosimi;CS;Calabria;1077
2267;Colturano;MI;Lombardia;2056
2268;Colzate;BG;Lombardia;1641
2269;Comabbio;VA;Lombardia;1177
2270;Comacchio;FE;Emilia Romagna;22003
2271;Comano;MS;Toscana;636
2272;Comazzo;LO;Lombardia;2379
2273;Comeglians;UD;Friuli Venezia Giulia;422
2274;Comelico Superiore;BL;Veneto;2050
2275;Comerio;VA;Lombardia;2784
2276;Comezzano-Cizzago;BS;Lombardia;4202
2277;Comignago;NO;Piemonte;1264
2278;Comiso;RG;Sicilia;30437
2279;Comitini;AG;Sicilia;919
2280;Comiziano;;Campania;1665
2281;Commessaggio;MN;Lombardia;1022
2282;Commezzadura;TN;Trentino Alto Adige;1005
2283;Como;CO;Lombardia;83035
2284;Compiano;PR;Emilia Romagna;1047
2285;Comun Nuovo;BG;Lombardia;4471
2286;Comunanza;AP;Marche;2919
2287;Cona;VE;Veneto;2767
2288;Conca Casale;IS;Molise;162
2289;Conca dei Marini;SA;Campania;635
2290;Conca della Campania;CE;Campania;1126
2291;Concamarise;VR;Veneto;1060
2292;Concei;TN;Trentino Alto Adige;
2293;Concerviano;RI;Lazio;282
2294;Concesio;BS;Lombardia;15735
2295;Conco;VI;Veneto;
2296;Concordia Sagittaria;VE;Veneto;10212
2297;Concordia sulla Secchia;MO;Emilia Romagna;8541
2298;Concorezzo;MB;Lombardia;16153
2299;Condino;TN;Trentino Alto Adige;
2300;Condofuri;RC;Calabria;4491
2301;Condove;TO;Piemonte;4422
2302;Condr?;ME;Sicilia;
2303;Conegliano;TV;Veneto;34675
2304;Confienza;PV;Lombardia;1546
2305;Configni;RI;Lazio;556
2306;Conflenti;CZ;Calabria;1317
2307;Coniolo;AL;Piemonte;420
2308;Conselice;RA;Emilia Romagna;9734
2309;Conselve;PD;Veneto;9993
2310;Consiglio di Rumo;CO;Lombardia;
2311;Contessa Entellina;PA;Sicilia;1437
2312;Contigliano;RI;Lazio;3657
2313;Contrada;AV;Campania;3087
2314;Controguerra;TE;Abruzzo;2174
2315;Controne;SA;Campania;757
2316;Contursi Terme;SA;Campania;3158
2317;Conversano;BA;Puglia;25993
2318;Conza della Campania;AV;Campania;1269
2319;Conzano;AL;Piemonte;892
2320;Copertino;LE;Puglia;22698
2321;Copiano;PV;Lombardia;1784
2322;Copparo;FE;Emilia Romagna;15657
2323;Corana;PV;Lombardia;745
2324;Corato;BA;Puglia;46845
2325;Corbara;SA;Campania;2518
2326;Corbetta;MI;Lombardia;19156
2327;Corbola;RO;Veneto;2246
2328;Corchiano;VT;Lazio;3531
2329;Corciano;PG;Umbria;21603
2330;Cordenons;PN;Friuli Venezia Giulia;17701
2331;Cordignano;TV;Veneto;6784
2332;Cordovado;PN;Friuli Venezia Giulia;2671
2333;Coredo;TN;Trentino Alto Adige;
2334;Coreglia Antelminelli;LU;Toscana;5075
2335;Coreglia Ligure;GE;Liguria;241
2336;Coreno Ausonio;FR;Lazio;1464
2337;Corfinio;AQ;Abruzzo;947
2338;Cori;LT;Lazio;10465
2339;Coriano;RN;Emilia Romagna;10487
2340;Corigliano Calabro;CS;Calabria;
2341;Corigliano d'Otranto;LE;Puglia;5519
2342;Corinaldo;AN;Marche;4729
2343;Corio;TO;Piemonte;3106
2344;Corleone;PA;Sicilia;10162
2345;Corleto Monforte;SA;Campania;462
2346;Corleto Perticara;PZ;Basilicata;2303
2347;Cormano;MI;Lombardia;21036
2348;Cormons;GO;Friuli Venezia Giulia;7001
2349;Corna Imagna;BG;Lombardia;918
2350;Cornalba;BG;Lombardia;305
2351;Cornale;PV;Lombardia;
2352;Cornaredo;MI;Lombardia;20746
2353;Cornate d'Adda;MI;Lombardia;11134
2354;Cornedo all'Isarco;BZ;Trentino Alto Adige;
2355;Cornedo Vicentino;VI;Veneto;11740
2356;Cornegliano Laudense;LO;Lombardia;2861
2357;Corneliano d'Alba;CN;Piemonte;2167
2358;Corniglio;PR;Emilia Romagna;1779
2359;Corno di Rosazzo;UD;Friuli Venezia Giulia;3099
2360;Corno Giovine;LO;Lombardia;1144
2361;Cornovecchio;LO;Lombardia;199
2362;Cornuda;TV;Veneto;6017
2363;Correggio;RE;Emilia Romagna;25234
2364;Correzzana;MB;Lombardia;3289
2365;Correzzola;PD;Veneto;5273
2366;Corrido;CO;Lombardia;845
2367;Corridonia;MC;Marche;14684
2368;Corropoli;TE;Abruzzo;5158
2369;Corsano;LE;Puglia;5049
2370;Corsico;MI;Lombardia;34811
2371;Corsione;AT;Piemonte;191
2372;Cortaccia sulla Strada del Vino;BZ;Trentino Alto Adige;
2373;Cortale;CZ;Calabria;1802
2374;Cortandone;AT;Piemonte;307
2375;Cortanze;AT;Piemonte;262
2376;Cortazzone;AT;Piemonte;596
2377;Corte Brugnatella;PC;Emilia Romagna;501
2378;Corte de' Cortesi con Cignone;CR;Lombardia;1070
2379;Corte de' Frati;CR;Lombardia;1318
2380;Corte Franca;BS;Lombardia;7150
2381;Corte Palasio;LO;Lombardia;1522
2382;Cortemaggiore;PC;Emilia Romagna;4757
2383;Cortemilia;CN;Piemonte;2104
2384;Corteno Golgi;BS;Lombardia;1909
2385;Cortenova;LC;Lombardia;1173
2386;Cortenuova;BG;Lombardia;1981
2387;Corteolona;PV;Lombardia;
2388;Cortiglione;AT;Piemonte;507
2389;Cortina d'Ampezzo;BL;Veneto;5399
2390;Cortina sulla Strada del Vino;BZ;Trentino Alto Adige;
2391;Cortino;TE;Abruzzo;541
2392;Cortona;AR;Toscana;20725
2393;Corvara;PE;Abruzzo;186
2394;Corvara in Badia;BZ;Trentino Alto Adige;
2395;Corvino San Quirico;PV;Lombardia;960
2396;Corzano;BS;Lombardia;1540
2397;Coseano;UD;Friuli Venezia Giulia;1977
2398;Cosenza;CS;Calabria;63449
2399;Cosio di Arroscia;IM;Liguria;
2400;Cosio Valtellino;SO;Lombardia;5586
2401;Cosoleto;RC;Calabria;728
2402;Cossano Belbo;CN;Piemonte;858
2403;Cossano Canavese;TO;Piemonte;410
2404;Cossato;BI;Piemonte;13833
2405;Cosseria;SV;Liguria;1029
2406;Cossignano;AP;Marche;879
2407;Cossogno;VB;Piemonte;662
2408;Cossoine;SS;Sardegna;739
2409;Cossombrato;AT;Piemonte;506
2410;Costa de' Nobili;PV;Lombardia;358
2411;Costa di Mezzate;BG;Lombardia;3428
2412;Costa di Rovigo;RO;Veneto;2420
2413;Costa Serina;BG;Lombardia;910
2414;Costa Masnaga;LC;Lombardia;4738
2415;Costa Valle Imagna;BG;Lombardia;547
2416;Costa Vescovato;AL;Piemonte;310
2417;Costa Volpino;BG;Lombardia;8792
2418;Costabissara;VI;Veneto;7648
2419;Costacciaro;PG;Umbria;1020
2420;Costanzana;VC;Piemonte;815
2421;Costarainera;IM;Liguria;767
2422;Costermano;VR;Veneto;
2423;Costigliole d'Asti;AT;Piemonte;5664
2424;Costigliole Saluzzo;CN;Piemonte;3307
2425;Cotignola;RA;Emilia Romagna;7337
2426;Cotronei;KR;Calabria;5068
2427;Cottanello;RI;Lazio;517
2428;Courmayeur;AO;Valle d'Aosta;2494
2429;Covo;BG;Lombardia;4368
2430;Cozzo;PV;Lombardia;358
2431;Craco;MT;Basilicata;570
2432;Crandola Valsassina;LC;Lombardia;261
2433;Cravagliana;VC;Piemonte;240
2434;Cravanzana;CN;Piemonte;344
2435;Craveggia;VB;Piemonte;789
2436;Creazzo;VI;Veneto;11219
2437;Crecchio;CH;Abruzzo;2550
2438;Credaro;BG;Lombardia;3561
2439;Credera Rubbiano;CR;Lombardia;1476
2440;Crema;CR;Lombardia;34147
2441;Cremella;LC;Lombardia;1689
2442;Cremenaga;VA;Lombardia;782
2443;Cremeno;LC;Lombardia;1839
2444;Cremia;CO;Lombardia;674
2445;Cremolino;AL;Piemonte;1002
2446;Cremona;CR;Lombardia;71093
2447;Cremosano;CR;Lombardia;1730
2448;Crescentino;VC;Piemonte;7503
2449;Crespadoro;VI;Veneto;1257
2450;Crespano del Grappa;TV;Veneto;
2451;Crespellano;BO;Emilia Romagna;
2452;Crespiatica;LO;Lombardia;2208
2453;Crespina;PI;Toscana;
2454;Crespino;RO;Veneto;1787
2455;Cressa;NO;Piemonte;1559
2456;Crevacuore;BI;Piemonte;1373
2457;Crevalcore;BO;Emilia Romagna;14210
2458;Crevoladossola;VB;Piemonte;4385
2459;Crispano;;Campania;11566
2460;Crispiano;TA;Puglia;12816
2461;Crissolo;CN;Piemonte;132
2462;Crocefieschi;GE;Liguria;546
2463;Crocetta del Montello;TV;Veneto;6074
2464;Crodo;VB;Piemonte;1413
2465;Crognaleto;TE;Abruzzo;1009
2466;Cropalati;CS;Calabria;947
2467;Cropani;CZ;Calabria;4912
2468;Crosa;BI;Piemonte;
2469;Crosia;CS;Calabria;9616
2470;Crosio della Valle;VA;Lombardia;624
2471;Crotone;KR;Calabria;58136
2472;Crotta d'Adda;CR;Lombardia;613
2473;Crova;VC;Piemonte;347
2474;Croviana;TN;Trentino Alto Adige;677
2475;Crucoli;KR;Calabria;2752
2476;Cuasso al Monte;VA;Lombardia;3545
2477;Cuccaro Monferrato;AL;Piemonte;
2478;Cuccaro Vetere;SA;Campania;510
2479;Cucciago;CO;Lombardia;3365
2480;Cuceglio;TO;Piemonte;917
2481;Cuggiono;MI;Lombardia;8198
2482;Cugliate-Fabiasco;VA;Lombardia;3119
2483;Cuglieri;OR;Sardegna;2411
2484;Cugnoli;PE;Abruzzo;1324
2485;Cumiana;TO;Piemonte;7814
2486;Cumignano sul Naviglio;CR;Lombardia;406
2487;Cunardo;VA;Lombardia;2880
2488;Cuneo;CN;Piemonte;55747
2489;Cunevo;TN;Trentino Alto Adige;
2490;Cunico;AT;Piemonte;427
2491;Cuorgn?;TO;Piemonte;
2492;Cupello;CH;Abruzzo;4899
2493;Cupra Marittima;AP;Marche;5343
2494;Cupramontana;AN;Marche;4321
2495;Cura Carpignano;PV;Lombardia;5080
2496;Curcuris;OR;Sardegna;289
2497;Cureggio;NO;Piemonte;2619
2498;Curiglia con Monteviasco;VA;Lombardia;141
2499;Curinga;CZ;Calabria;6358
2500;Curino;BI;Piemonte;466
2501;Curno;BG;Lombardia;7574
2502;Curon Venosta;BZ;Trentino Alto Adige;
2503;Cursi;LE;Puglia;3769
2504;Cursolo-Orasso;VB;Piemonte;
2505;Curtarolo;PD;Veneto;7150
2506;Curtatone;MN;Lombardia;14691
2507;Curti;CE;Campania;6617
2508;Cusago;MI;Lombardia;4869
2509;Cusano Milanino;MI;Lombardia;18994
2510;Cusano Mutri;BN;Campania;3733
2511;Cusino;CO;Lombardia;250
2512;Cusio;BG;Lombardia;197
2513;Custonaci;TP;Sicilia;5234
2514;Cutigliano;PT;Toscana;
2515;Cutro;KR;Calabria;9165
2516;Cutrofiano;LE;Puglia;8638
2517;Cuveglio;VA;Lombardia;3378
2518;Cuvio;VA;Lombardia;1754
2519;Daiano;TN;Trentino Alto Adige;
2520;Dairago;MI;Lombardia;6346
2521;Dalmine;BG;Lombardia;23818
2522;Dambel;TN;Trentino Alto Adige;391
2523;Danta di Cadore;BL;Veneto;421
2524;Daone;TN;Trentino Alto Adige;
2525;Dar?;TN;Trentino Alto Adige;
2526;Darfo Boario Terme;BS;Lombardia;15974
2527;Das?;VV;Calabria;
2528;Davagna;GE;Liguria;1772
2529;Daverio;VA;Lombardia;3030
2530;Davoli;CZ;Calabria;5679
2531;Dazio;SO;Lombardia;521
2532;Decimomannu;CA;Sardegna;8375
2533;Decimoputzu;CA;Sardegna;4165
2534;Decollatura;CZ;Calabria;2817
2535;Dego;SV;Liguria;1826
2536;Deiva Marina;SP;Liguria;1276
2537;Delebio;SO;Lombardia;3353
2538;Delia;CL;Sicilia;3851
2539;Delianuova;RC;Calabria;3052
2540;Deliceto;FG;Puglia;3424
2541;Dello;BS;Lombardia;5686
2542;Demonte;CN;Piemonte;1848
2543;Denice;AL;Piemonte;161
2544;Denno;TN;Trentino Alto Adige;1246
2545;Dernice;AL;Piemonte;174
2546;Derovere;CR;Lombardia;284
2547;Deruta;PG;Umbria;9562
2548;Dervio;LC;Lombardia;2518
2549;Desana;VC;Piemonte;1097
2550;Desenzano del Garda;BS;Lombardia;29353
2551;Desio;MB;Lombardia;41872
2552;Desulo;NU;Sardegna;1995
2553;Diamante;CS;Calabria;4947
2554;Diano Arentino;IM;Liguria;669
2555;Diano Castello;IM;Liguria;2270
2556;Diano d'Alba;CN;Piemonte;3547
2557;Diano Marina;IM;Liguria;5475
2558;Diano San Pietro;IM;Liguria;1105
2559;Dicomano;FI;Toscana;5610
2560;Dignano;UD;Friuli Venezia Giulia;2221
2561;Dimaro;TN;Trentino Alto Adige;
2562;Dinami;VV;Calabria;1642
2563;Dipignano;CS;Calabria;4054
2564;Diso;LE;Puglia;2792
2565;Divignano;NO;Piemonte;1428
2566;Dizzasco;CO;Lombardia;642
2567;Dobbiaco;BZ;Trentino Alto Adige;
2568;Doberd? del Lago;GO;Friuli Venezia Giulia;
2569;Dogliani;CN;Piemonte;4605
2570;Dogliola;CH;Abruzzo;304
2571;Dogna;UD;Friuli Venezia Giulia;148
2572;Dolc?;VR;Veneto;
2573;Dolceacqua;IM;Liguria;2216
2574;Dolcedo;IM;Liguria;1264
2575;Dolegna del Collio;GO;Friuli Venezia Giulia;285
2576;Dolianova;CA;Sardegna;9357
2577;Dolo;VE;Veneto;14993
2578;Dolzago;LC;Lombardia;2544
2579;Domanico;CS;Calabria;915
2580;Domaso;CO;Lombardia;1392
2581;Domegge di Cadore;BL;Veneto;2235
2582;Domicella;AV;Campania;1794
2583;Domodossola;VB;Piemonte;17625
2584;Domus De Maria;CA;Sardegna;1630
2585;Domusnovas;CI;Sardegna;5694
2586;Don;TN;Trentino Alto Adige;
2587;Donato;BI;Piemonte;681
2588;Dongo;CO;Lombardia;3158
2589;Donnas;AO;Valle d'Aosta;2394
2590;Donor?;CA;Sardegna;
2591;Dorgali;NU;Sardegna;8238
2592;Dorio;LC;Lombardia;325
2593;Dormelletto;NO;Piemonte;2556
2594;Dorno;PV;Lombardia;4608
2595;Dorsino;TN;Trentino Alto Adige;
2596;Dorzano;BI;Piemonte;528
2597;Dosolo;MN;Lombardia;3155
2598;Dossena;BG;Lombardia;878
2599;Dosso del Liro;CO;Lombardia;235
2600;Doues;AO;Valle d'Aosta;509
2601;Dovadola;FC;Emilia Romagna;1591
2602;Dovera;CR;Lombardia;3734
2603;Dozza;BO;Emilia Romagna;6513
2604;Dragoni;CE;Campania;1862
2605;Drapia;VV;Calabria;2095
2606;Drena;TN;Trentino Alto Adige;609
2607;Drenchia;UD;Friuli Venezia Giulia;88
2608;Dresano;MI;Lombardia;3054
2609;Drezzo;CO;Lombardia;
2610;Drizzona;CR;Lombardia;
2611;Dro;TN;Trentino Alto Adige;5088
2612;Dronero;CN;Piemonte;7007
2613;Druento;TO;Piemonte;8942
2614;Druogno;VB;Piemonte;1029
2615;Dualchi;NU;Sardegna;559
2616;Dubino;SO;Lombardia;3847
2617;Due Carrare;PD;Veneto;8974
2618;Dueville;VI;Veneto;13578
2619;Dugenta;BN;Campania;2627
2620;Duino-Aurisina;TS;Friuli Venezia Giulia;
2621;Dumenza;VA;Lombardia;1461
2622;Duno;VA;Lombardia;163
2623;Durazzano;BN;Campania;2057
2624;Duronia;CB;Molise;378
2625;Dusino San Michele;AT;Piemonte;1081
2626;Eboli;SA;Campania;37656
2627;Edolo;BS;Lombardia;4447
2628;Egna;BZ;Trentino Alto Adige;
2629;Elice;PE;Abruzzo;1615
2630;Elini;OG;Sardegna;555
2631;Ello;LC;Lombardia;1187
2632;Elmas;CA;Sardegna;9480
2633;Elva;CN;Piemonte;80
2634;Emarese;AO;Valle d'Aosta;
2635;Empoli;FI;Toscana;49526
2636;Endine Gaiano;BG;Lombardia;3462
2637;Enego;VI;Veneto;1497
2638;Enemonzo;UD;Friuli Venezia Giulia;1231
2639;Enna;EN;Sicilia;24884
2640;Entracque;CN;Piemonte;741
2641;Entratico;BG;Lombardia;2025
2642;Envie;CN;Piemonte;1952
2643;Episcopia;PZ;Basilicata;1188
2644;Eraclea;VE;Veneto;11820
2645;Erba;CO;Lombardia;16266
2646;Erb?;VR;Veneto;
2647;Erbezzo;VR;Veneto;850
2648;Erbusco;BS;Lombardia;8852
2649;Erchie;BR;Puglia;8041
2650;Ercolano;;Campania;49179
2651;Erice;TP;Sicilia;25573
2652;Erli;SV;Liguria;245
2653;Erto e Casso;PN;Friuli Venezia Giulia;359
2654;Erula;SS;Sardegna;702
2655;Erve;LC;Lombardia;644
2656;Esanatoglia;MC;Marche;1877
2657;Escalaplano;CA;Sardegna;2017
2658;Escolca;CA;Sardegna;531
2659;Esine;BS;Lombardia;5055
2660;Esino Lario;LC;Lombardia;751
2661;Esperia;FR;Lazio;3545
2662;Esporlatu;SS;Sardegna;360
2663;Este;PD;Veneto;15856
2664;Esterzili;CA;Sardegna;536
2665;Etroubles;AO;Valle d'Aosta;484
2666;Eupilio;CO;Lombardia;2526
2667;Exilles;TO;Piemonte;241
2668;Fabbrica Curone;AL;Piemonte;530
2669;Fabbriche di Vallico;LU;Toscana;
2670;Fabbrico;RE;Emilia Romagna;6931
2671;Fabriano;AN;Marche;28469
2672;Fabrica di Roma;VT;Lazio;8167
2673;Fabrizia;VV;Calabria;1928
2674;Fabro;TR;Umbria;2570
2675;Faedis;UD;Friuli Venezia Giulia;2731
2676;Faedo;TN;Trentino Alto Adige;
2677;Faedo Valtellino;SO;Lombardia;508
2678;Faenza;RA;Emilia Romagna;58750
2679;Faeto;FG;Puglia;624
2680;Fagagna;UD;Friuli Venezia Giulia;6076
2681;Faggeto Lario;CO;Lombardia;1063
2682;Faggiano;TA;Puglia;3366
2683;Fagnano Alto;AQ;Abruzzo;337
2684;Fagnano Castello;CS;Calabria;3257
2685;Fagnano Olona;VA;Lombardia;12411
2686;Fai della Paganella;TN;Trentino Alto Adige;941
2687;Faicchio;BN;Campania;3161
2688;Falcade;BL;Veneto;1734
2689;Falciano del Massico;CE;Campania;3429
2690;Falconara Albanese;CS;Calabria;1507
2691;Falconara Marittima;AN;Marche;26022
2692;Falcone;ME;Sicilia;2826
2693;Faleria;VT;Lazio;2024
2694;Falerna;CZ;Calabria;4013
2695;Falerone;FM;Marche;3148
2696;Fallo;CH;Abruzzo;121
2697;Falmenta;VB;Piemonte;
2698;Faloppio;CO;Lombardia;4882
2699;Falvaterra;FR;Lazio;503
2700;Falzes;BZ;Trentino Alto Adige;
2701;Fanano;MO;Emilia Romagna;2984
2702;Fanna;PN;Friuli Venezia Giulia;1467
2703;Fano;PU;Marche;59871
2704;Fano Adriano;TE;Abruzzo;243
2705;Fara Filiorum Petri;CH;Abruzzo;1972
2706;Fara Gera d'Adda;BG;Lombardia;8080
2707;Fara in Sabina;RI;Lazio;13968
2708;Fara Novarese;NO;Piemonte;2009
2709;Fara Olivana con Sola;BG;Lombardia;1345
2710;Fara San Martino;CH;Abruzzo;1253
2711;Fara Vicentino;VI;Veneto;3715
2712;Fardella;PZ;Basilicata;568
2713;Farigliano;CN;Piemonte;1698
2714;Farindola;PE;Abruzzo;1293
2715;Farini;PC;Emilia Romagna;1044
2716;Farnese;VT;Lazio;1337
2717;Farra d'Alpago;BL;Veneto;
2718;Farra d'Isonzo;GO;Friuli Venezia Giulia;1681
2719;Farra di Soligo;TV;Veneto;8497
2720;Fasano;BR;Puglia;38747
2721;Fascia;GE;Liguria;65
2722;Fauglia;PI;Toscana;3655
2723;Faule;CN;Piemonte;474
2724;Favale di Malvaro;GE;Liguria;421
2725;Favara;AG;Sicilia;31167
2726;Faver;TN;Trentino Alto Adige;
2727;Favignana;TP;Sicilia;4540
2728;Favria;TO;Piemonte;4962
2729;Feisoglio;CN;Piemonte;288
2730;Feletto;TO;Piemonte;2151
2731;Felino;PR;Emilia Romagna;9278
2732;Felitto;SA;Campania;1140
2733;Felizzano;AL;Piemonte;2066
2734;Felonica;MN;Lombardia;
2735;Feltre;BL;Veneto;20600
2736;Fenegr?;CO;Lombardia;
2737;Fenestrelle;TO;Piemonte;466
2738;Fenis;AO;Valle d'Aosta;
2739;Ferentillo;TR;Umbria;1767
2740;Ferentino;FR;Lazio;19902
2741;Ferla;SR;Sicilia;2219
2742;Fermignano;PU;Marche;8268
2743;Fermo;FM;Marche;35853
2744;Ferno;VA;Lombardia;6715
2745;Feroleto Antico;CZ;Calabria;1931
2746;Feroleto della Chiesa;RC;Calabria;1489
2747;Ferrandina;MT;Basilicata;7813
2748;Ferrara;FE;Emilia Romagna;129048
2749;Ferrara di Monte Baldo;VR;Veneto;302
2750;Ferrazzano;CB;Molise;3390
2751;Ferrera di Varese;VA;Lombardia;694
2752;Ferrera Erbognone;PV;Lombardia;1112
2753;Ferrere;AT;Piemonte;1511
2754;Ferriere;PC;Emilia Romagna;1081
2755;Ferruzzano;RC;Calabria;685
2756;Fiamignano;RI;Lazio;1151
2757;Fiano;TO;Piemonte;2638
2758;Fiano Romano;RM;Lazio;16893
2759;Fiastra;MC;Marche;600
2760;Fiav?;TN;Trentino Alto Adige;
2761;Ficarazzi;PA;Sicilia;12913
2762;Ficarolo;RO;Veneto;2199
2763;Ficarra;ME;Sicilia;1267
2764;Ficulle;TR;Umbria;1548
2765;Fidenza;PR;Emilia Romagna;27573
2766;Fi? allo Sciliar;BZ;Trentino Alto Adige;
2767;Fiera di Primiero;TN;Trentino Alto Adige;
2768;Fierozzo;TN;Trentino Alto Adige;454
2769;Fiesco;CR;Lombardia;1217
2770;Fiesole;FI;Toscana;13742
2771;Fiesse;BS;Lombardia;2095
2772;Fiesso d'Artico;VE;Veneto;8702
2773;Fiesso Umbertiano;RO;Veneto;3882
2774;Figino Serenza;CO;Lombardia;4972
2775;Figline Valdarno;FI;Toscana;
2776;Figline Vegliaturo;CS;Calabria;1088
2777;Filacciano;RM;Lazio;481
2778;Filadelfia;VV;Calabria;4942
2779;Filago;BG;Lombardia;3130
2780;Filandari;VV;Calabria;1737
2781;Filattiera;MS;Toscana;2147
2782;Filettino;FR;Lazio;533
2783;Filetto;CH;Abruzzo;807
2784;Filiano;PZ;Basilicata;2609
2785;Filighera;PV;Lombardia;812
2786;Filignano;IS;Molise;564
2787;Filogaso;VV;Calabria;1306
2788;Filottrano;AN;Marche;8849
2789;Finale Emilia;MO;Emilia Romagna;15570
2790;Finale Ligure;SV;Liguria;10903
2791;Fino del Monte;BG;Lombardia;1135
2792;Fino Mornasco;CO;Lombardia;10139
2793;Fiorano al Serio;BG;Lombardia;2938
2794;Fiorano Canavese;TO;Piemonte;725
2795;Fiorano Modenese;MO;Emilia Romagna;16610
2796;Fiordimonte;MC;Marche;
2797;Fiorenzuola d'Arda;PC;Emilia Romagna;15048
2798;Firenze;FI;Toscana;361625
2799;Firenzuola;FI;Toscana;4444
2800;Firmo;CS;Calabria;1758
2801;Fisciano;SA;Campania;14237
2802;Fiuggi;FR;Lazio;10180
2803;Fiumalbo;MO;Emilia Romagna;1177
2804;Fiumara;RC;Calabria;789
2805;Fiume Veneto;PN;Friuli Venezia Giulia;11806
2806;Fiumedinisi;ME;Sicilia;1250
2807;Fiumefreddo Bruzio;CS;Calabria;3979
2808;Fiumefreddo di Sicilia;CT;Sicilia;8965
2809;Fiumicello;UD;Friuli Venezia Giulia;
2810;Fiumicino;RM;Lazio;83415
2811;Fiuminata;MC;Marche;1194
2812;Fivizzano;MS;Toscana;6886
2813;Flaibano;UD;Friuli Venezia Giulia;1113
2814;Flavon;TN;Trentino Alto Adige;
2815;Flero;BS;Lombardia;8812
2816;Floresta;ME;Sicilia;458
2817;Floridia;SR;Sicilia;20997
2818;Florinas;SS;Sardegna;1459
2819;Flumeri;AV;Campania;2462
2820;Fluminimaggiore;CI;Sardegna;2575
2821;Flussio;OR;Sardegna;386
2822;Fobello;VC;Piemonte;185
2823;Foggia;FG;Puglia;145078
2824;Foglianise;BN;Campania;3101
2825;Fogliano Redipuglia;GO;Friuli Venezia Giulia;2966
2826;Foglizzo;TO;Piemonte;2278
2827;Foiano della Chiana;AR;Toscana;9026
2828;Foiano di Val Fortore;BN;Campania;1301
2829;Folgaria;TN;Trentino Alto Adige;3169
2830;Folignano;AP;Marche;8649
2831;Foligno;PG;Umbria;55262
2832;Follina;TV;Veneto;3614
2833;Follo;SP;Liguria;6239
2834;Follonica;GR;Toscana;20000
2835;Fombio;LO;Lombardia;2266
2836;Fondachelli-Fantina;ME;Sicilia;1058
2837;Fondi;LT;Lazio;40310
2838;Fondo;TN;Trentino Alto Adige;
2839;Fonni;NU;Sardegna;3552
2840;Fontainemore;AO;Valle d'Aosta;437
2841;Fontana Liri;FR;Lazio;2589
2842;Fontanafredda;PN;Friuli Venezia Giulia;12952
2843;Fontanarosa;AV;Campania;2832
2844;Fontanelice;BO;Emilia Romagna;1910
2845;Fontanella;BG;Lombardia;4914
2846;Fontanellato;PR;Emilia Romagna;7095
2847;Fontanelle;TV;Veneto;5559
2848;Fontaneto d'Agogna;NO;Piemonte;2656
2849;Fontanetto Po;VC;Piemonte;1036
2850;Fontanigorda;GE;Liguria;226
2851;Fontanile;AT;Piemonte;473
2852;Fontaniva;PD;Veneto;8094
2853;Fonte;TV;Veneto;6063
2854;Fonte Nuova;RM;Lazio;32787
2855;Fontecchio;AQ;Abruzzo;280
2856;Fontechiari;FR;Lazio;1191
2857;Fontegreca;CE;Campania;737
2858;Fonteno;BG;Lombardia;550
2859;Fontevivo;PR;Emilia Romagna;5529
2860;Fonzaso;BL;Veneto;2966
2861;Foppolo;BG;Lombardia;152
2862;Forano;RI;Lazio;3230
2863;Force;AP;Marche;1080
2864;Forchia;BN;Campania;1190
2865;Forcola;SO;Lombardia;753
2866;Fordongianus;OR;Sardegna;797
2867;Forenza;PZ;Basilicata;1726
2868;Foresto Sparso;BG;Lombardia;3133
2869;Forgaria nel Friuli;UD;Friuli Venezia Giulia;1667
2870;Forino;AV;Campania;5218
2871;Forio;;Campania;17464
2872;Forl?;FC;Emilia Romagna;
2873;Forl? del Sannio;IS;Molise;
2874;Forlimpopoli;FC;Emilia Romagna;13140
2875;Formazza;VB;Piemonte;410
2876;Formello;RM;Lazio;13925
2877;Formia;LT;Lazio;36775
2878;Formicola;CE;Campania;1393
2879;Formigara;CR;Lombardia;1038
2880;Formigine;MO;Emilia Romagna;34496
2881;Formigliana;VC;Piemonte;488
2882;Formignana;FE;Emilia Romagna;
2883;Fornace;TN;Trentino Alto Adige;1363
2884;Fornelli;IS;Molise;1778
2885;Forni Avoltri;UD;Friuli Venezia Giulia;495
2886;Forni di Sopra;UD;Friuli Venezia Giulia;890
2887;Forni di Sotto;UD;Friuli Venezia Giulia;518
2888;Forno Canavese;TO;Piemonte;3152
2889;Forno di Zoldo;BL;Veneto;
2890;Fornovo di Taro;PR;Emilia Romagna;6039
2891;Fornovo San Giovanni;BG;Lombardia;3424
2892;Forte dei Marmi;LU;Toscana;6550
2893;Fortezza;BZ;Trentino Alto Adige;
2894;Fortunago;PV;Lombardia;367
2895;Forza d'Agr?;ME;Sicilia;
2896;Fosciandora;LU;Toscana;553
2897;Fosdinovo;MS;Toscana;4580
2898;Fossa;AQ;Abruzzo;682
2899;Fossacesia;CH;Abruzzo;6269
2900;Fossalta di Piave;VE;Veneto;4251
2901;Fossalta di Portogruaro;VE;Veneto;5747
2902;Fossalto;CB;Molise;1099
2903;Fossano;CN;Piemonte;24157
2904;Fossato di Vico;PG;Umbria;2585
2905;Fossato Serralta;CZ;Calabria;527
2906;Foss?;VE;Veneto;
2907;Fossombrone;PU;Marche;9028
2908;Foza;VI;Veneto;674
2909;Frabosa Soprana;CN;Piemonte;740
2910;Frabosa Sottana;CN;Piemonte;1644
2911;Fraconalto;AL;Piemonte;307
2912;Fragagnano;TA;Puglia;4889
2913;Fragneto L'Abate;BN;Campania;893
2914;Fragneto Monforte;BN;Campania;1646
2915;Fraine;CH;Abruzzo;238
2916;Framura;SP;Liguria;567
2917;Francavilla al Mare;CH;Abruzzo;25521
2918;Francavilla Angitola;VV;Calabria;1798
2919;Francavilla Bisio;AL;Piemonte;491
2920;Francavilla d'Ete;FM;Marche;914
2921;Francavilla di Sicilia;ME;Sicilia;3498
2922;Francavilla Fontana;BR;Puglia;34352
2923;Francavilla in Sinni;PZ;Basilicata;3823
2924;Francavilla Marittima;CS;Calabria;2708
2925;Francica;VV;Calabria;1608
2926;Francofonte;SR;Sicilia;11484
2927;Francolise;CE;Campania;4661
2928;Frascaro;AL;Piemonte;425
2929;Frascarolo;PV;Lombardia;1075
2930;Frascati;RM;Lazio;22948
2931;Frascineto;CS;Calabria;1812
2932;Frassilongo;TN;Trentino Alto Adige;336
2933;Frassinelle Polesine;RO;Veneto;1326
2934;Frassinello Monferrato;AL;Piemonte;449
2935;Frassineto Po;AL;Piemonte;1349
2936;Frassinetto;TO;Piemonte;272
2937;Frassino;CN;Piemonte;250
2938;Frassinoro;MO;Emilia Romagna;1697
2939;Frasso Sabino;RI;Lazio;733
2940;Frasso Telesino;BN;Campania;1946
2941;Fratta Polesine;RO;Veneto;2445
2942;Fratta Todina;PG;Umbria;1913
2943;Frattamaggiore;;Campania;28677
2944;Frattaminore;;Campania;15412
2945;Fratte Rosa;PU;Marche;827
2946;Frazzan?;ME;Sicilia;
2947;Fregona;TV;Veneto;2738
2948;Fresagrandinaria;CH;Abruzzo;913
2949;Fresonara;AL;Piemonte;651
2950;Frigento;AV;Campania;3396
2951;Frignano;CE;Campania;8974
2952;Frinco;AT;Piemonte;722
2953;Frisa;CH;Abruzzo;1594
2954;Frisanco;PN;Friuli Venezia Giulia;599
2955;Front;TO;Piemonte;1590
2956;Frontino;PU;Marche;290
2957;Frontone;PU;Marche;1192
2958;Frosinone;FR;Lazio;42836
2959;Frosolone;IS;Molise;2721
2960;Frossasco;TO;Piemonte;2846
2961;Frugarolo;AL;Piemonte;1882
2962;Fubine;AL;Piemonte;
2963;Fucecchio;FI;Toscana;22919
2964;Fuipiano Valle Imagna;BG;Lombardia;203
2965;Fumane;VR;Veneto;4193
2966;Fumone;FR;Lazio;1929
2967;Funes;BZ;Trentino Alto Adige;
2968;Furci;CH;Abruzzo;779
2969;Furci Siculo;ME;Sicilia;3245
2970;Furnari;ME;Sicilia;4246
2971;Furore;SA;Campania;678
2972;Furtei;VS;Sardegna;1474
2973;Fuscaldo;CS;Calabria;7923
2974;Fusignano;RA;Emilia Romagna;8258
2975;Fusine;SO;Lombardia;545
2976;Futani;SA;Campania;1048
2977;Gabbioneta-Binanuova;CR;Lombardia;859
2978;Gabiano;AL;Piemonte;1033
2979;Gabicce Mare;PU;Marche;5411
2980;Gaby;AO;Valle d'Aosta;404
2981;Gadesco-Pieve Delmona;CR;Lombardia;1882
2982;Gadoni;NU;Sardegna;638
2983;Gaeta;LT;Lazio;18908
2984;Gaggi;ME;Sicilia;3094
2985;Gaggiano;MI;Lombardia;9543
2986;Gaggio Montano;BO;Emilia Romagna;4931
2987;Gaglianico;BI;Piemonte;3803
2988;Gagliano Aterno;AQ;Abruzzo;221
2989;Gagliano Castelferrato;EN;Sicilia;3111
2990;Gagliano del Capo;LE;Puglia;4779
2991;Gagliato;CZ;Calabria;411
2992;Gagliole;MC;Marche;513
2993;Gaiarine;TV;Veneto;5826
2994;Gaiba;RO;Veneto;932
2995;Gaiola;CN;Piemonte;574
2996;Gaiole in Chianti;SI;Toscana;2460
2997;Gairo;OG;Sardegna;1272
2998;Gais;BZ;Trentino Alto Adige;
2999;Galati Mamertino;ME;Sicilia;2108
3000;Galatina;LE;Puglia;25173
3001;Galatone;LE;Puglia;14855
3002;Galatro;RC;Calabria;1391
3003;Galbiate;LC;Lombardia;8426
3004;Galeata;FC;Emilia Romagna;2556
3005;Galgagnano;LO;Lombardia;1308
3006;Gallarate;VA;Lombardia;53023
3007;Gallese;VT;Lazio;2551
3008;Galliate;NO;Piemonte;15884
3009;Galliate Lombardo;VA;Lombardia;1035
3010;Galliavola;PV;Lombardia;171
3011;Gallicano;LU;Toscana;3592
3012;Gallicano Nel Lazio;RM;Lazio;6578
3013;Gallicchio;PZ;Basilicata;747
3014;Galliera;BO;Emilia Romagna;5776
3015;Galliera Veneta;PD;Veneto;7165
3016;Gallinaro;FR;Lazio;1164
3017;Gallio;VI;Veneto;2354
3018;Gallipoli;LE;Puglia;18826
3019;Gallo Matese;CE;Campania;439
3020;Gallodoro;ME;Sicilia;320
3021;Galluccio;CE;Campania;1987
3022;Galtelli;NU;Sardegna;
3023;Galzignano Terme;PD;Veneto;4271
3024;Gamalero;AL;Piemonte;783
3025;Gambara;BS;Lombardia;4760
3026;Gambarana;PV;Lombardia;174
3027;Gambasca;CN;Piemonte;376
3028;Gambassi Terme;FI;Toscana;4872
3029;Gambatesa;CB;Molise;1233
3030;Gambellara;VI;Veneto;3454
3031;Gamberale;CH;Abruzzo;267
3032;Gambettola;FC;Emilia Romagna;10963
3033;Gambol?;PV;Lombardia;
3034;Gambugliano;VI;Veneto;
3035;Gandellino;BG;Lombardia;936
3036;Gandino;BG;Lombardia;5182
3037;Gandosso;BG;Lombardia;1446
3038;Gangi;PA;Sicilia;5918
3039;Garaguso;MT;Basilicata;887
3040;Garbagna;AL;Piemonte;638
3041;Garbagna Novarese;NO;Piemonte;1397
3042;Garbagnate Milanese;MI;Lombardia;27064
3043;Garbagnate Monastero;LC;Lombardia;2503
3044;Garda;VR;Veneto;4044
3045;Gardone Riviera;BS;Lombardia;2568
3046;Gardone Val Trompia;BS;Lombardia;11599
3047;Garessio;CN;Piemonte;2833
3048;Gargallo;NO;Piemonte;1751
3049;Gargazzone;BZ;Trentino Alto Adige;
3050;Gargnano;BS;Lombardia;2615
3051;Garlasco;PV;Lombardia;9665
3052;Garlate;LC;Lombardia;2661
3053;Garlenda;SV;Liguria;1397
3054;Garniga Terme;TN;Trentino Alto Adige;427
3055;Garzeno;CO;Lombardia;656
3056;Garzigliana;TO;Piemonte;564
3057;Gasperina;CZ;Calabria;1860
3058;Gassino Torinese;TO;Piemonte;9208
3059;Gattatico;RE;Emilia Romagna;5823
3060;Gatteo;FC;Emilia Romagna;9469
3061;Gattico;NO;Piemonte;
3062;Gattinara;VC;Piemonte;7548
3063;Gavardo;BS;Lombardia;12438
3064;Gavazzana;AL;Piemonte;
3065;Gavello;RO;Veneto;1418
3066;Gaverina Terme;BG;Lombardia;899
3067;Gavi;AL;Piemonte;4344
3068;Gavignano;RM;Lazio;1854
3069;Gavirate;VA;Lombardia;9145
3070;Gavoi;NU;Sardegna;2404
3071;Gavorrano;GR;Toscana;8356
3072;Gazoldo degli Ippoliti;MN;Lombardia;3046
3073;Gazzada Schianno;VA;Lombardia;4635
3074;Gazzaniga;BG;Lombardia;4976
3075;Gazzo;PD;Veneto;4295
3076;Gazzo Veronese;VR;Veneto;5226
3077;Gazzola;PC;Emilia Romagna;2201
3078;Gazzuolo;MN;Lombardia;2035
3079;Gela;CL;Sicilia;70109
3080;Gemmano;RN;Emilia Romagna;1156
3081;Gemona del Friuli;UD;Friuli Venezia Giulia;10416
3082;Gemonio;VA;Lombardia;2871
3083;Genazzano;RM;Lazio;5737
3084;Genga;AN;Marche;1612
3085;Genivolta;CR;Lombardia;1082
3086;Genola;CN;Piemonte;2564
3087;Genoni;OR;Sardegna;716
3088;Genova;GE;Liguria;566247
3089;Genuri;VS;Sardegna;295
3090;Genzano di Lucania;PZ;Basilicata;5036
3091;Genzano di Roma;RM;Lazio;22329
3092;Genzone;PV;Lombardia;
3093;Gera Lario;CO;Lombardia;1065
3094;Gerace;RC;Calabria;2275
3095;Geraci Siculo;PA;Sicilia;1636
3096;Gerano;RM;Lazio;1110
3097;Gerenzago;PV;Lombardia;1503
3098;Gerenzano;VA;Lombardia;11065
3099;Gergei;CA;Sardegna;1095
3100;Germagnano;TO;Piemonte;1131
3101;Germagno;VB;Piemonte;185
3102;Germasino;CO;Lombardia;
3103;Germignaga;VA;Lombardia;3781
3104;Gerocarne;VV;Calabria;1856
3105;Gerola Alta;SO;Lombardia;158
3106;Gerosa;BG;Lombardia;
3107;Gerre de' Caprioli;CR;Lombardia;1310
3108;Gesico;CA;Sardegna;698
3109;Gessate;MI;Lombardia;9137
3110;Gessopalena;CH;Abruzzo;1137
3111;Gesturi;VS;Sardegna;1113
3112;Gesualdo;AV;Campania;3194
3113;Ghedi;BS;Lombardia;18546
3114;Ghemme;NO;Piemonte;3429
3115;Ghiffa;VB;Piemonte;2165
3116;Ghilarza;OR;Sardegna;4038
3117;Ghisalba;BG;Lombardia;6256
3118;Ghislarengo;VC;Piemonte;820
3119;Giacciano con Baruchella;RO;Veneto;2083
3120;Giaglione;TO;Piemonte;585
3121;Gianico;BS;Lombardia;2078
3122;Giano dell'Umbria;PG;Umbria;3669
3123;Giano Vetusto;CE;Campania;665
3124;Giardinello;PA;Sicilia;2229
3125;Giardini-Naxos;ME;Sicilia;9437
3126;Giarole;AL;Piemonte;682
3127;Giarratana;RG;Sicilia;2994
3128;Giarre;CT;Sicilia;26466
3129;Giave;SS;Sardegna;471
3130;Giaveno;TO;Piemonte;16361
3131;Giavera del Montello;TV;Veneto;5110
3132;Giba;CI;Sardegna;1861
3133;Gibellina;TP;Sicilia;3636
3134;Gifflenga;BI;Piemonte;104
3135;Giffone;RC;Calabria;1553
3136;Giffoni Sei Casali;SA;Campania;4951
3137;Giffoni Valle Piana;SA;Campania;11461
3138;Gignese;VB;Piemonte;1119
3139;Gignod;AO;Valle d'Aosta;1679
3140;Gildone;CB;Molise;707
3141;Gimigliano;CZ;Calabria;2895
3142;Ginestra;PZ;Basilicata;655
3143;Ginestra degli Schiavoni;BN;Campania;378
3144;Ginosa;TA;Puglia;21721
3145;Gioi;SA;Campania;1058
3146;Gioia dei Marsi;AQ;Abruzzo;1688
3147;Gioia del Colle;BA;Puglia;26433
3148;Gioia Sannitica;CE;Campania;3206
3149;Gioia Tauro;RC;Calabria;19324
3150;Gioiosa Ionica;RC;Calabria;6834
3151;Gioiosa Marea;ME;Sicilia;6686
3152;Giove;TR;Umbria;1829
3153;Giovinazzo;BA;Puglia;19087
3154;Giovo;TN;Trentino Alto Adige;2518
3155;Girasole;OG;Sardegna;1369
3156;Girifalco;CZ;Calabria;5401
3157;Gironico;CO;Lombardia;
3158;Gissi;CH;Abruzzo;2401
3159;Giuggianello;LE;Puglia;1118
3160;Giugliano in Campania;;Campania;125018
3161;Giuliana;PA;Sicilia;1626
3162;Giuliano di Roma;FR;Lazio;2310
3163;Giuliano Teatino;CH;Abruzzo;1105
3164;Giulianova;TE;Abruzzo;23556
3165;Giuncugnano;LU;Toscana;
3166;Giungano;SA;Campania;1305
3167;Giurdignano;LE;Puglia;1936
3168;Giussago;PV;Lombardia;5385
3169;Giussano;MB;Lombardia;26509
3170;Giustenice;SV;Liguria;992
3171;Giustino;TN;Trentino Alto Adige;752
3172;Giusvalla;SV;Liguria;389
3173;Givoletto;TO;Piemonte;4060
3174;Gizzeria;CZ;Calabria;5389
3175;Glorenza;BZ;Trentino Alto Adige;
3176;Godega di Sant'Urbano;TV;Veneto;6014
3177;Godiasco;PV;Lombardia;
3178;Godrano;PA;Sicilia;981
3179;Goito;MN;Lombardia;10135
3180;Golasecca;VA;Lombardia;2630
3181;Golferenzo;PV;Lombardia;162
3182;Golfo Aranci;OT;Sardegna;2373
3183;Gombito;CR;Lombardia;611
3184;Gonars;UD;Friuli Venezia Giulia;4552
3185;Goni;CA;Sardegna;434
3186;Gonnesa;CI;Sardegna;4456
3187;Gonnoscodina;OR;Sardegna;421
3188;Gonnosfanadiga;VS;Sardegna;5959
3189;Gonnosn?;OR;Sardegna;
3190;Gonnostramatza;OR;Sardegna;777
3191;Gonzaga;MN;Lombardia;8574
3192;Gordona;SO;Lombardia;1956
3193;Gorga;RM;Lazio;649
3194;Gorgo al Monticano;TV;Veneto;3976
3195;Gorgoglione;MT;Basilicata;828
3196;Gorgonzola;MI;Lombardia;21448
3197;Goriano Sicoli;AQ;Abruzzo;523
3198;Gorizia;GO;Friuli Venezia Giulia;33679
3199;Gorla Maggiore;VA;Lombardia;4781
3200;Gorla Minore;VA;Lombardia;8236
3201;Gorlago;BG;Lombardia;5182
3202;Gorle;BG;Lombardia;6572
3203;Gornate Olona;VA;Lombardia;2212
3204;Gorno;BG;Lombardia;1429
3205;Goro;FE;Emilia Romagna;3353
3206;Gorreto;GE;Liguria;84
3207;Gorzegno;CN;Piemonte;239
3208;Gosaldo;BL;Veneto;511
3209;Gossolengo;PC;Emilia Romagna;5695
3210;Gottasecca;CN;Piemonte;116
3211;Gottolengo;BS;Lombardia;5051
3212;Govone;CN;Piemonte;2233
3213;Gozzano;NO;Piemonte;5464
3214;Gradara;PU;Marche;4899
3215;Gradisca d'Isonzo;GO;Friuli Venezia Giulia;6394
3216;Grado;GO;Friuli Venezia Giulia;7454
3217;Gradoli;VT;Lazio;1220
3218;Graffignana;LO;Lombardia;2602
3219;Graffignano;VT;Lazio;2058
3220;Graglia;BI;Piemonte;1440
3221;Gragnano;;Campania;27420
3222;Gragnano Trebbiense;PC;Emilia Romagna;4515
3223;Grammichele;CT;Sicilia;12127
3224;Grana;AT;Piemonte;
3225;Granaglione;BO;Emilia Romagna;
3226;Granarolo dell'Emilia;BO;Emilia Romagna;13117
3227;Grancona;VI;Veneto;
3228;Grandate;CO;Lombardia;2803
3229;Grandola ed Uniti;CO;Lombardia;1289
3230;Graniti;ME;Sicilia;1434
3231;Granozzo con Monticello;NO;Piemonte;1302
3232;Grantola;VA;Lombardia;1225
3233;Grantorto;PD;Veneto;4435
3234;Granze;PD;Veneto;1873
3235;Grassano;MT;Basilicata;4530
3236;Grassobbio;BG;Lombardia;6547
3237;Gratteri;PA;Sicilia;853
3238;Grauno;TN;Trentino Alto Adige;
3239;Gravedona;CO;Lombardia;
3240;Gravellona Lomellina;PV;Lombardia;2696
3241;Gravellona Toce;VB;Piemonte;7642
3242;Gravere;TO;Piemonte;684
3243;Gravina di Catania;CT;Sicilia;25330
3244;Gravina in Puglia;BA;Puglia;41990
3245;Grazzanise;CE;Campania;6805
3246;Grazzano Badoglio;AT;Piemonte;511
3247;Greccio;RI;Lazio;1448
3248;Greci;AV;Campania;594
3249;Greggio;VC;Piemonte;330
3250;Gremiasco;AL;Piemonte;277
3251;Gressan;AO;Valle d'Aosta;3323
3252;Gressoney-la-Trinit?;AO;Valle d'Aosta;
3253;Gressoney-Saint-Jean;AO;Valle d'Aosta;769
3254;Greve in Chianti;FI;Toscana;13365
3255;Grezzago;MI;Lombardia;3176
3256;Grezzana;VR;Veneto;10775
3257;Griante;CO;Lombardia;553
3258;Gricignano di Aversa;CE;Campania;13223
3259;Grignasco;NO;Piemonte;4299
3260;Grigno;TN;Trentino Alto Adige;2030
3261;Grimacco;UD;Friuli Venezia Giulia;299
3262;Grimaldi;CS;Calabria;1489
3263;Grinzane Cavour;CN;Piemonte;1938
3264;Grisignano di Zocco;VI;Veneto;4319
3265;Grisolia;CS;Calabria;2161
3266;Grizzana Morandi;BO;Emilia Romagna;3947
3267;Grognardo;AL;Piemonte;225
3268;Gromo;BG;Lombardia;1142
3269;Grondona;AL;Piemonte;477
3270;Grone;BG;Lombardia;938
3271;Grontardo;CR;Lombardia;1498
3272;Gropello Cairoli;PV;Lombardia;4362
3273;Gropparello;PC;Emilia Romagna;2173
3274;Groscavallo;TO;Piemonte;183
3275;Grosio;SO;Lombardia;4230
3276;Grosotto;SO;Lombardia;1641
3277;Grosseto;GR;Toscana;81275
3278;Grosso;TO;Piemonte;1004
3279;Grottaferrata;RM;Lazio;20345
3280;Grottaglie;TA;Puglia;29976
3281;Grottaminarda;AV;Campania;7564
3282;Grottammare;AP;Marche;15913
3283;Grottazzolina;FM;Marche;3239
3284;Grotte;AG;Sicilia;5044
3285;Grotte di Castro;VT;Lazio;2374
3286;Grotteria;RC;Calabria;2815
3287;Grottole;MT;Basilicata;1935
3288;Grottolella;AV;Campania;1811
3289;Gruaro;VE;Veneto;2700
3290;Grugliasco;TO;Piemonte;36410
3291;Grumello Cremonese ed Uniti;CR;Lombardia;1725
3292;Grumello del Monte;BG;Lombardia;7675
3293;Grumento Nova;PZ;Basilicata;1514
3294;Grumes;TN;Trentino Alto Adige;
3295;Grumo Appula;BA;Puglia;11956
3296;Grumo Nevano;;Campania;17057
3297;Grumolo delle Abbadesse;VI;Veneto;3900
3298;Guagnano;LE;Puglia;5279
3299;Gualdo;MC;Marche;700
3300;Gualdo Cattaneo;PG;Umbria;5628
3301;Gualdo Tadino;PG;Umbria;14133
3302;Gualtieri;RE;Emilia Romagna;6364
3303;Gualtieri Sicamin?;ME;Sicilia;
3304;Guamaggiore;CA;Sardegna;872
3305;Guanzate;CO;Lombardia;5810
3306;Guarcino;FR;Lazio;1488
3307;Guarda Veneta;RO;Veneto;1100
3308;Guardabosone;VC;Piemonte;296
3309;Guardamiglio;LO;Lombardia;2730
3310;Guardavalle;CZ;Calabria;4004
3311;Guardea;TR;Umbria;1714
3312;Guardia Lombardi;AV;Campania;1446
3313;Guardia Perticara;PZ;Basilicata;502
3314;Guardia Piemontese;CS;Calabria;1767
3315;Guardia Sanframondi;BN;Campania;4465
3316;Guardiagrele;CH;Abruzzo;8161
3317;Guardialfiera;CB;Molise;942
3318;Guardiaregia;CB;Molise;659
3319;Guardistallo;PI;Toscana;1201
3320;Guarene;CN;Piemonte;3548
3321;Guasila;CA;Sardegna;2411
3322;Guastalla;RE;Emilia Romagna;14675
3323;Guazzora;AL;Piemonte;288
3324;Gubbio;PG;Umbria;30190
3325;Gudo Visconti;MI;Lombardia;1608
3326;Guglionesi;CB;Molise;4874
3327;Guidizzolo;MN;Lombardia;6045
3328;Guidonia Montecelio;RM;Lazio;89420
3329;Guiglia;MO;Emilia Romagna;4356
3330;Guilmi;CH;Abruzzo;443
3331;Gurro;VB;Piemonte;159
3332;Guspini;VS;Sardegna;10563
3333;Gussago;BS;Lombardia;16663
3334;Gussola;CR;Lombardia;2687
3335;Hone;AO;Valle d'Aosta;
3336;Idro;BS;Lombardia;1873
3337;Jesolo;VE;Veneto;27120
3338;Iglesias;CI;Sardegna;24409
3339;Igliano;CN;Piemonte;63
3340;Ilbono;OG;Sardegna;1966
3341;Illasi;VR;Veneto;5149
3342;Illorai;SS;Sardegna;698
3343;Imbersago;LC;Lombardia;2565
3344;Imer;TN;Trentino Alto Adige;1152
3345;Imola;BO;Emilia Romagna;69702
3346;Imperia;IM;Liguria;42594
3347;Impruneta;FI;Toscana;14186
3348;Inarzo;VA;Lombardia;1073
3349;Incisa in Val d'Arno;FI;Toscana;
3350;Incisa Scapaccino;AT;Piemonte;2006
3351;Incudine;BS;Lombardia;345
3352;Induno Olona;VA;Lombardia;10446
3353;Ingria;TO;Piemonte;44
3354;Intragna;VB;Piemonte;85
3355;Introbio;LC;Lombardia;1948
3356;Introd;AO;Valle d'Aosta;642
3357;Introdacqua;AQ;Abruzzo;1928
3358;Introzzo;LC;Lombardia;
3359;Inverigo;CO;Lombardia;9149
3360;Inverno e Monteleone;PV;Lombardia;1493
3361;Inverso Pinasca;TO;Piemonte;677
3362;Inveruno;MI;Lombardia;8568
3363;Invorio;NO;Piemonte;4290
3364;Inzago;MI;Lombardia;11465
3365;Irgoli;NU;Sardegna;2194
3366;Irma;BS;Lombardia;135
3367;Irsina;MT;Basilicata;4292
3368;Isasca;CN;Piemonte;63
3369;Isca sullo Ionio;CZ;Calabria;1480
3370;Ischia;;Campania;19415
3371;Ischia di Castro;VT;Lazio;2107
3372;Ischitella;FG;Puglia;4028
3373;Iseo;BS;Lombardia;8969
3374;Isera;TN;Trentino Alto Adige;2816
3375;Isernia;IS;Molise;20491
3376;Isili;CA;Sardegna;2429
3377;Isnello;PA;Sicilia;1393
3378;Isola d'Asti;AT;Piemonte;1897
3379;Isola del Cantone;GE;Liguria;1425
3380;Isola del Giglio;GR;Toscana;1279
3381;Isola del Gran Sasso d'Italia;TE;Abruzzo;4400
3382;Isola del Liri;FR;Lazio;10517
3383;Isola del Piano;PU;Marche;517
3384;Isola della Scala;VR;Veneto;11825
3385;Isola delle Femmine;PA;Sicilia;6963
3386;Isola di Capo Rizzuto;KR;Calabria;18985
3387;Isola di Fondra;BG;Lombardia;172
3388;Isola Dovarese;CR;Lombardia;1065
3389;Isola Rizza;VR;Veneto;3317
3390;Isola Sant'Antonio;AL;Piemonte;654
3391;Isola Vicentina;VI;Veneto;10290
3392;Isolabella;TO;Piemonte;355
3393;Isolabona;IM;Liguria;689
3394;Isole Tremiti;FG;Puglia;470
3395;Isorella;BS;Lombardia;4123
3396;Ispani;SA;Campania;971
3397;Ispica;RG;Sicilia;16706
3398;Ispra;VA;Lombardia;5358
3399;Issiglio;TO;Piemonte;434
3400;Issime;AO;Valle d'Aosta;372
3401;Isso;BG;Lombardia;635
3402;Issogne;AO;Valle d'Aosta;1283
3403;Istrana;TV;Veneto;9088
3404;Itala;ME;Sicilia;1491
3405;Itri;LT;Lazio;10579
3406;Ittireddu;SS;Sardegna;457
3407;Ittiri;SS;Sardegna;7730
3408;Ivano-Fracena;TN;Trentino Alto Adige;
3409;Ivrea;TO;Piemonte;22544
3410;Izano;CR;Lombardia;1951
3411;Jacurso;CZ;Calabria;512
3412;Jelsi;CB;Molise;1530
3413;Jenne;RM;Lazio;324
3414;Jerago con Orago;VA;Lombardia;5177
3415;Jerzu;OG;Sardegna;2912
3416;Jesi;AN;Marche;39430
3417;Jolanda di Savoia;FE;Emilia Romagna;2595
3418;Jonadi;VV;Calabria;4768
3419;Joppolo;VV;Calabria;1711
3420;Joppolo Giancaxio;AG;Sicilia;1064
3421;Jovencan;AO;Valle d'Aosta;
3422;L'Aquila;AQ;Abruzzo;70803
3423;La Cassa;TO;Piemonte;1719
3424;La Loggia;TO;Piemonte;8673
3425;La Maddalena;OT;Sardegna;10449
3426;La Magdeleine;AO;Valle d'Aosta;107
3427;La Morra;CN;Piemonte;2626
3428;La Salle;AO;Valle d'Aosta;2035
3429;La Spezia;SP;Liguria;92610
3430;La Thuile;AO;Valle d'Aosta;746
3431;La Valle;BZ;Trentino Alto Adige;
3432;La Valle Agordina;BL;Veneto;1040
3433;Labico;RM;Lazio;6409
3434;Labro;RI;Lazio;342
3435;Lacchiarella;MI;Lombardia;9131
3436;Lacco Ameno;;Campania;4469
3437;Lacedonia;AV;Campania;2011
3438;Laces;BZ;Trentino Alto Adige;
3439;Laconi;OR;Sardegna;1589
3440;Ladispoli;RM;Lazio;40968
3441;Laerru;SS;Sardegna;806
3442;Laganadi;RC;Calabria;321
3443;Laghi;VI;Veneto;135
3444;Laglio;CO;Lombardia;813
3445;Lagnasco;CN;Piemonte;1384
3446;Lago;CS;Calabria;2362
3447;Lagonegro;PZ;Basilicata;4905
3448;Lagosanto;FE;Emilia Romagna;4658
3449;Lagundo;BZ;Trentino Alto Adige;
3450;Laigueglia;SV;Liguria;1681
3451;Lainate;MI;Lombardia;26457
3452;Laino;CO;Lombardia;566
3453;Laino Borgo;CS;Calabria;1578
3454;Laino Castello;CS;Calabria;749
3455;Laion;BZ;Trentino Alto Adige;
3456;Laives;BZ;Trentino Alto Adige;
3457;Lajatico;PI;Toscana;1252
3458;Lallio;BG;Lombardia;4254
3459;Lama dei Peligni;CH;Abruzzo;1007
3460;Lama Mocogno;MO;Emilia Romagna;2679
3461;Lambrugo;CO;Lombardia;2544
3462;Lamezia Terme;CZ;Calabria;67005
3463;Lamon;BL;Veneto;2576
3464;Lampedusa e Linosa;AG;Sicilia;6485
3465;Lamporecchio;PT;Toscana;7360
3466;Lamporo;VC;Piemonte;468
3467;Lana;BZ;Trentino Alto Adige;
3468;Lanciano;CH;Abruzzo;33843
3469;Landiona;NO;Piemonte;518
3470;Landriano;PV;Lombardia;6551
3471;Langhirano;PR;Emilia Romagna;10964
3472;Langosco;PV;Lombardia;365
3473;Lanusei;OG;Sardegna;4881
3474;Lanuvio;RM;Lazio;12897
3475;Lanzada;SO;Lombardia;1227
3476;Lanzo d'Intelvi;CO;Lombardia;
3477;Lanzo Torinese;TO;Piemonte;5038
3478;Lapedona;FM;Marche;1144
3479;Lapio;AV;Campania;1421
3480;Lappano;CS;Calabria;849
3481;Larciano;PT;Toscana;6341
3482;Lardaro;TN;Trentino Alto Adige;
3483;Lardirago;PV;Lombardia;1163
3484;Lari;PI;Toscana;
3485;Lariano;RM;Lazio;13297
3486;Larino;CB;Molise;6257
3487;Las Plassas;VS;Sardegna;208
3488;Lasa;BZ;Trentino Alto Adige;
3489;Lascari;PA;Sicilia;3769
3490;Lasino;TN;Trentino Alto Adige;
3491;Lasnigo;CO;Lombardia;444
3492;Lastebasse;VI;Veneto;174
3493;Lastra a Signa;FI;Toscana;19880
3494;Latera;VT;Lazio;772
3495;Laterina;AR;Toscana;
3496;Laterza;TA;Puglia;14584
3497;Latiano;BR;Puglia;13222
3498;Latina;LT;Lazio;127450
3499;Latisana;UD;Friuli Venezia Giulia;13162
3500;Latronico;PZ;Basilicata;3950
3501;Lattarico;CS;Calabria;3671
3502;Lauco;UD;Friuli Venezia Giulia;626
3503;Laureana Cilento;SA;Campania;1255
3504;Laureana di Borrello;RC;Calabria;4557
3505;Lauregno;BZ;Trentino Alto Adige;
3506;Laurenzana;PZ;Basilicata;1528
3507;Lauria;PZ;Basilicata;11651
3508;Lauriano;TO;Piemonte;1356
3509;Laurino;SA;Campania;1200
3510;Laurito;SA;Campania;647
3511;Lauro;AV;Campania;3243
3512;Lavagna;GE;Liguria;12411
3513;Lavagno;VR;Veneto;8730
3514;Lavarone;TN;Trentino Alto Adige;1205
3515;Lavello;PZ;Basilicata;12820
3516;Lavena Ponte Tresa;VA;Lombardia;5649
3517;Laveno-Mombello;VA;Lombardia;8370
3518;Lavenone;BS;Lombardia;508
3519;Laviano;SA;Campania;1261
3520;Lavis;TN;Trentino Alto Adige;9208
3521;Lazise;VR;Veneto;6771
3522;Lazzate;MB;Lombardia;7722
3523;Lecce;LE;Puglia;94387
3524;Lecce nei Marsi;AQ;Abruzzo;1476
3525;Lecco;LC;Lombardia;47326
3526;Leffe;BG;Lombardia;4313
3527;Leggiuno;VA;Lombardia;3621
3528;Legnago;VR;Veneto;26084
3529;Legnano;MI;Lombardia;60980
3530;Legnaro;PD;Veneto;9564
3531;Lei;NU;Sardegna;433
3532;Lein?;TO;Piemonte;
3533;Leivi;GE;Liguria;2447
3534;Lemie;TO;Piemonte;153
3535;Lendinara;RO;Veneto;11538
3536;Leni;ME;Sicilia;669
3537;Lenna;BG;Lombardia;549
3538;Lenno;CO;Lombardia;
3539;Leno;BS;Lombardia;14474
3540;Lenola;LT;Lazio;4095
3541;Lenta;VC;Piemonte;759
3542;Lentate sul Seveso;MB;Lombardia;16049
3543;Lentella;CH;Abruzzo;653
3544;Lentiai;BL;Veneto;
3545;Lentini;SR;Sicilia;21022
3546;Leonessa;RI;Lazio;2019
3547;Leonforte;EN;Sicilia;12023
3548;Leporano;TA;Puglia;8202
3549;Lequile;LE;Puglia;8600
3550;Lequio Berria;CN;Piemonte;425
3551;Lequio Tanaro;CN;Piemonte;730
3552;Lercara Friddi;PA;Sicilia;6042
3553;Lerici;SP;Liguria;9143
3554;Lerma;AL;Piemonte;797
3555;Lesa;NO;Piemonte;2203
3556;Lesegno;CN;Piemonte;867
3557;Lesignano de' Bagni;PR;Emilia Romagna;5142
3558;Lesina;FG;Puglia;6255
3559;Lesmo;MB;Lombardia;8376
3560;Lessolo;TO;Piemonte;1748
3561;Lessona;BI;Piemonte;2590
3562;Lestizza;UD;Friuli Venezia Giulia;3569
3563;Letino;CE;Campania;610
3564;Letojanni;ME;Sicilia;2979
3565;Lettere;;Campania;6019
3566;Lettomanoppello;PE;Abruzzo;2603
3567;Lettopalena;CH;Abruzzo;306
3568;Levanto;SP;Liguria;5018
3569;Levate;BG;Lombardia;3740
3570;Leverano;LE;Puglia;13334
3571;Levice;CN;Piemonte;174
3572;Levico Terme;TN;Trentino Alto Adige;8334
3573;Levone;TO;Piemonte;476
3574;Lezzeno;CO;Lombardia;1856
3575;Liberi;CE;Campania;1008
3576;Librizzi;ME;Sicilia;1535
3577;Licata;AG;Sicilia;34203
3578;Licciana Nardi;MS;Toscana;4706
3579;Licenza;RM;Lazio;988
3580;Licodia Eubea;CT;Sicilia;2762
3581;Lierna;LC;Lombardia;2111
3582;Lignana;VC;Piemonte;551
3583;Lignano Sabbiadoro;UD;Friuli Venezia Giulia;6973
3584;Ligonchio;RE;Emilia Romagna;
3585;Ligosullo;UD;Friuli Venezia Giulia;
3586;Lillianes;AO;Valle d'Aosta;410
3587;Limana;BL;Veneto;5455
3588;Limatola;BN;Campania;4220
3589;Limbadi;VV;Calabria;3184
3590;Limbiate;MB;Lombardia;35865
3591;Limena;PD;Veneto;8237
3592;Limido Comasco;CO;Lombardia;3925
3593;Limina;ME;Sicilia;703
3594;Limone Piemonte;CN;Piemonte;1329
3595;Limone sul Garda;BS;Lombardia;1096
3596;Limosano;CB;Molise;661
3597;Linarolo;PV;Lombardia;2797
3598;Linguaglossa;CT;Sicilia;4987
3599;Lioni;AV;Campania;5862
3600;Lipari;ME;Sicilia;12794
3601;Lipomo;CO;Lombardia;5869
3602;Lirio;PV;Lombardia;122
3603;Liscate;MI;Lombardia;3931
3604;Liscia;CH;Abruzzo;623
3605;Lisciano Niccone;PG;Umbria;602
3606;Lisignago;TN;Trentino Alto Adige;
3607;Lisio;CN;Piemonte;181
3608;Lissone;MB;Lombardia;46792
3609;Liveri;;Campania;1474
3610;Livigno;SO;Lombardia;6663
3611;Livinallongo del Col di Lana;BL;Veneto;1218
3612;Livo;CO;Lombardia;158
3612;Livo;CO;Lombardia;774
3613;Livo;TN;Trentino Alto Adige;158
3613;Livo;TN;Trentino Alto Adige;774
3614;Livorno;LI;Toscana;152451
3615;Livorno Ferraris;VC;Piemonte;4248
3616;Livraga;LO;Lombardia;2534
3617;Lizzanello;LE;Puglia;12029
3618;Lizzano;TA;Puglia;9444
3619;Lizzano in Belvedere;BO;Emilia Romagna;2295
3620;Loano;SV;Liguria;10710
3621;Loazzolo;AT;Piemonte;296
3622;Locana;TO;Piemonte;1280
3623;Locate di Triulzi;MI;Lombardia;10360
3624;Locate Varesino;CO;Lombardia;4303
3625;Locatello;BG;Lombardia;812
3626;Loceri;OG;Sardegna;1345
3627;Locorotondo;BA;Puglia;13792
3628;Locri;RC;Calabria;11856
3629;Loculi;NU;Sardegna;476
3630;Lod?;NU;Sardegna;
3631;Lodi;LO;Lombardia;45643
3632;Lodi Vecchio;LO;Lombardia;7717
3633;Lodine;NU;Sardegna;292
3634;Lodrino;BS;Lombardia;1627
3635;Lograto;BS;Lombardia;3845
3636;Loiano;BO;Emilia Romagna;4589
3637;Loiri Porto San Paolo;OT;Sardegna;3929
3638;Lomagna;LC;Lombardia;5118
3639;Lomaso;TN;Trentino Alto Adige;
3640;Lomazzo;CO;Lombardia;10046
3641;Lombardore;TO;Piemonte;1735
3642;Lombriasco;TO;Piemonte;1090
3643;Lomello;PV;Lombardia;2010
3644;Lona-Lases;TN;Trentino Alto Adige;882
3645;Lonate Ceppino;VA;Lombardia;5177
3646;Lonate Pozzolo;VA;Lombardia;11338
3647;Lonato del Garda;BS;Lombardia;17168
3648;Londa;FI;Toscana;1848
3649;Longano;IS;Molise;618
3650;Longare;VI;Veneto;5531
3651;Longarone;BL;Veneto;4982
3652;Longhena;BS;Lombardia;565
3653;Longi;ME;Sicilia;1251
3654;Longiano;FC;Emilia Romagna;7194
3655;Longobardi;CS;Calabria;3218
3656;Longobucco;CS;Calabria;2435
3657;Longone al Segrino;CO;Lombardia;1984
3658;Longone Sabino;RI;Lazio;510
3659;Lonigo;VI;Veneto;16058
3660;Loranz?;TO;Piemonte;
3661;Loreggia;PD;Veneto;7725
3662;Loreglia;VB;Piemonte;197
3663;Lorenzago di Cadore;BL;Veneto;527
3664;Lorenzana;PI;Toscana;
3665;Loreo;RO;Veneto;3177
3666;Loreto;AN;Marche;13083
3667;Loreto Aprutino;PE;Abruzzo;7037
3668;Loria;TV;Veneto;9221
3669;Loro Ciuffenna;AR;Toscana;5874
3670;Loro Piceno;MC;Marche;2155
3671;Lorsica;GE;Liguria;377
3672;Losine;BS;Lombardia;647
3673;Lotzorai;OG;Sardegna;2122
3674;Lovere;BG;Lombardia;4943
3675;Lovero;SO;Lombardia;608
3676;Lozio;BS;Lombardia;365
3677;Lozza;VA;Lombardia;1211
3678;Lozzo Atestino;PD;Veneto;3076
3679;Lozzo di Cadore;BL;Veneto;1212
3680;Lozzolo;VC;Piemonte;753
3681;Lu;AL;Piemonte;
3682;Lubriano;VT;Lazio;841
3683;Lucca;LU;Toscana;88464
3684;Lucca Sicula;AG;Sicilia;1700
3685;Lucera;FG;Puglia;30335
3686;Lucignano;AR;Toscana;3394
3687;Lucinasco;IM;Liguria;294
3688;Lucito;CB;Molise;616
3689;Luco dei Marsi;AQ;Abruzzo;5935
3690;Lucoli;AQ;Abruzzo;847
3691;Lugagnano Val d'Arda;PC;Emilia Romagna;3927
3692;Lugnacco;TO;Piemonte;
3693;Lugnano in Teverina;TR;Umbria;1390
3694;Lugo;RA;Emilia Romagna;32128
3695;Lugo di Vicenza;VI;Veneto;3510
3696;Luino;VA;Lombardia;14003
3697;Luisago;CO;Lombardia;2834
3698;Lula;NU;Sardegna;1198
3699;Lumarzo;GE;Liguria;1437
3700;Lumezzane;BS;Lombardia;21742
3701;Lunamatrona;VS;Sardegna;1582
3702;Lunano;PU;Marche;1412
3703;Lungavilla;PV;Lombardia;2407
3704;Lungro;CS;Calabria;2046
3705;Luogosano;AV;Campania;1062
3706;Luogosanto;OT;Sardegna;1838
3707;Lupara;CB;Molise;391
3708;Lurago d'Erba;CO;Lombardia;5587
3709;Lurago Marinone;CO;Lombardia;2598
3710;Lurano;BG;Lombardia;2893
3711;Luras;OT;Sardegna;2369
3712;Lurate Caccivio;CO;Lombardia;9692
3713;Lusciano;CE;Campania;16371
3714;Luserna;TN;Trentino Alto Adige;263
3715;Luserna San Giovanni;TO;Piemonte;7118
3716;Lusernetta;TO;Piemonte;505
3717;Lusevera;UD;Friuli Venezia Giulia;611
3718;Lusia;RO;Veneto;3196
3719;Lusiana;VI;Veneto;
3720;Lusigli?;TO;Piemonte;
3721;Luson;BZ;Trentino Alto Adige;
3722;Lustra;SA;Campania;1005
3723;Luvinate;VA;Lombardia;1349
3724;Luzzana;BG;Lombardia;912
3725;Luzzara;RE;Emilia Romagna;8577
3726;Luzzi;CS;Calabria;8680
3727;Maccagno;VA;Lombardia;
3728;Maccastorna;LO;Lombardia;67
3729;Macchia d'Isernia;IS;Molise;1020
3730;Macchia Valfortore;CB;Molise;439
3731;Macchiagodena;IS;Molise;1655
3732;Macello;TO;Piemonte;1180
3733;Macerata;MC;Marche;40689
3734;Macerata Campania;CE;Campania;10072
3735;Macerata Feltria;PU;Marche;1880
3736;Macherio;MB;Lombardia;7582
3737;Maclodio;BS;Lombardia;1478
3738;Macomer;NU;Sardegna;8948
3739;Macra;CN;Piemonte;42
3740;Macugnaga;VB;Piemonte;485
3741;Maddaloni;CE;Campania;36538
3742;Madesimo;SO;Lombardia;505
3743;Madignano;CR;Lombardia;2764
3744;Madone;BG;Lombardia;4211
3745;Madonna del Sasso;VB;Piemonte;347
3746;Maenza;LT;Lazio;2956
3747;Mafalda;CB;Molise;1074
3748;Magasa;BS;Lombardia;104
3749;Magenta;MI;Lombardia;25066
3750;Maggiora;NO;Piemonte;1627
3751;Magherno;PV;Lombardia;1798
3752;Magione;PG;Umbria;14662
3753;Magisano;CZ;Calabria;1042
3754;Magliano Alfieri;CN;Piemonte;2169
3755;Magliano Alpi;CN;Piemonte;2166
3756;Magliano de' Marsi;AQ;Abruzzo;3400
3757;Magliano di Tenna;FM;Marche;1405
3758;Magliano in Toscana;GR;Toscana;3249
3759;Magliano Romano;RM;Lazio;1379
3760;Magliano Sabina;RI;Lazio;3457
3761;Magliano Vetere;SA;Campania;573
3762;Maglie;LE;Puglia;13061
3763;Magliolo;SV;Liguria;992
3764;Maglione;TO;Piemonte;409
3765;Magnacavallo;MN;Lombardia;1399
3766;Magnago;MI;Lombardia;9547
3767;Magnano;BI;Piemonte;339
3768;Magnano in Riviera;UD;Friuli Venezia Giulia;2232
3769;Magomadas;OR;Sardegna;594
3770;Magr? sulla Strada del Vino;BZ;Trentino Alto Adige;
3771;Magreglio;CO;Lombardia;673
3772;Maida;CZ;Calabria;4465
3773;Maier?;CS;Calabria;
3774;Maierato;VV;Calabria;2152
3775;Maiolati Spontini;AN;Marche;5927
3776;Maiolo;PU;Marche;783
3777;Maiori;SA;Campania;5211
3778;Mairago;LO;Lombardia;1375
3779;Mairano;BS;Lombardia;3498
3780;Maissana;SP;Liguria;567
3781;Majano;UD;Friuli Venezia Giulia;5703
3782;Malagnino;CR;Lombardia;1703
3783;Malalbergo;BO;Emilia Romagna;9403
3784;Malborghetto-Valbruna;UD;Friuli Venezia Giulia;
3785;Malcesine;VR;Veneto;3472
3786;Mal?;TN;Trentino Alto Adige;
3787;Malegno;BS;Lombardia;1925
3788;Maleo;LO;Lombardia;3055
3789;Malesco;VB;Piemonte;1339
3790;Maletto;CT;Sicilia;3522
3791;Malfa;ME;Sicilia;1003
3792;Malgesso;VA;Lombardia;
3793;Malgrate;LC;Lombardia;4146
3794;Malito;CS;Calabria;681
3795;Mallare;SV;Liguria;1017
3796;Malles Venosta;BZ;Trentino Alto Adige;
3797;Malnate;VA;Lombardia;16650
3798;Malo;VI;Veneto;14706
3799;Malonno;BS;Lombardia;2997
3800;Malosco;TN;Trentino Alto Adige;
3801;Maltignano;AP;Marche;2173
3802;Malvagna;ME;Sicilia;575
3803;Malvicino;AL;Piemonte;79
3804;Malvito;CS;Calabria;1567
3805;Mammola;RC;Calabria;2335
3806;Mamoiada;NU;Sardegna;2349
3807;Manciano;GR;Toscana;6850
3808;Mandanici;ME;Sicilia;468
3809;Mandas;CA;Sardegna;1938
3810;Mandatoriccio;CS;Calabria;2392
3811;Mandela;RM;Lazio;931
3812;Mandello del Lario;LC;Lombardia;9856
3813;Mandello Vitta;NO;Piemonte;213
3814;Manduria;TA;Puglia;29528
3815;Manerba del Garda;BS;Lombardia;5415
3816;Manerbio;BS;Lombardia;13630
3817;Manfredonia;FG;Puglia;53015
3818;Mango;CN;Piemonte;1233
3819;Mangone;CS;Calabria;1895
3820;Maniace;CT;Sicilia;3739
3821;Maniago;PN;Friuli Venezia Giulia;11444
3822;Manocalzati;AV;Campania;2991
3823;Manoppello;PE;Abruzzo;6762
3824;Mansu?;TV;Veneto;
3825;Manta;CN;Piemonte;3870
3826;Mantello;SO;Lombardia;747
3827;Mantova;MN;Lombardia;50215
3828;Manzano;UD;Friuli Venezia Giulia;6275
3829;Manziana;RM;Lazio;7838
3830;Mapello;BG;Lombardia;7039
3831;Mara;SS;Sardegna;518
3832;Maracalagonis;CA;Sardegna;7885
3833;Maranello;MO;Emilia Romagna;17360
3834;Marano di Napoli;;Campania;57631
3835;Marano di Valpolicella;VR;Veneto;3085
3836;Marano Equo;RM;Lazio;757
3837;Marano Lagunare;UD;Friuli Venezia Giulia;1677
3838;Marano Marchesato;CS;Calabria;3329
3839;Marano Principato;CS;Calabria;2995
3840;Marano sul Panaro;MO;Emilia Romagna;5319
3841;Marano Ticino;NO;Piemonte;1623
3842;Marano Vicentino;VI;Veneto;9211
3843;Maranzana;AT;Piemonte;204
3844;Maratea;PZ;Basilicata;4514
3845;Marcallo con Casone;MI;Lombardia;6403
3846;Marcaria;MN;Lombardia;6338
3847;Marcedusa;CZ;Calabria;354
3848;Marcellina;RM;Lazio;7160
3849;Marcellinara;CZ;Calabria;2148
3850;Marcetelli;RI;Lazio;53
3851;Marcheno;BS;Lombardia;4152
3852;Marchirolo;VA;Lombardia;3571
3853;Marciana;LI;Toscana;2049
3854;Marciana Marina;LI;Toscana;1852
3855;Marcianise;CE;Campania;38044
3856;Marciano della Chiana;AR;Toscana;3517
3857;Marcignago;PV;Lombardia;2455
3858;Marcon;VE;Veneto;17664
3859;Marebbe;BZ;Trentino Alto Adige;
3860;Marene;CN;Piemonte;3367
3861;Mareno di Piave;TV;Veneto;9353
3862;Marentino;TO;Piemonte;1269
3863;Maretto;AT;Piemonte;370
3864;Margarita;CN;Piemonte;1413
3865;Margherita di Savoia;BT;Puglia;11025
3866;Margno;LC;Lombardia;421
3867;Mariana Mantovana;MN;Lombardia;794
3868;Mariano Comense;CO;Lombardia;25531
3869;Mariano del Friuli;GO;Friuli Venezia Giulia;1478
3870;Marianopoli;CL;Sicilia;1505
3871;Mariglianella;;Campania;8047
3872;Marigliano;;Campania;29496
3873;Marina di Gioiosa Ionica;RC;Calabria;6303
3874;Marineo;PA;Sicilia;5944
3875;Marino;RM;Lazio;46667
3876;Marlengo;BZ;Trentino Alto Adige;
3877;Marliana;PT;Toscana;3353
3878;Marmentino;BS;Lombardia;648
3879;Marmirolo;MN;Lombardia;7653
3880;Marmora;CN;Piemonte;56
3881;Marnate;VA;Lombardia;8136
3882;Marone;BS;Lombardia;3096
3883;Maropati;RC;Calabria;1291
3884;Marostica;VI;Veneto;14121
3885;Marradi;FI;Toscana;2808
3886;Marrubiu;OR;Sardegna;4499
3887;Marsaglia;CN;Piemonte;222
3888;Marsala;TP;Sicilia;79521
3889;Marsciano;PG;Umbria;17962
3890;Marsico Nuovo;PZ;Basilicata;3680
3891;Marsicovetere;PZ;Basilicata;5680
3892;Marta;VT;Lazio;3211
3893;Martano;LE;Puglia;8397
3894;Martellago;VE;Veneto;21184
3895;Martello;BZ;Trentino Alto Adige;
3896;Martignacco;UD;Friuli Venezia Giulia;6835
3897;Martignana di Po;CR;Lombardia;2024
3898;Martignano;LE;Puglia;1525
3899;Martina Franca;TA;Puglia;46753
3900;Martinengo;BG;Lombardia;11172
3901;Martiniana Po;CN;Piemonte;811
3902;Martinsicuro;TE;Abruzzo;16483
3903;Martirano;CZ;Calabria;784
3904;Martirano Lombardo;CZ;Calabria;923
3905;Martis;SS;Sardegna;455
3906;Martone;RC;Calabria;476
3907;Marudo;LO;Lombardia;1757
3908;Maruggio;TA;Puglia;5138
3909;Marzabotto;BO;Emilia Romagna;6926
3910;Marzano;PV;Lombardia;1804
3911;Marzano Appio;CE;Campania;1913
3912;Marzano di Nola;AV;Campania;1656
3913;Marzi;CS;Calabria;939
3914;Marzio;VA;Lombardia;311
3915;Masainas;CI;Sardegna;1203
3916;Masate;MI;Lombardia;3917
3917;Mascali;CT;Sicilia;14486
3918;Mascalucia;CT;Sicilia;32124
3919;Maschito;PZ;Basilicata;1398
3920;Masciago Primo;VA;Lombardia;275
3921;Maser;TV;Veneto;5094
3922;Masera;VB;Piemonte;1487
3923;Maser? di Padova;PD;Veneto;
3924;Maserada sul Piave;TV;Veneto;9149
3925;Masi;PD;Veneto;1823
3926;Masi Torello;FE;Emilia Romagna;2241
3927;Masio;AL;Piemonte;1276
3928;Maslianico;CO;Lombardia;3162
3929;Mason Vicentino;VI;Veneto;
3930;Masone;GE;Liguria;3314
3931;Massa;MS;Toscana;65547
3932;Massa d'Albe;AQ;Abruzzo;1337
3933;Massa di Somma;;Campania;4933
3934;Massa e Cozzile;PT;Toscana;7752
3935;Massa Fermana;FM;Marche;819
3936;Massa Fiscaglia;FE;Emilia Romagna;
3937;Massa Lombarda;RA;Emilia Romagna;10928
3938;Massa Lubrense;;Campania;14116
3939;Massa Marittima;GR;Toscana;8197
3940;Massa Martana;PG;Umbria;3553
3941;Massafra;TA;Puglia;31766
3942;Massalengo;LO;Lombardia;4456
3943;Massanzago;PD;Veneto;6112
3944;Massarosa;LU;Toscana;21782
3945;Massazza;BI;Piemonte;581
3946;Massello;TO;Piemonte;56
3947;Masserano;BI;Piemonte;1895
3948;Massignano;AP;Marche;1609
3949;Massimeno;TN;Trentino Alto Adige;134
3950;Massimino;SV;Liguria;102
3951;Massino Visconti;NO;Piemonte;1127
3952;Massiola;VB;Piemonte;103
3953;Masullas;OR;Sardegna;979
3954;Matelica;MC;Marche;9026
3955;Matera;MT;Basilicata;59368
3956;Mathi;TO;Piemonte;3674
3957;Matino;LE;Puglia;10754
3958;Matrice;CB;Molise;1019
3959;Mattie;TO;Piemonte;679
3960;Mattinata;FG;Puglia;5840
3961;Mazara del Vallo;TP;Sicilia;50070
3962;Mazzano;BS;Lombardia;12715
3963;Mazzano Romano;RM;Lazio;2935
3964;Mazzarino;CL;Sicilia;10567
3965;Mazzarr? Sant'Andrea;ME;Sicilia;
3966;Mazzarrone;CT;Sicilia;4010
3967;Mazz?;TO;Piemonte;
3968;Mazzin;TN;Trentino Alto Adige;616
3969;Mazzo di Valtellina;SO;Lombardia;1009
3970;Meana di Susa;TO;Piemonte;787
3971;Meana Sardo;NU;Sardegna;1518
3972;Meda;MB;Lombardia;23735
3973;Mede;PV;Lombardia;6102
3974;Medea;GO;Friuli Venezia Giulia;956
3975;Medesano;PR;Emilia Romagna;10762
3976;Medicina;BO;Emilia Romagna;16817
3977;Mediglia;MI;Lombardia;12373
3978;Medolago;BG;Lombardia;2381
3979;Medole;MN;Lombardia;4243
3980;Medolla;MO;Emilia Romagna;6531
3981;Meduna di Livenza;TV;Veneto;2972
3982;Meduno;PN;Friuli Venezia Giulia;1480
3983;Megliadino San Fidenzio;PD;Veneto;
3984;Megliadino San Vitale;PD;Veneto;1821
3985;Meina;NO;Piemonte;2340
3986;Mel;BL;Veneto;
3987;Melara;RO;Veneto;1704
3988;Melazzo;AL;Piemonte;1236
3989;Meldola;FC;Emilia Romagna;10037
3990;Mele;GE;Liguria;2511
3991;Melegnano;MI;Lombardia;18169
3992;Melendugno;LE;Puglia;10093
3993;Meleti;LO;Lombardia;456
3994;Melfi;PZ;Basilicata;16804
3995;Melicucc?;RC;Calabria;
3996;Melicucco;RC;Calabria;4842
3997;Melilli;SR;Sicilia;13127
3998;Melissa;KR;Calabria;3297
3999;Melissano;LE;Puglia;6537
4000;Melito di Napoli;;Campania;36156
4001;Melito di Porto Salvo;RC;Calabria;10314
4002;Melito Irpino;AV;Campania;1759
4003;Melizzano;BN;Campania;1636
4004;Melle;CN;Piemonte;293
4005;Mello;SO;Lombardia;950
4006;Melpignano;LE;Puglia;2154
4007;Meltina;BZ;Trentino Alto Adige;
4008;Melzo;MI;Lombardia;18540
4009;Menaggio;CO;Lombardia;2946
4010;Menarola;SO;Lombardia;
4011;Menconico;PV;Lombardia;326
4012;Mendatica;IM;Liguria;161
4013;Mendicino;CS;Calabria;8892
4014;Menfi;AG;Sicilia;11727
4015;Mentana;RM;Lazio;22615
4016;Meolo;VE;Veneto;6155
4017;Merana;AL;Piemonte;172
4018;Merano;BZ;Trentino Alto Adige;
4019;Merate;LC;Lombardia;15031
4020;Mercallo;VA;Lombardia;1782
4021;Mercatello sul Metauro;PU;Marche;1320
4022;Mercatino Conca;PU;Marche;1078
4023;Mercato San Severino;SA;Campania;21309
4024;Mercato Saraceno;FC;Emilia Romagna;6826
4025;Mercenasco;TO;Piemonte;1355
4026;Mercogliano;AV;Campania;11416
4027;Mereto di Tomba;UD;Friuli Venezia Giulia;2497
4028;Mergo;AN;Marche;970
4029;Mergozzo;VB;Piemonte;2131
4030;Mer?;ME;Sicilia;
4031;Merlara;PD;Veneto;2521
4032;Merlino;LO;Lombardia;1655
4033;Merone;CO;Lombardia;4003
4034;Mesagne;BR;Puglia;25738
4035;Mese;SO;Lombardia;1889
4036;Mesenzana;VA;Lombardia;1825
4037;Mesero;MI;Lombardia;4134
4038;Mesola;FE;Emilia Romagna;6315
4039;Mesoraca;KR;Calabria;5701
4040;Messina;ME;Sicilia;216458
4041;Mestrino;PD;Veneto;11953
4042;Meta;;Campania;7855
4043;Meugliano;TO;Piemonte;
4044;Mezzago;MB;Lombardia;4479
4045;Mezzana;TN;Trentino Alto Adige;883
4046;Mezzana Bigli;PV;Lombardia;1061
4047;Mezzana Mortigliengo;BI;Piemonte;475
4048;Mezzana Rabattone;PV;Lombardia;457
4049;Mezzane di Sotto;VR;Veneto;2502
4050;Mezzanego;GE;Liguria;1563
4051;Mezzani;PR;Emilia Romagna;
4052;Mezzanino;PV;Lombardia;1405
4053;Mezzano;TN;Trentino Alto Adige;1584
4054;Mezzegra;CO;Lombardia;
4055;Mezzenile;TO;Piemonte;735
4056;Mezzocorona;TN;Trentino Alto Adige;5462
4057;Mezzojuso;PA;Sicilia;2499
4058;Mezzoldo;BG;Lombardia;170
4059;Mezzolombardo;TN;Trentino Alto Adige;7799
4060;Mezzomerico;NO;Piemonte;1220
4061;Miagliano;BI;Piemonte;535
4062;Miane;TV;Veneto;2978
4063;Miasino;NO;Piemonte;805
4064;Miazzina;VB;Piemonte;402
4065;Micigliano;RI;Lazio;119
4066;Miggiano;LE;Puglia;3222
4067;Miglianico;CH;Abruzzo;4620
4068;Migliarino;FE;Emilia Romagna;
4069;Migliaro;FE;Emilia Romagna;
4070;Miglierina;CZ;Calabria;671
4071;Miglionico;MT;Basilicata;2336
4072;Mignanego;GE;Liguria;3542
4073;Mignano Monte Lungo;CE;Campania;2974
4074;Milano;MI;Lombardia;1362863
4075;Milazzo;ME;Sicilia;29779
4076;Milena;CL;Sicilia;2599
4077;Mileto;VV;Calabria;6228
4078;Milis;OR;Sardegna;1394
4079;Militello in Val di Catania;CT;Sicilia;6605
4080;Militello Rosmarino;ME;Sicilia;1168
4081;Millesimo;SV;Liguria;3334
4082;Milo;CT;Sicilia;1017
4083;Milzano;BS;Lombardia;1704
4084;Mineo;CT;Sicilia;4345
4085;Minerbe;VR;Veneto;4644
4086;Minerbio;BO;Emilia Romagna;8959
4087;Minervino di Lecce;LE;Puglia;3392
4088;Minervino Murge;BT;Puglia;7811
4089;Minori;SA;Campania;2528
4090;Minturno;LT;Lazio;20400
4091;Minucciano;LU;Toscana;1713
4092;Mioglia;SV;Liguria;502
4093;Mira;VE;Veneto;37465
4094;Mirabella Eclano;AV;Campania;6546
4095;Mirabella Imbaccari;CT;Sicilia;4132
4096;Mirabello;FE;Emilia Romagna;
4097;Mirabello Monferrato;AL;Piemonte;1204
4098;Mirabello Sannitico;CB;Molise;2034
4099;Miradolo Terme;PV;Lombardia;3909
4100;Miranda;IS;Molise;913
4101;Mirandola;MO;Emilia Romagna;24921
4102;Mirano;VE;Veneto;27114
4103;Mirto;ME;Sicilia;852
4104;Misano Adriatico;RN;Emilia Romagna;14171
4105;Misano di Gera d'Adda;BG;Lombardia;3058
4106;Misilmeri;PA;Sicilia;29197
4107;Misinto;MB;Lombardia;5749
4108;Missaglia;LC;Lombardia;9010
4109;Missanello;PZ;Basilicata;464
4110;Misterbianco;CT;Sicilia;48620
4111;Mistretta;ME;Sicilia;4150
4112;Moasca;AT;Piemonte;522
4113;Moconesi;GE;Liguria;2423
4114;Modena;MO;Emilia Romagna;184361
4115;Modica;RG;Sicilia;53622
4116;Modigliana;FC;Emilia Romagna;4301
4117;Modolo;OR;Sardegna;170
4118;Modugno;BA;Puglia;35993
4119;Moena;TN;Trentino Alto Adige;2551
4120;Moggio;LC;Lombardia;492
4121;Moggio Udinese;UD;Friuli Venezia Giulia;1589
4122;Moglia;MN;Lombardia;5394
4123;Mogliano;MC;Marche;4245
4124;Mogliano Veneto;TV;Veneto;28145
4125;Mogorella;OR;Sardegna;388
4126;Mogoro;OR;Sardegna;3784
4127;Moiano;BN;Campania;3986
4128;Moimacco;UD;Friuli Venezia Giulia;1567
4129;Moio Alcantara;ME;Sicilia;679
4130;Moio de' Calvi;BG;Lombardia;199
4131;Moio della Civitella;SA;Campania;1810
4132;Moiola;CN;Piemonte;212
4133;Mola di Bari;BA;Puglia;24095
4134;Molare;AL;Piemonte;1984
4135;Molazzana;LU;Toscana;953
4136;Molfetta;BA;Puglia;57016
4137;Molina Aterno;AQ;Abruzzo;328
4138;Molina di Ledro;TN;Trentino Alto Adige;
4139;Molinara;BN;Campania;1388
4140;Molinella;BO;Emilia Romagna;15910
4141;Molini di Triora;IM;Liguria;583
4142;Molino Dei Torti;AL;Piemonte;567
4143;Molise;CB;Molise;144
4144;Moliterno;PZ;Basilicata;3487
4145;Mollia;VC;Piemonte;100
4146;Molochio;RC;Calabria;2122
4147;Molteno;LC;Lombardia;3528
4148;Moltrasio;CO;Lombardia;1485
4149;Molvena;VI;Veneto;
4150;Molveno;TN;Trentino Alto Adige;1100
4151;Mombaldone;AT;Piemonte;190
4152;Mombarcaro;CN;Piemonte;263
4153;Mombaroccio;PU;Marche;2156
4154;Mombaruzzo;AT;Piemonte;892
4155;Mombasiglio;CN;Piemonte;562
4156;Mombello di Torino;TO;Piemonte;399
4157;Mombello Monferrato;AL;Piemonte;890
4158;Mombercelli;AT;Piemonte;2038
4159;Momo;NO;Piemonte;2405
4160;Mompantero;TO;Piemonte;612
4161;Mompeo;RI;Lazio;504
4162;Momperone;AL;Piemonte;200
4163;Monacilioni;CB;Molise;439
4164;Monale;AT;Piemonte;990
4165;Monasterace;RC;Calabria;3234
4166;Monastero Bormida;AT;Piemonte;820
4167;Monastero di Lanzo;TO;Piemonte;403
4168;Monastero di Vasco;CN;Piemonte;1257
4169;Monasterolo Casotto;CN;Piemonte;82
4170;Monasterolo del Castello;BG;Lombardia;1153
4171;Monasterolo di Savigliano;CN;Piemonte;1312
4172;Monastier di Treviso;TV;Veneto;4432
4173;Monastir;CA;Sardegna;4884
4174;Moncalieri;TO;Piemonte;55442
4175;Moncalvo;AT;Piemonte;2762
4176;Moncenisio;TO;Piemonte;44
4177;Moncestino;AL;Piemonte;194
4178;Monchiero;CN;Piemonte;581
4179;Monchio delle Corti;PR;Emilia Romagna;836
4180;Monclassico;TN;Trentino Alto Adige;
4181;Moncrivello;VC;Piemonte;1360
4182;Moncucco Torinese;AT;Piemonte;869
4183;Mondaino;RN;Emilia Romagna;1357
4184;Mondavio;PU;Marche;3592
4185;Mondolfo;PU;Marche;14406
4186;Mondov?;CN;Piemonte;
4187;Mondragone;CE;Campania;28329
4188;Moneglia;GE;Liguria;2490
4189;Monesiglio;CN;Piemonte;567
4190;Monfalcone;GO;Friuli Venezia Giulia;30767
4191;Monforte d'Alba;CN;Piemonte;1864
4192;Monforte San Giorgio;ME;Sicilia;2390
4193;Monfumo;TV;Veneto;1300
4194;Mongardino;AT;Piemonte;834
4195;Monghidoro;BO;Emilia Romagna;3934
4196;Mongiana;VV;Calabria;573
4197;Mongiardino Ligure;AL;Piemonte;145
4198;Mongiuffi Melia;ME;Sicilia;506
4199;Mongrando;BI;Piemonte;3555
4200;Mongrassano;CS;Calabria;1446
4201;Monguelfo Tesido;BZ;Trentino Alto Adige;
4202;Monguzzo;CO;Lombardia;2381
4203;Moniga del Garda;BS;Lombardia;2682
4204;Monleale;AL;Piemonte;552
4205;Monno;BS;Lombardia;515
4206;Monopoli;BA;Puglia;47657
4207;Monreale;PA;Sicilia;38844
4208;Monrupino;TS;Friuli Venezia Giulia;
4209;Monsampietro Morico;FM;Marche;582
4210;Monsampolo del Tronto;AP;Marche;4379
4211;Monsano;AN;Marche;3184
4212;Monselice;PD;Veneto;17042
4213;Monserrato;CA;Sardegna;18624
4214;Monsummano Terme;PT;Toscana;20863
4215;Mont?;CN;Piemonte;
4216;Montabone;AT;Piemonte;301
4217;Montacuto;AL;Piemonte;227
4218;Montafia;AT;Piemonte;932
4219;Montagano;CB;Molise;951
4220;Montagna;BZ;Trentino Alto Adige;
4221;Montagna in Valtellina;SO;Lombardia;2945
4222;Montagnana;PD;Veneto;9193
4223;Montagnareale;ME;Sicilia;1342
4224;Montagne;TN;Trentino Alto Adige;
4225;Montaguto;AV;Campania;333
4226;Montaione;FI;Toscana;3433
4227;Montalbano Elicona;ME;Sicilia;2072
4228;Montalbano Jonico;MT;Basilicata;6461
4229;Montalcino;SI;Toscana;5530
4230;Montaldeo;AL;Piemonte;206
4231;Montaldo Bormida;AL;Piemonte;576
4232;Montaldo di Mondov?;CN;Piemonte;
4233;Montaldo Roero;CN;Piemonte;894
4234;Montaldo Scarampi;AT;Piemonte;708
4235;Montaldo Torinese;TO;Piemonte;709
4236;Montale;PT;Toscana;10463
4237;Montalenghe;TO;Piemonte;966
4238;Montallegro;AG;Sicilia;2342
4239;Montalto delle Marche;AP;Marche;1814
4240;Montalto di Castro;VT;Lazio;8679
4241;Montalto Dora;TO;Piemonte;3307
4242;Montalto Ligure;IM;Liguria;
4243;Montalto Pavese;PV;Lombardia;804
4244;Montalto Uffugo;CS;Calabria;19909
4245;Montanaro;TO;Piemonte;4974
4246;Montanaso Lombardo;LO;Lombardia;2256
4247;Montanera;CN;Piemonte;682
4248;Montano Antilia;SA;Campania;1644
4249;Montano Lucino;CO;Lombardia;5479
4250;Montappone;FM;Marche;1537
4251;Montaquila;IS;Molise;2218
4252;Montasola;RI;Lazio;398
4253;Montauro;CZ;Calabria;1930
4254;Montazzoli;CH;Abruzzo;790
4255;Monte Argentario;GR;Toscana;11605
4256;Monte Castello di Vibio;PG;Umbria;1378
4257;Monte Cavallo;MC;Marche;100
4258;Monte Cerignone;PU;Marche;568
4259;Monte Colombo;RN;Emilia Romagna;
4260;Monte Compatri;RM;Lazio;11633
4261;Monte Cremasco;CR;Lombardia;2217
4262;Monte di Malo;VI;Veneto;2836
4263;Monte di Procida;;Campania;11735
4264;Monte Giberto;FM;Marche;737
4265;Monte Grimano Terme;PU;Marche;1137
4266;Monte Isola;BS;Lombardia;1576
4267;Monte Marenzo;LC;Lombardia;1775
4268;Monte Porzio;PU;Marche;2852
4269;Monte Porzio Catone;RM;Lazio;8597
4270;Monte Rinaldo;FM;Marche;302
4271;Monte Roberto;AN;Marche;2992
4272;Monte Romano;VT;Lazio;1847
4273;Monte San Biagio;LT;Lazio;6028
4274;Monte San Giacomo;SA;Campania;1354
4275;Monte San Giovanni Campano;FR;Lazio;11794
4276;Monte San Giovanni in Sabina;RI;Lazio;664
4277;Monte San Giusto;MC;Marche;7411
4278;Monte San Martino;MC;Marche;668
4279;Monte San Pietrangeli;FM;Marche;2147
4280;Monte San Pietro;BO;Emilia Romagna;10845
4281;Monte San Savino;AR;Toscana;8588
4282;Monte San Vito;AN;Marche;6680
4283;Monte Sant'Angelo;FG;Puglia;10891
4284;Monte Santa Maria Tiberina;PG;Umbria;1045
4285;Monte Urano;FM;Marche;7777
4286;Monte Vidon Combatte;FM;Marche;394
4287;Monte Vidon Corrado;FM;Marche;666
4288;Montebello della Battaglia;PV;Lombardia;1437
4289;Montebello di Bertona;PE;Abruzzo;803
4290;Montebello Ionico;RC;Calabria;
4291;Montebello sul Sangro;CH;Abruzzo;80
4292;Montebello Vicentino;VI;Veneto;6317
4293;Montebelluna;TV;Veneto;31144
4294;Montebruno;GE;Liguria;199
4295;Montebuono;RI;Lazio;844
4296;Montecalvo in Foglia;PU;Marche;2779
4297;Montecalvo Irpino;AV;Campania;3226
4298;Montecalvo Versiggia;PV;Lombardia;478
4299;Montecarlo;LU;Toscana;4343
4300;Montecarotto;AN;Marche;1849
4301;Montecassiano;MC;Marche;6694
4302;Montecastello;AL;Piemonte;272
4303;Montecastrilli;TR;Umbria;4787
4304;Montecatini Val di Cecina;PI;Toscana;1689
4305;Montecatini Terme;PT;Toscana;
4306;Montecchia di Crosara;VR;Veneto;4323
4307;Montecchio;TR;Umbria;1427
4308;Montecchio Emilia;RE;Emilia Romagna;10441
4309;Montecchio Maggiore;VI;Veneto;24063
4310;Montecchio Precalcino;VI;Veneto;4869
4311;Montechiaro d'Acqui;AL;Piemonte;509
4312;Montechiaro d'Asti;AT;Piemonte;1221
4313;Montechiarugolo;PR;Emilia Romagna;11444
4314;Monteciccardo;PU;Marche;
4315;Montecilfone;CB;Molise;1220
4316;Montecopiolo;PU;Marche;1029
4317;Montecorice;SA;Campania;2592
4318;Montecorvino Pugliano;SA;Campania;11212
4319;Montecorvino Rovella;SA;Campania;12308
4320;Montecosaro;MC;Marche;7370
4321;Montecrestese;VB;Piemonte;1249
4322;Montecreto;MO;Emilia Romagna;951
4323;Montedinove;AP;Marche;443
4324;Montedoro;CL;Sicilia;1320
4325;Montefalcione;AV;Campania;3042
4326;Montefalco;PG;Umbria;5266
4327;Montefalcone Appennino;FM;Marche;363
4328;Montefalcone di Val Fortore;BN;Campania;1260
4329;Montefalcone nel Sannio;CB;Molise;1313
4330;Montefano;MC;Marche;3304
4331;Montefelcino;PU;Marche;2427
4332;Monteferrante;CH;Abruzzo;100
4333;Montefiascone;VT;Lazio;12979
4334;Montefino;TE;Abruzzo;896
4335;Montefiore Conca;RN;Emilia Romagna;2312
4336;Montefiore dell'Aso;AP;Marche;1946
4337;Montefiorino;MO;Emilia Romagna;2119
4338;Monteflavio;RM;Lazio;1150
4339;Monteforte Cilento;SA;Campania;531
4340;Monteforte d'Alpone;VR;Veneto;8953
4341;Monteforte Irpino;AV;Campania;11352
4342;Montefortino;FM;Marche;1014
4343;Montefranco;TR;Umbria;1243
4344;Montefredane;AV;Campania;2153
4345;Montefusco;AV;Campania;1183
4346;Montegabbione;TR;Umbria;1095
4347;Montegalda;VI;Veneto;3324
4348;Montegaldella;VI;Veneto;1765
4349;Montegallo;AP;Marche;364
4350;Montegioco;AL;Piemonte;271
4351;Montegiordano;CS;Calabria;1498
4352;Montegiorgio;FM;Marche;6236
4353;Montegranaro;FM;Marche;12482
4354;Montegridolfo;RN;Emilia Romagna;1025
4355;Montegrino Valtravaglia;VA;Lombardia;1522
4356;Montegrosso d'Asti;AT;Piemonte;2320
4357;Montegrosso Pian Latte;IM;Liguria;109
4358;Montegrotto Terme;PD;Veneto;11628
4359;Monteiasi;TA;Puglia;5190
4360;Montelabbate;PU;Marche;7066
4361;Montelanico;RM;Lazio;2003
4362;Montelapiano;CH;Abruzzo;68
4363;Monteleone d'Orvieto;TR;Umbria;1357
4364;Monteleone di Fermo;FM;Marche;351
4365;Monteleone di Puglia;FG;Puglia;914
4366;Monteleone di Spoleto;PG;Umbria;535
4367;Monteleone Rocca Doria;SS;Sardegna;105
4368;Monteleone Sabino;RI;Lazio;1128
4369;Montelepre;PA;Sicilia;5653
4370;Montelibretti;RM;Lazio;5098
4371;Montella;AV;Campania;7137
4372;Montello;BG;Lombardia;3267
4373;Montelongo;CB;Molise;276
4374;Montelparo;FM;Marche;684
4375;Montelupo Albese;CN;Piemonte;480
4376;Montelupo Fiorentino;FI;Toscana;14272
4377;Montelupone;MC;Marche;3380
4378;Montemaggiore al Metauro;PU;Marche;
4379;Montemaggiore Belsito;PA;Sicilia;2745
4380;Montemagno;AT;Piemonte;
4381;Montemale di Cuneo;CN;Piemonte;244
4382;Montemarano;AV;Campania;2520
4383;Montemarciano;AN;Marche;9827
4384;Montemarzino;AL;Piemonte;312
4385;Montemesola;TA;Puglia;3467
4386;Montemezzo;CO;Lombardia;203
4387;Montemignaio;AR;Toscana;495
4388;Montemiletto;AV;Campania;5013
4389;Montemilone;PZ;Basilicata;1371
4390;Montemitro;CB;Molise;282
4391;Montemonaco;AP;Marche;518
4392;Montemurlo;PO;Toscana;19169
4393;Montemurro;PZ;Basilicata;1021
4394;Montenars;UD;Friuli Venezia Giulia;494
4395;Montenero di Bisaccia;CB;Molise;6186
4396;Montenero Sabino;RI;Lazio;268
4397;Montenero Val Cocchiara;IS;Molise;464
4398;Montenerodomo;CH;Abruzzo;562
4399;Monteodorisio;CH;Abruzzo;2314
4400;Montepaone;CZ;Calabria;5890
4401;Monteparano;TA;Puglia;2239
4402;Monteprandone;AP;Marche;13111
4403;Montepulciano;SI;Toscana;13017
4404;Monterado;AN;Marche;
4405;Monterchi;AR;Toscana;1719
4406;Montereale;AQ;Abruzzo;2183
4407;Montereale Valcellina;PN;Friuli Venezia Giulia;4187
4408;Monterenzio;BO;Emilia Romagna;6169
4409;Monteriggioni;SI;Toscana;10063
4410;Monteroduni;IS;Molise;2121
4411;Monteroni d'Arbia;SI;Toscana;9019
4412;Monteroni di Lecce;LE;Puglia;13147
4413;Monterosi;VT;Lazio;4789
4414;Monterosso al Mare;SP;Liguria;1289
4415;Monterosso Almo;RG;Sicilia;2705
4416;Monterosso Calabro;VV;Calabria;1440
4417;Monterosso Grana;CN;Piemonte;548
4418;Monterotondo;RM;Lazio;41185
4419;Monterotondo Marittimo;GR;Toscana;1274
4420;Monterubbiano;FM;Marche;1964
4421;Montesano Salentino;LE;Puglia;2590
4422;Montesano sulla Marcellana;SA;Campania;6281
4423;Montesarchio;BN;Campania;12969
4424;Montescaglioso;MT;Basilicata;9197
4425;Montescano;PV;Lombardia;439
4426;Montescheno;VB;Piemonte;356
4427;Montescudaio;PI;Toscana;2192
4428;Montescudo;RN;Emilia Romagna;
4429;Montese;MO;Emilia Romagna;3374
4430;Montesegale;PV;Lombardia;239
4431;Montesilvano;PE;Abruzzo;53557
4432;Montespertoli;FI;Toscana;13197
4433;Monteu da Po;TO;Piemonte;824
4434;Monteu Roero;CN;Piemonte;1582
4435;Montevago;AG;Sicilia;2679
4436;Montevarchi;AR;Toscana;24044
4437;Montevecchia;LC;Lombardia;2680
4438;Monteveglio;BO;Emilia Romagna;
4439;Monteverde;AV;Campania;660
4440;Monteverdi Marittimo;PI;Toscana;769
4441;Monteviale;VI;Veneto;2786
4442;Montezemolo;CN;Piemonte;229
4443;Monti;OT;Sardegna;2406
4444;Montiano;FC;Emilia Romagna;1695
4445;Monticelli Brusati;BS;Lombardia;4556
4446;Monticelli d'Ongina;PC;Emilia Romagna;5223
4447;Monticelli Pavese;PV;Lombardia;662
4448;Monticello Brianza;LC;Lombardia;4184
4449;Monticello Conte Otto;VI;Veneto;9094
4450;Monticello d'Alba;CN;Piemonte;2333
4451;Montichiari;BS;Lombardia;26506
4452;Monticiano;SI;Toscana;1636
4453;Montieri;GR;Toscana;1189
4454;Montiglio Monferrato;AT;Piemonte;1497
4455;Montignoso;MS;Toscana;10050
4456;Montirone;BS;Lombardia;5161
4457;Montjovet;AO;Valle d'Aosta;1762
4458;Montodine;CR;Lombardia;2394
4459;Montoggio;GE;Liguria;2020
4460;Montone;PG;Umbria;1534
4461;Montopoli di Sabina;RI;Lazio;4109
4462;Montopoli in Val d'Arno;PI;Toscana;11261
4463;Montorfano;CO;Lombardia;2494
4464;Montorio al Vomano;TE;Abruzzo;7344
4465;Montorio nei Frentani;CB;Molise;342
4466;Montorio Romano;RM;Lazio;1908
4467;Montoro Inferiore;AV;Campania;
4468;Montoro Superiore;AV;Campania;
4469;Montorso Vicentino;VI;Veneto;3001
4470;Montottone;FM;Marche;890
4471;Montresta;OR;Sardegna;434
4472;Mont? Beccaria;PV;Lombardia;
4473;Monvalle;VA;Lombardia;1889
4474;Monza;MB;Lombardia;123672
4475;Monzambano;MN;Lombardia;4805
4476;Monzuno;BO;Emilia Romagna;6433
4477;Morano Calabro;CS;Calabria;3748
4478;Morano sul Po;AL;Piemonte;1270
4479;Moransengo;AT;Piemonte;
4480;Moraro;GO;Friuli Venezia Giulia;722
4481;Morazzone;VA;Lombardia;4320
4482;Morbegno;SO;Lombardia;12421
4483;Morbello;AL;Piemonte;388
4484;Morciano di Leuca;LE;Puglia;3030
4485;Morciano di Romagna;RN;Emilia Romagna;7282
4486;Morcone;BN;Campania;4422
4487;Mordano;BO;Emilia Romagna;4588
4488;Morengo;BG;Lombardia;2486
4489;Mores;SS;Sardegna;1663
4490;Moresco;FM;Marche;510
4491;Moretta;CN;Piemonte;4041
4492;Morfasso;PC;Emilia Romagna;849
4493;Morgano;TV;Veneto;4513
4494;Morgex;AO;Valle d'Aosta;2066
4495;Morgongiori;OR;Sardegna;597
4496;Mori;TN;Trentino Alto Adige;10328
4497;Moriago della Battaglia;TV;Veneto;2857
4498;Moricone;RM;Lazio;2373
4499;Morigerati;SA;Campania;577
4500;Morimondo;MI;Lombardia;1005
4501;Morino;AQ;Abruzzo;1280
4502;Moriondo Torinese;TO;Piemonte;823
4503;Morlupo;RM;Lazio;8553
4504;Mormanno;CS;Calabria;2475
4505;Mornago;VA;Lombardia;4847
4506;Mornese;AL;Piemonte;666
4507;Mornico al Serio;BG;Lombardia;3052
4508;Mornico Losana;PV;Lombardia;605
4509;Morolo;FR;Lazio;3114
4510;Morozzo;CN;Piemonte;2032
4511;Morra De Sanctis;AV;Campania;1083
4512;Morro d'Alba;AN;Marche;1800
4513;Morro d'Oro;TE;Abruzzo;3530
4514;Morro Reatino;RI;Lazio;334
4515;Morrone del Sannio;CB;Molise;505
4516;Morrovalle;MC;Marche;9773
4517;Morsano al Tagliamento;PN;Friuli Venezia Giulia;2754
4518;Morsasco;AL;Piemonte;593
4519;Mortara;PV;Lombardia;15934
4520;Mortegliano;UD;Friuli Venezia Giulia;4839
4521;Morterone;LC;Lombardia;30
4522;Moruzzo;UD;Friuli Venezia Giulia;2392
4523;Moscazzano;CR;Lombardia;697
4524;Moschiano;AV;Campania;1535
4525;Mosciano Sant'Angelo;TE;Abruzzo;9206
4526;Moscufo;PE;Abruzzo;3166
4527;Moso in Passiria;BZ;Trentino Alto Adige;
4528;Mossa;GO;Friuli Venezia Giulia;1512
4529;Mossano;VI;Veneto;
4530;Mosso;BI;Piemonte;
4531;Motta Baluffi;CR;Lombardia;769
4532;Motta Camastra;ME;Sicilia;762
4533;Motta d'Affermo;ME;Sicilia;646
4534;Motta de' Conti;VC;Piemonte;702
4535;Motta di Livenza;TV;Veneto;10522
4536;Motta Montecorvino;FG;Puglia;583
4537;Motta San Giovanni;RC;Calabria;5377
4538;Motta Sant'Anastasia;CT;Sicilia;12139
4539;Motta Santa Lucia;CZ;Calabria;818
4540;Motta Visconti;MI;Lombardia;8253
4541;Mottafollone;CS;Calabria;1013
4542;Mottalciata;BI;Piemonte;1272
4543;Motteggiana;MN;Lombardia;2408
4544;Mottola;TA;Puglia;15103
4545;Mozzagrogna;CH;Abruzzo;2422
4546;Mozzanica;BG;Lombardia;4434
4547;Mozzate;CO;Lombardia;8684
4548;Mozzecane;VR;Veneto;8200
4549;Mozzo;BG;Lombardia;7233
4550;Muccia;MC;Marche;786
4551;Muggia;TS;Friuli Venezia Giulia;12627
4552;Muggi?;MB;Lombardia;
4553;Mugnano del Cardinale;AV;Campania;5115
4554;Mugnano di Napoli;;Campania;35506
4555;Mulazzano;LO;Lombardia;5829
4556;Mulazzo;MS;Toscana;2269
4557;Mura;BS;Lombardia;765
4558;Muravera;CA;Sardegna;4973
4559;Murazzano;CN;Piemonte;841
4560;Murello;CN;Piemonte;936
4561;Murialdo;SV;Liguria;715
4562;Murisengo;AL;Piemonte;
4563;Murlo;SI;Toscana;2475
4564;Muro Leccese;LE;Puglia;4574
4565;Muro Lucano;PZ;Basilicata;4828
4566;Muros;SS;Sardegna;822
4567;Muscoline;BS;Lombardia;2730
4568;Musei;CI;Sardegna;1512
4569;Musile di Piave;VE;Veneto;11407
4570;Musso;CO;Lombardia;935
4571;Mussolente;VI;Veneto;7535
4572;Mussomeli;CL;Sicilia;9742
4573;Muzzana del Turgnano;UD;Friuli Venezia Giulia;2320
4574;Muzzano;BI;Piemonte;551
4575;Nago-Torbole;TN;Trentino Alto Adige;2732
4576;Nalles;BZ;Trentino Alto Adige;
4577;Nanno;TN;Trentino Alto Adige;
4578;Nanto;VI;Veneto;3052
4579;Napoli;;Campania;905050
4580;Narbolia;OR;Sardegna;1620
4581;Narcao;CI;Sardegna;2967
4582;Nard?;LE;Puglia;
4583;Nardodipace;VV;Calabria;1018
4584;Narni;TR;Umbria;17626
4585;Naro;AG;Sicilia;6733
4586;Narzole;CN;Piemonte;3528
4587;Nasino;SV;Liguria;145
4588;Naso;ME;Sicilia;3344
4589;Naturno;BZ;Trentino Alto Adige;
4590;Nave;BS;Lombardia;10627
4591;Nave San Rocco;TN;Trentino Alto Adige;
4592;Navelli;AQ;Abruzzo;583
4593;Naz-Sciaves;BZ;Trentino Alto Adige;
4594;Nazzano;RM;Lazio;1298
4595;Ne;GE;Liguria;2126
4596;Nebbiuno;NO;Piemonte;1859
4597;Negrar;VR;Veneto;
4598;Neirone;GE;Liguria;890
4599;Neive;CN;Piemonte;3192
4600;Nembro;BG;Lombardia;11284
4601;Nemi;RM;Lazio;1854
4602;Nemoli;PZ;Basilicata;1367
4603;Neoneli;OR;Sardegna;589
4604;Nepi;VT;Lazio;9550
4605;Nereto;TE;Abruzzo;5465
4606;Nerola;RM;Lazio;1961
4607;Nervesa della Battaglia;TV;Veneto;6595
4608;Nerviano;MI;Lombardia;17071
4609;Nespolo;RI;Lazio;207
4610;Nesso;CO;Lombardia;1074
4611;Netro;BI;Piemonte;895
4612;Nettuno;RM;Lazio;48111
4613;Neviano;LE;Puglia;4755
4614;Neviano degli Arduini;PR;Emilia Romagna;3465
4615;Neviglie;CN;Piemonte;350
4616;Niardo;BS;Lombardia;1949
4617;Nibbiano;PC;Emilia Romagna;
4618;Nibbiola;NO;Piemonte;833
4619;Nibionno;LC;Lombardia;3588
4620;Nichelino;TO;Piemonte;45680
4621;Nicolosi;CT;Sicilia;7720
4622;Nicorvo;PV;Lombardia;288
4623;Nicosia;EN;Sicilia;12382
4624;Nicotera;VV;Calabria;7079
4625;Niella Belbo;CN;Piemonte;312
4626;Niella Tanaro;CN;Piemonte;939
4627;Nimis;UD;Friuli Venezia Giulia;2628
4628;Niscemi;CL;Sicilia;24535
4629;Nissoria;EN;Sicilia;2781
4630;Nizza di Sicilia;ME;Sicilia;3488
4631;Nizza Monferrato;AT;Piemonte;10168
4632;Noale;VE;Veneto;16225
4633;Noasca;TO;Piemonte;97
4634;Nocara;CS;Calabria;284
4635;Nocciano;PE;Abruzzo;1684
4636;Nocera Inferiore;SA;Campania;43291
4637;Nocera Superiore;SA;Campania;23396
4638;Nocera Terinese;CZ;Calabria;4773
4639;Nocera Umbra;PG;Umbria;5474
4640;Noceto;PR;Emilia Romagna;13367
4641;Noci;BA;Puglia;18095
4642;Nociglia;LE;Puglia;2093
4643;Noepoli;PZ;Basilicata;717
4644;Nogara;VR;Veneto;8488
4645;Nogaredo;TN;Trentino Alto Adige;2104
4646;Nogarole Rocca;VR;Veneto;3888
4647;Nogarole Vicentino;VI;Veneto;1263
4648;Noicattaro;BA;Puglia;25766
4649;Nola;;Campania;34064
4650;Nole;TO;Piemonte;6660
4651;Noli;SV;Liguria;2373
4652;Nomaglio;TO;Piemonte;275
4653;Nomi;TN;Trentino Alto Adige;1360
4654;Nonantola;MO;Emilia Romagna;16186
4655;;TO;Piemonte;7641
4656;Nonio;VB;Piemonte;820
4657;Noragugume;NU;Sardegna;269
4658;Norbello;OR;Sardegna;1125
4659;Norcia;PG;Umbria;4399
4660;Norma;LT;Lazio;3723
4661;Nosate;MI;Lombardia;638
4662;Notaresco;TE;Abruzzo;6351
4663;Noto;SR;Sicilia;24656
4664;Nova Levante;BZ;Trentino Alto Adige;
4665;Nova Milanese;MB;Lombardia;23068
4666;Nova Ponente;BZ;Trentino Alto Adige;
4667;Nova Siri;MT;Basilicata;6848
4668;Novafeltria;PU;Marche;7031
4669;Novaledo;TN;Trentino Alto Adige;1151
4670;Novalesa;TO;Piemonte;525
4671;Novara;NO;Piemonte;103238
4672;Novara di Sicilia;ME;Sicilia;1045
4673;Novate Mezzola;SO;Lombardia;1923
4674;Novate Milanese;MI;Lombardia;20415
4675;Nove;VI;Veneto;4854
4676;Novedrate;CO;Lombardia;2871
4677;Novellara;RE;Emilia Romagna;13406
4678;Novello;CN;Piemonte;921
4679;Noventa di Piave;VE;Veneto;7015
4680;Noventa Padovana;PD;Veneto;11268
4681;Noventa Vicentina;VI;Veneto;9286
4682;Novi di Modena;MO;Emilia Romagna;10413
4683;Novi Ligure;AL;Piemonte;27427
4684;Novi Velia;SA;Campania;2328
4685;Noviglio;MI;Lombardia;4534
4686;Novoli;LE;Puglia;7426
4687;Nucetto;CN;Piemonte;387
4688;Nughedu San Nicol?;SS;Sardegna;
4689;Nughedu Santa Vittoria;OR;Sardegna;422
4690;Nule;SS;Sardegna;1259
4691;Nulvi;SS;Sardegna;2572
4692;Numana;AN;Marche;3737
4693;Nuoro;NU;Sardegna;32718
4694;Nurachi;OR;Sardegna;1660
4695;Nuragus;CA;Sardegna;795
4696;Nurallao;CA;Sardegna;1089
4697;Nuraminis;CA;Sardegna;2337
4698;Nureci;OR;Sardegna;282
4699;Nurri;CA;Sardegna;1988
4700;Nus;AO;Valle d'Aosta;2916
4701;Nusco;AV;Campania;3783
4702;Nuvolento;BS;Lombardia;3962
4703;Nuvolera;BS;Lombardia;4777
4704;Nuxis;CI;Sardegna;1382
4705;Occhieppo Inferiore;BI;Piemonte;3793
4706;Occhieppo Superiore;BI;Piemonte;2531
4707;Occhiobello;RO;Veneto;12022
4708;Occimiano;AL;Piemonte;1195
4709;Ocre;AQ;Abruzzo;1095
4710;Odalengo Grande;AL;Piemonte;397
4711;Odalengo Piccolo;AL;Piemonte;207
4712;Oderzo;TV;Veneto;20348
4713;Odolo;BS;Lombardia;1948
4714;Ofena;AQ;Abruzzo;462
4715;Offagna;AN;Marche;2117
4716;Offanengo;CR;Lombardia;5945
4717;Offida;AP;Marche;4569
4718;Offlaga;BS;Lombardia;4167
4719;Oggebbio;VB;Piemonte;794
4720;Oggiona con Santo Stefano;VA;Lombardia;4365
4721;Oggiono;LC;Lombardia;9218
4722;Oglianico;TO;Piemonte;1419
4723;Ogliastro Cilento;SA;Campania;2307
4724;Olbia;OT;Sardegna;61739
4725;Olcenengo;VC;Piemonte;774
4726;Oldenico;VC;Piemonte;236
4727;Oleggio;NO;Piemonte;14270
4728;Oleggio Castello;NO;Piemonte;2225
4729;Olevano di Lomellina;PV;Lombardia;723
4730;Olevano Romano;RM;Lazio;6292
4731;Olevano sul Tusciano;SA;Campania;6571
4732;Olgiate Comasco;CO;Lombardia;12184
4733;Olgiate Molgora;LC;Lombardia;6414
4734;Olgiate Olona;VA;Lombardia;12953
4735;Olginate;LC;Lombardia;6925
4736;Oliena;NU;Sardegna;6405
4737;Oliva Gessi;PV;Lombardia;163
4738;Olivadi;CZ;Calabria;481
4739;Oliveri;ME;Sicilia;2226
4740;Oliveto Citra;SA;Campania;3601
4741;Oliveto Lario;LC;Lombardia;1148
4742;Oliveto Lucano;MT;Basilicata;328
4743;Olivetta San Michele;IM;Liguria;190
4744;Olivola;AL;Piemonte;105
4745;Ollastra;OR;Sardegna;1067
4746;Ollolai;NU;Sardegna;1129
4747;Ollomont;AO;Valle d'Aosta;169
4748;Olmedo;SS;Sardegna;4240
4749;Olmeneta;CR;Lombardia;934
4750;Olmo al Brembo;BG;Lombardia;453
4751;Olmo Gentile;AT;Piemonte;67
4752;Oltre il Colle;BG;Lombardia;920
4753;Oltressenda Alta;BG;Lombardia;135
4754;Oltrona di San Mamette;CO;Lombardia;2356
4755;Olzai;NU;Sardegna;752
4756;Ome;BS;Lombardia;3103
4757;Omegna;VB;Piemonte;14182
4758;Omignano;SA;Campania;1636
4759;Onan?;NU;Sardegna;
4760;Onano;VT;Lazio;865
4761;Oncino;CN;Piemonte;82
4762;Oneta;BG;Lombardia;583
4763;Onifai;NU;Sardegna;728
4764;Oniferi;NU;Sardegna;823
4765;Ono San Pietro;BS;Lombardia;973
4766;Onore;BG;Lombardia;977
4767;Onzo;SV;Liguria;209
4768;Opera;MI;Lombardia;14463
4769;Opi;AQ;Abruzzo;373
4770;Oppeano;VR;Veneto;10383
4771;Oppido Lucano;PZ;Basilicata;3468
4772;Oppido Mamertina;RC;Calabria;4674
4773;Ora;BZ;Trentino Alto Adige;
4774;Orani;NU;Sardegna;2576
4775;Oratino;CB;Molise;1678
4776;Orbassano;TO;Piemonte;22779
4777;Orbetello;GR;Toscana;13917
4778;Orciano di Pesaro;PU;Marche;
4779;Orciano Pisano;PI;Toscana;635
4780;Orco Feglino;SV;Liguria;901
4781;Ordona;FG;Puglia;3366
4782;Orero;GE;Liguria;504
4783;Orgiano;VI;Veneto;2976
4784;Orgosolo;NU;Sardegna;3803
4785;Oria;BR;Puglia;14364
4786;Oricola;AQ;Abruzzo;1274
4787;Origgio;VA;Lombardia;8068
4788;Orino;VA;Lombardia;848
4789;Orio al Serio;BG;Lombardia;1588
4790;Orio Canavese;TO;Piemonte;730
4791;Orio Litta;LO;Lombardia;2076
4792;Oriolo;CS;Calabria;1762
4793;Oriolo Romano;VT;Lazio;3673
4794;Oristano;OR;Sardegna;29888
4795;Ormea;CN;Piemonte;1446
4796;Ormelle;TV;Veneto;4480
4797;Ornago;MB;Lombardia;5487
4798;Ornavasso;VB;Piemonte;3301
4799;Ornica;BG;Lombardia;126
4800;Orosei;NU;Sardegna;6838
4801;Orotelli;NU;Sardegna;1824
4802;Orria;SA;Campania;887
4803;Orroli;CA;Sardegna;1909
4804;Orsago;TV;Veneto;3720
4805;Orsara Bormida;AL;Piemonte;377
4806;Orsara di Puglia;FG;Puglia;2469
4807;Orsenigo;CO;Lombardia;2638
4808;Orsogna;CH;Abruzzo;3595
4809;Orsomarso;CS;Calabria;1056
4810;Orta di Atella;CE;Campania;27454
4811;Orta Nova;FG;Puglia;16576
4812;Orta San Giulio;NO;Piemonte;1086
4813;Ortacesus;CA;Sardegna;859
4814;Orte;VT;Lazio;9243
4815;Ortelle;LE;Puglia;2194
4816;Ortezzano;FM;Marche;730
4817;Ortignano Raggiolo;AR;Toscana;834
4818;Ortisei;BZ;Trentino Alto Adige;
4819;Ortona;CH;Abruzzo;21921
4820;Ortona dei Marsi;AQ;Abruzzo;366
4821;Ortonovo;SP;Liguria;
4822;Ortovero;SV;Liguria;1689
4823;Ortucchio;AQ;Abruzzo;1736
4824;Ortueri;NU;Sardegna;961
4825;Orune;NU;Sardegna;2022
4826;Orvieto;TR;Umbria;19052
4827;Orvinio;RI;Lazio;379
4828;Orzinuovi;BS;Lombardia;12496
4829;Orzivecchi;BS;Lombardia;2517
4830;Osasco;TO;Piemonte;1161
4831;Osasio;TO;Piemonte;896
4832;Oschiri;OT;Sardegna;2885
4833;Osidda;NU;Sardegna;209
4834;Osiglia;SV;Liguria;401
4835;Osilo;SS;Sardegna;2732
4836;Osimo;AN;Marche;34780
4837;Osini;OG;Sardegna;681
4838;Osio Sopra;BG;Lombardia;5195
4839;Osio Sotto;BG;Lombardia;12892
4840;Osmate;VA;Lombardia;
4841;Osnago;LC;Lombardia;4831
4842;Osoppo;UD;Friuli Venezia Giulia;2803
4843;Ospedaletti;IM;Liguria;3204
4844;Ospedaletto;TN;Trentino Alto Adige;792
4845;Ospedaletto d'Alpinolo;AV;Campania;1963
4846;Ospedaletto Euganeo;PD;Veneto;5578
4847;Ospedaletto Lodigiano;LO;Lombardia;2008
4848;Ospitale di Cadore;BL;Veneto;259
4849;Ospitaletto;BS;Lombardia;14969
4850;Ossago Lodigiano;LO;Lombardia;1422
4851;Ossana;TN;Trentino Alto Adige;826
4852;Ossi;SS;Sardegna;5344
4853;Ossimo;BS;Lombardia;1439
4854;Ossona;MI;Lombardia;4440
4855;Ossuccio;CO;Lombardia;
4856;Ostana;CN;Piemonte;78
4857;Ostellato;FE;Emilia Romagna;5609
4858;Ostiano;CR;Lombardia;2825
4859;Ostiglia;MN;Lombardia;6849
4860;Ostra;AN;Marche;6216
4861;Ostra Vetere;AN;Marche;3042
4862;Ostuni;BR;Puglia;29803
4863;Otranto;LE;Puglia;5587
4864;Otricoli;TR;Umbria;1717
4865;Ottana;NU;Sardegna;2147
4866;Ottati;SA;Campania;564
4867;Ottaviano;;Campania;23364
4868;Ottiglio;AL;Piemonte;532
4869;Ottobiano;PV;Lombardia;1083
4870;Ottone;PC;Emilia Romagna;390
4871;Oulx;TO;Piemonte;3295
4872;Ovada;AL;Piemonte;10941
4873;Ovaro;UD;Friuli Venezia Giulia;1686
4874;Oviglio;AL;Piemonte;1224
4875;Ovindoli;AQ;Abruzzo;1154
4876;Ovodda;NU;Sardegna;1429
4877;Oyace;AO;Valle d'Aosta;207
4878;Ozegna;TO;Piemonte;1164
4879;Ozieri;SS;Sardegna;9559
4880;Ozzano dell'Emilia;BO;Emilia Romagna;14416
4881;Ozzano Monferrato;AL;Piemonte;1322
4882;Ozzero;MI;Lombardia;1349
4883;Pabillonis;VS;Sardegna;2404
4884;Pace del Mela;ME;Sicilia;5938
4885;Paceco;TP;Sicilia;10544
4886;Pacentro;AQ;Abruzzo;1057
4887;Pachino;SR;Sicilia;22355
4888;Paciano;PG;Umbria;923
4889;Padenghe sul Garda;BS;Lombardia;4912
4890;Padergnone;TN;Trentino Alto Adige;
4891;Paderna;AL;Piemonte;206
4892;Paderno d'Adda;LC;Lombardia;3891
4893;Paderno del Grappa;TV;Veneto;
4894;Paderno Dugnano;MI;Lombardia;47938
4895;Paderno Franciacorta;BS;Lombardia;3667
4896;Paderno Ponchielli;CR;Lombardia;1292
4897;Padova;PD;Veneto;208202
4898;Padria;SS;Sardegna;574
4899;Padru;OT;Sardegna;2130
4900;Padula;SA;Campania;4775
4901;Paduli;BN;Campania;3524
4902;Paesana;CN;Piemonte;2663
4903;Paese;TV;Veneto;22184
4904;Pagani;SA;Campania;35117
4905;Paganico Sabino;RI;Lazio;155
4906;Pagazzano;BG;Lombardia;2238
4907;Pagliara;ME;Sicilia;1100
4908;Paglieta;CH;Abruzzo;4100
4909;Pagnacco;UD;Friuli Venezia Giulia;5080
4910;Pagno;CN;Piemonte;569
4911;Pagnona;LC;Lombardia;309
4912;Pago del Vallo di Lauro;AV;Campania;1684
4913;Pago Veiano;BN;Campania;2167
4914;Paisco Loveno;BS;Lombardia;164
4915;Paitone;BS;Lombardia;2248
4916;Paladina;BG;Lombardia;3946
4917;Palagano;MO;Emilia Romagna;2034
4918;Palagianello;TA;Puglia;7429
4919;Palagiano;TA;Puglia;15712
4920;Palagonia;CT;Sicilia;15369
4921;Palaia;PI;Toscana;4562
4922;Palanzano;PR;Emilia Romagna;999
4923;Palata;CB;Molise;1455
4924;Palau;OT;Sardegna;4058
4925;Palazzago;BG;Lombardia;4597
4926;Palazzo Adriano;PA;Sicilia;1694
4927;Palazzo Canavese;TO;Piemonte;834
4928;Palazzo Pignano;CR;Lombardia;3793
4929;Palazzo San Gervasio;PZ;Basilicata;4249
4930;Palazzolo Acreide;SR;Sicilia;7912
4931;Palazzolo dello Stella;UD;Friuli Venezia Giulia;2893
4932;Palazzolo sull'Oglio;BS;Lombardia;20603
4933;Palazzolo Vercellese;VC;Piemonte;1088
4934;Palazzuolo sul Senio;FI;Toscana;1095
4935;Palena;CH;Abruzzo;1196
4936;Palermiti;CZ;Calabria;1036
4937;Palermo;PA;Sicilia;626273
4938;Palestrina;RM;Lazio;22110
4939;Palestro;PV;Lombardia;1895
4940;Paliano;FR;Lazio;7852
4941;Palizzi;RC;Calabria;1826
4942;Pallagorio;KR;Calabria;882
4943;Pallanzeno;VB;Piemonte;1064
4944;Pallare;SV;Liguria;867
4945;Palma Campania;;Campania;16254
4946;Palma di Montechiaro;AG;Sicilia;21302
4947;Palmanova;UD;Friuli Venezia Giulia;5282
4948;Palmariggi;LE;Puglia;1346
4949;Palmas Arborea;OR;Sardegna;1494
4950;Palmi;RC;Calabria;17983
4951;Palmiano;AP;Marche;150
4952;Palmoli;CH;Abruzzo;851
4953;Palo del Colle;BA;Puglia;20253
4954;Palombara Sabina;RM;Lazio;13157
4955;Palombaro;CH;Abruzzo;921
4956;Palomonte;SA;Campania;3772
4957;Palosco;BG;Lombardia;5730
4958;Pal?;VR;Veneto;
4959;Pal? del Fersina;TN;Trentino Alto Adige;
4960;Paludi;CS;Calabria;936
4961;Paluzza;UD;Friuli Venezia Giulia;1892
4962;Pamparato;CN;Piemonte;263
4963;Pancalieri;TO;Piemonte;1945
4964;Pancarana;PV;Lombardia;331
4965;Panchi?;TN;Trentino Alto Adige;
4966;Pandino;CR;Lombardia;8988
4967;Panettieri;CS;Calabria;304
4968;Panicale;PG;Umbria;5317
4969;Pannarano;BN;Campania;1962
4970;Panni;FG;Puglia;673
4971;Pantelleria;TP;Sicilia;7150
4972;Pantigliate;MI;Lombardia;5886
4973;Paola;CS;Calabria;15090
4974;Paolisi;BN;Campania;1940
4975;Papasidero;CS;Calabria;572
4976;Papozze;RO;Veneto;1408
4977;Parabiago;MI;Lombardia;28398
4978;Parabita;LE;Puglia;8686
4979;Paratico;BS;Lombardia;5023
4980;Parcines;BZ;Trentino Alto Adige;
4981;Par?;CO;Lombardia;
4982;Parella;TO;Piemonte;394
4983;Parenti;CS;Calabria;1925
4984;Parete;CE;Campania;13271
4985;Pareto;AL;Piemonte;509
4986;Parghelia;VV;Calabria;1271
4987;Parlasco;LC;Lombardia;135
4988;Parma;PR;Emilia Romagna;199450
4989;Parodi Ligure;AL;Piemonte;593
4990;Paroldo;CN;Piemonte;182
4991;Parolise;AV;Campania;612
4992;Parona;PV;Lombardia;1858
4993;Parrano;TR;Umbria;492
4994;Parre;BG;Lombardia;2650
4995;Partanna;TP;Sicilia;9835
4996;Partinico;PA;Sicilia;30929
4997;Paruzzaro;NO;Piemonte;2121
4998;Parzanica;BG;Lombardia;333
4999;Pasian di Prato;UD;Friuli Venezia Giulia;9291
5000;Pasiano di Pordenone;PN;Friuli Venezia Giulia;7890
5001;Paspardo;BS;Lombardia;576
5002;Passerano Marmorito;AT;Piemonte;446
5003;Passignano sul Trasimeno;PG;Umbria;5686
5004;Passirano;BS;Lombardia;6842
5005;Pastena;FR;Lazio;1248
5006;Pastorano;CE;Campania;2852
5007;Pastrengo;VR;Veneto;3089
5008;Pasturana;AL;Piemonte;1263
5009;Pasturo;LC;Lombardia;1959
5010;Paterno;PZ;Basilicata;2951
5011;Patern?;CT;Sicilia;
5012;Paterno Calabro;CS;Calabria;1319
5013;Paternopoli;AV;Campania;2068
5014;Patrica;FR;Lazio;3049
5015;Pattada;SS;Sardegna;2763
5016;Patti;ME;Sicilia;12721
5017;Pat?;LE;Puglia;
5018;Pau;OR;Sardegna;271
5019;Paularo;UD;Friuli Venezia Giulia;2278
5020;Pauli Arbarei;VS;Sardegna;524
5021;Paulilatino;OR;Sardegna;2038
5022;Paullo;MI;Lombardia;11136
5023;Paupisi;BN;Campania;1381
5024;Pavarolo;TO;Piemonte;1165
5025;Pavia;PV;Lombardia;71811
5026;Pavia di Udine;UD;Friuli Venezia Giulia;5466
5027;Pavone Canavese;TO;Piemonte;3628
5028;Pavone del Mella;BS;Lombardia;2717
5029;Pavullo nel Frignano;MO;Emilia Romagna;18405
5030;Pazzano;RC;Calabria;497
5031;Peccioli;PI;Toscana;4635
5032;Pecco;TO;Piemonte;
5033;Pecetto di Valenza;AL;Piemonte;1156
5034;Pecetto Torinese;TO;Piemonte;4007
5035;Pecorara;PC;Emilia Romagna;
5036;Pedace;CS;Calabria;
5037;Pedara;CT;Sicilia;15522
5038;Pedaso;FM;Marche;2819
5039;Pedavena;BL;Veneto;4321
5040;Pedemonte;VI;Veneto;677
5041;Pederobba;TV;Veneto;7257
5042;Pedesina;SO;Lombardia;40
5043;Pedivigliano;CS;Calabria;729
5044;Pedrengo;BG;Lombardia;5911
5045;Peglio;PU;Marche;193
5045;Peglio;PU;Marche;690
5046;Peglio;CO;Lombardia;193
5046;Peglio;CO;Lombardia;690
5047;Pegognaga;MN;Lombardia;6972
5048;Peia;BG;Lombardia;1663
5049;Peio;TN;Trentino Alto Adige;1795
5050;Pelago;FI;Toscana;7966
5051;Pella;NO;Piemonte;874
5052;Pellegrino Parmense;PR;Emilia Romagna;967
5053;Pellezzano;SA;Campania;10824
5054;Pellio Intelvi;CO;Lombardia;
5055;Pellizzano;TN;Trentino Alto Adige;740
5056;Pelugo;TN;Trentino Alto Adige;388
5057;Penango;AT;Piemonte;417
5058;Penna in Teverina;TR;Umbria;1024
5059;Penna San Giovanni;MC;Marche;901
5060;Penna Sant'Andrea;TE;Abruzzo;1627
5061;Pennabilli;PU;Marche;2692
5062;Pennadomo;CH;Abruzzo;201
5063;Pennapiedimonte;CH;Abruzzo;365
5064;Penne;PE;Abruzzo;10906
5065;Pentone;CZ;Calabria;1791
5066;Perano;CH;Abruzzo;1463
5067;Perarolo di Cadore;BL;Veneto;359
5068;Perca;BZ;Trentino Alto Adige;
5069;Percile;RM;Lazio;213
5070;Perdasdefogu;OG;Sardegna;1689
5071;Perdaxius;CI;Sardegna;1276
5072;Perdifumo;SA;Campania;1802
5073;Perego;LC;Lombardia;
5074;Pereto;AQ;Abruzzo;630
5075;Perfugas;SS;Sardegna;2212
5076;Pergine Valdarno;AR;Toscana;
5077;Pergine Valsugana;TN;Trentino Alto Adige;21635
5078;Pergola;PU;Marche;5745
5079;Perinaldo;IM;Liguria;775
5080;Perito;SA;Campania;763
5081;Perledo;LC;Lombardia;830
5082;Perletto;CN;Piemonte;255
5083;Perlo;CN;Piemonte;106
5084;Perloz;AO;Valle d'Aosta;439
5085;Pernumia;PD;Veneto;3754
5086;Pero;MI;Lombardia;11866
5087;Perosa Argentina;TO;Piemonte;3138
5088;Perosa Canavese;TO;Piemonte;492
5089;Perrero;TO;Piemonte;547
5090;Persico Dosimo;CR;Lombardia;3250
5091;Pertengo;VC;Piemonte;331
5092;Pertica Alta;BS;Lombardia;549
5093;Pertica Bassa;BS;Lombardia;543
5094;Pertosa;SA;Campania;632
5095;Pertusio;TO;Piemonte;744
5096;Perugia;PG;Umbria;162384
5097;Pesaro;PU;Marche;95270
5098;Pescaglia;LU;Toscana;3154
5099;Pescantina;VR;Veneto;17630
5100;Pescara;PE;Abruzzo;118487
5101;Pescarolo ed Uniti;CR;Lombardia;1547
5102;Pescasseroli;AQ;Abruzzo;1993
5103;Pescate;LC;Lombardia;2134
5104;Pesche;IS;Molise;1437
5105;Peschici;FG;Puglia;4291
5106;Peschiera Borromeo;MI;Lombardia;24363
5107;Peschiera del Garda;VR;Veneto;10905
5108;Pescia;PT;Toscana;19213
5109;Pescina;AQ;Abruzzo;3654
5110;Pesco Sannita;BN;Campania;1798
5111;Pescocostanzo;AQ;Abruzzo;1081
5112;Pescolanciano;IS;Molise;780
5113;Pescopagano;PZ;Basilicata;1597
5114;Pescopennataro;IS;Molise;225
5115;Pescorocchiano;RI;Lazio;1797
5116;Pescosansonesco;PE;Abruzzo;439
5117;Pescosolido;FR;Lazio;1372
5118;Pessano con Bornago;MI;Lombardia;9034
5119;Pessina Cremonese;CR;Lombardia;574
5120;Pessinetto;TO;Piemonte;612
5121;Petacciato;CB;Molise;3553
5122;Petilia Policastro;KR;Calabria;8430
5123;Petina;SA;Campania;984
5124;Petralia Soprana;PA;Sicilia;2807
5125;Petralia Sottana;PA;Sicilia;2349
5126;Petrella Salto;RI;Lazio;1014
5127;Petrella Tifernina;CB;Molise;990
5128;Petriano;PU;Marche;2814
5129;Petriolo;MC;Marche;1821
5130;Petritoli;FM;Marche;2086
5131;Petrizzi;CZ;Calabria;988
5132;Petron?;CZ;Calabria;
5133;Petrosino;TP;Sicilia;7883
5134;Petruro Irpino;AV;Campania;297
5135;Pettenasco;NO;Piemonte;1296
5136;Pettinengo;BI;Piemonte;1443
5137;Pettineo;ME;Sicilia;1222
5138;Pettoranello del Molise;IS;Molise;451
5139;Pettorano sul Gizio;AQ;Abruzzo;1259
5140;Pettorazza Grimani;RO;Veneto;1392
5141;Peveragno;CN;Piemonte;5502
5142;Pezzana;VC;Piemonte;1289
5143;Pezzaze;BS;Lombardia;1419
5144;Pezzolo Valle Uzzone;CN;Piemonte;281
5145;Piacenza;PC;Emilia Romagna;103737
5146;Piacenza d'Adige;PD;Veneto;1285
5147;Piadena;CR;Lombardia;
5148;Piagge;PU;Marche;
5149;Piaggine;SA;Campania;1056
5150;Pian Camuno;BS;Lombardia;4826
5151;Pian di Sco';AR;Toscana;
5152;Piana Crixia;SV;Liguria;749
5153;Piana degli Albanesi;PA;Sicilia;5171
5154;Piana di Monte Verna;CE;Campania;2074
5155;Piancastagnaio;SI;Toscana;3839
5156;Piancogno;BS;Lombardia;4787
5157;Piandimeleto;PU;Marche;2052
5158;Piane Crati;CS;Calabria;1278
5159;Pianella;PE;Abruzzo;8563
5160;Pianello del Lario;CO;Lombardia;1074
5161;Pianello Val Tidone;PC;Emilia Romagna;2179
5162;Pianengo;CR;Lombardia;2570
5163;Pianezza;TO;Piemonte;15657
5164;Pianezze;VI;Veneto;2225
5165;Pianfei;CN;Piemonte;2093
5166;Pianico;BG;Lombardia;1456
5167;Pianiga;VE;Veneto;12305
5168;Piano di Sorrento;;Campania;12136
5169;Pianopoli;CZ;Calabria;2572
5170;Pianoro;BO;Emilia Romagna;17852
5171;Piansano;VT;Lazio;2039
5172;Piantedo;SO;Lombardia;1425
5173;Piario;BG;Lombardia;1000
5174;Piasco;CN;Piemonte;2758
5175;Piateda;SO;Lombardia;2059
5176;Piatto;BI;Piemonte;470
5177;Piazza al Serchio;LU;Toscana;2031
5178;Piazza Armerina;EN;Sicilia;20558
5179;Piazza Brembana;BG;Lombardia;1195
5180;Piazzatorre;BG;Lombardia;396
5181;Piazzola sul Brenta;PD;Veneto;11074
5182;Piazzolo;BG;Lombardia;92
5183;Picciano;PE;Abruzzo;1278
5184;Picerno;PZ;Basilicata;5581
5185;Picinisco;FR;Lazio;1106
5186;Pico;FR;Lazio;2554
5187;Piea;AT;Piemonte;489
5188;Piedicavallo;BI;Piemonte;168
5189;Piedimonte Etneo;CT;Sicilia;3865
5190;Piedimonte Matese;CE;Campania;9988
5191;Piedimonte San Germano;FR;Lazio;6326
5192;Piedimulera;VB;Piemonte;1426
5193;Piegaro;PG;Umbria;3321
5194;Pienza;SI;Toscana;1900
5195;Pieranica;CR;Lombardia;1107
5196;Pietra de' Giorgi;PV;Lombardia;777
5197;Pietra Ligure;SV;Liguria;8224
5198;Pietra Marazzi;AL;Piemonte;850
5199;Pietrabbondante;IS;Molise;559
5200;Pietrabruna;IM;Liguria;403
5201;Pietracamela;TE;Abruzzo;196
5202;Pietracatella;CB;Molise;1192
5203;Pietracupa;CB;Molise;181
5204;Pietradefusi;AV;Campania;1919
5205;Pietraferrazzana;CH;Abruzzo;126
5206;Pietrafitta;CS;Calabria;1118
5207;Pietragalla;PZ;Basilicata;3742
5208;Pietralunga;PG;Umbria;2010
5209;Pietramelara;CE;Campania;4450
5210;Pietramontecorvino;FG;Puglia;2367
5211;Pietranico;PE;Abruzzo;416
5212;Pietrapaola;CS;Calabria;998
5213;Pietrapertosa;PZ;Basilicata;848
5214;Pietraperzia;EN;Sicilia;6183
5215;Pietraporzio;CN;Piemonte;68
5216;Pietraroja;BN;Campania;493
5217;Pietrarubbia;PU;Marche;652
5218;Pietrasanta;LU;Toscana;22678
5219;Pietrastornina;AV;Campania;1463
5220;Pietravairano;CE;Campania;2782
5221;Pietrelcina;BN;Campania;2869
5222;Pieve a Nievole;PT;Toscana;9235
5223;Pieve Albignola;PV;Lombardia;792
5224;Pieve d'Alpago;BL;Veneto;
5225;Pieve d'Olmi;CR;Lombardia;1238
5226;Pieve del Cairo;PV;Lombardia;1802
5227;Pieve di Bono;TN;Trentino Alto Adige;
5228;Pieve di Cadore;BL;Veneto;3588
5229;Pieve di Cento;BO;Emilia Romagna;7431
5230;Pieve di Coriano;MN;Lombardia;
5231;Pieve di Ledro;TN;Trentino Alto Adige;
5232;Pieve di Soligo;TV;Veneto;11452
5233;Pieve di Teco;IM;Liguria;1329
5234;Pieve Emanuele;MI;Lombardia;15846
5235;Pieve Fissiraga;LO;Lombardia;1753
5236;Pieve Fosciana;LU;Toscana;2184
5237;Pieve Ligure;GE;Liguria;2352
5238;Pieve Porto Morone;PV;Lombardia;2730
5239;Pieve San Giacomo;CR;Lombardia;1571
5240;Pieve Santo Stefano;AR;Toscana;2966
5241;Pieve Tesino;TN;Trentino Alto Adige;666
5242;Pieve Torina;MC;Marche;1204
5243;Pieve Vergonte;VB;Piemonte;2412
5244;Pievebovigliana;MC;Marche;
5245;Pievepelago;MO;Emilia Romagna;2096
5246;Piglio;FR;Lazio;4248
5247;Pigna;IM;Liguria;742
5248;Pignataro Interamna;FR;Lazio;2374
5249;Pignataro Maggiore;CE;Campania;5819
5250;Pignola;PZ;Basilicata;6755
5251;Pignone;SP;Liguria;529
5252;Pigra;CO;Lombardia;229
5253;Pila;VC;Piemonte;142
5254;Pimentel;CA;Sardegna;1078
5255;Pimonte;;Campania;5883
5256;Pinarolo Po;PV;Lombardia;1654
5257;Pinasca;TO;Piemonte;2756
5258;Pincara;RO;Veneto;1062
5259;Pinerolo;TO;Piemonte;35436
5260;Pineto;TE;Abruzzo;14761
5261;Pino d'Asti;AT;Piemonte;217
5262;Pino sulla Sponda del Lago Maggiore;VA;Lombardia;
5263;Pino Torinese;TO;Piemonte;8336
5264;Pinzano al Tagliamento;PN;Friuli Venezia Giulia;1493
5265;Pinzolo;TN;Trentino Alto Adige;3076
5266;Piobbico;PU;Marche;1808
5267;Piobesi d'Alba;CN;Piemonte;1469
5268;Piobesi Torinese;TO;Piemonte;3764
5269;Piode;VC;Piemonte;193
5270;Pioltello;MI;Lombardia;37709
5271;Piombino;LI;Toscana;32374
5272;Piombino Dese;PD;Veneto;9550
5273;Pioraco;MC;Marche;915
5274;Piossasco;TO;Piemonte;17844
5275;Piov? Massaia;AT;Piemonte;
5276;Piove di Sacco;PD;Veneto;20291
5277;Piovene Rocchette;VI;Veneto;8327
5278;Piovera;AL;Piemonte;
5279;Piozzano;PC;Emilia Romagna;581
5280;Piozzo;CN;Piemonte;991
5281;Piraino;ME;Sicilia;3724
5282;Pisa;PI;Toscana;90146
5283;Pisano;NO;Piemonte;794
5284;Piscina;TO;Piemonte;3288
5285;Piscinas;CI;Sardegna;758
5286;Pisciotta;SA;Campania;2416
5287;Pisogne;BS;Lombardia;7901
5288;Pisoniano;RM;Lazio;711
5289;Pisticci;MT;Basilicata;16494
5290;Pistoia;PT;Toscana;89094
5291;Piteglio;PT;Toscana;
5292;Pitigliano;GR;Toscana;3515
5293;Piubega;MN;Lombardia;1747
5294;Piuro;SO;Lombardia;1917
5295;Piverone;TO;Piemonte;1224
5296;Pizzale;PV;Lombardia;670
5297;Pizzighettone;CR;Lombardia;6242
5298;Pizzo;VV;Calabria;8668
5299;Pizzoferrato;CH;Abruzzo;949
5300;Pizzoli;AQ;Abruzzo;4186
5301;Pizzone;IS;Molise;287
5302;Pizzoni;VV;Calabria;916
5303;Placanica;RC;Calabria;977
5304;Plataci;CS;Calabria;626
5305;Platania;CZ;Calabria;1965
5306;Plat?;RC;Calabria;
5307;Plaus;BZ;Trentino Alto Adige;
5308;Plesio;CO;Lombardia;807
5309;Ploaghe;SS;Sardegna;4201
5310;Plodio;SV;Liguria;616
5311;Pocapaglia;CN;Piemonte;3306
5312;Pocenia;UD;Friuli Venezia Giulia;2287
5313;Podenzana;MS;Toscana;2153
5314;Podenzano;PC;Emilia Romagna;9045
5315;Pofi;FR;Lazio;3847
5316;Poggiardo;LE;Puglia;5745
5317;Poggibonsi;SI;Toscana;28048
5318;Poggio a Caiano;PO;Toscana;9908
5319;Poggio Berni;RN;Emilia Romagna;
5320;Poggio Bustone;RI;Lazio;1957
5321;Poggio Catino;RI;Lazio;1303
5322;Poggio Imperiale;FG;Puglia;2551
5323;Poggio Mirteto;RI;Lazio;6081
5324;Poggio Moiano;RI;Lazio;2795
5325;Poggio Nativo;RI;Lazio;2582
5326;Poggio Picenze;AQ;Abruzzo;1028
5327;Poggio Renatico;FE;Emilia Romagna;9720
5328;Poggio Rusco;MN;Lombardia;6255
5329;Poggio San Lorenzo;RI;Lazio;563
5330;Poggio San Marcello;AN;Marche;683
5331;Poggio San Vicino;MC;Marche;195
5332;Poggio Sannita;IS;Molise;513
5333;Poggiodomo;PG;Umbria;81
5334;Poggiofiorito;CH;Abruzzo;751
5335;Poggiomarino;;Campania;22803
5336;Poggioreale;TP;Sicilia;1272
5337;Poggiorsini;BA;Puglia;1240
5338;Poggiridenti;SO;Lombardia;1825
5339;Pogliano Milanese;MI;Lombardia;8483
5340;Pognana Lario;CO;Lombardia;657
5341;Pognano;BG;Lombardia;1606
5342;Pogno;NO;Piemonte;1365
5343;Poirino;TO;Piemonte;10165
5344;Pojana Maggiore;VI;Veneto;4249
5345;Polaveno;BS;Lombardia;2531
5346;Polcenigo;PN;Friuli Venezia Giulia;3060
5347;Polesella;RO;Veneto;3676
5348;Polesine Parmense;PR;Emilia Romagna;
5349;Poli;RM;Lazio;2233
5350;Polia;VV;Calabria;770
5351;Policoro;MT;Basilicata;17727
5352;Polignano a Mare;BA;Puglia;17271
5353;Polinago;MO;Emilia Romagna;1604
5354;Polino;TR;Umbria;233
5355;Polistena;RC;Calabria;9822
5356;Polizzi Generosa;PA;Sicilia;2745
5357;Polla;SA;Campania;5084
5358;Pollein;AO;Valle d'Aosta;1446
5359;Pollena Trocchia;;Campania;12654
5360;Pollenza;MC;Marche;6149
5361;Pollica;SA;Campania;2048
5362;Pollina;PA;Sicilia;2807
5363;Pollone;BI;Piemonte;1947
5364;Pollutri;CH;Abruzzo;2016
5365;Polonghera;CN;Piemonte;1119
5366;Polpenazze del Garda;BS;Lombardia;2735
5367;Polverara;PD;Veneto;3428
5368;Polverigi;AN;Marche;4539
5369;Pomarance;PI;Toscana;5254
5370;Pomaretto;TO;Piemonte;935
5371;Pomarico;MT;Basilicata;3657
5372;Pomaro Monferrato;AL;Piemonte;329
5373;Pomarolo;TN;Trentino Alto Adige;2416
5374;Pombia;NO;Piemonte;2119
5375;Pomezia;RM;Lazio;64970
5376;Pomigliano d'Arco;;Campania;39607
5377;Pompei;;Campania;23517
5378;Pompeiana;IM;Liguria;849
5379;Pompiano;BS;Lombardia;3755
5380;Pomponesco;MN;Lombardia;1757
5381;Pompu;OR;Sardegna;217
5382;Poncarale;BS;Lombardia;5192
5383;Ponderano;BI;Piemonte;3608
5384;Ponna;CO;Lombardia;223
5385;Ponsacco;PI;Toscana;15693
5386;Ponso;PD;Veneto;2415
5387;Pontassieve;FI;Toscana;20122
5388;Pontboset;AO;Valle d'Aosta;177
5389;Pont-Canavese;TO;Piemonte;
5390;Ponte;BN;Campania;2388
5391;Ponte Buggianese;PT;Toscana;8893
5392;Ponte dell'Olio;PC;Emilia Romagna;4694
5393;Ponte di Legno;BS;Lombardia;1756
5394;Ponte di Piave;TV;Veneto;8331
5395;Ponte Gardena;BZ;Trentino Alto Adige;
5396;Ponte in Valtellina;SO;Lombardia;2217
5397;Ponte Lambro;CO;Lombardia;4266
5398;Ponte nelle Alpi;BL;Veneto;7903
5399;Ponte Nizza;PV;Lombardia;740
5400;Ponte Nossa;BG;Lombardia;1798
5401;Ponte San Nicol?;PD;Veneto;
5402;Ponte San Pietro;BG;Lombardia;12007
5403;Pontebba;UD;Friuli Venezia Giulia;1292
5404;Pontecagnano Faiano;SA;Campania;26334
5405;Pontecchio Polesine;RO;Veneto;2222
5406;Pontechianale;CN;Piemonte;187
5407;Pontecorvo;FR;Lazio;12067
5408;Pontecurone;AL;Piemonte;3570
5409;Pontedassio;IM;Liguria;2383
5410;Pontedera;PI;Toscana;30028
5411;Pontelandolfo;BN;Campania;1941
5412;Pontelatone;CE;Campania;1520
5413;Pontelongo;PD;Veneto;3698
5414;Pontenure;PC;Emilia Romagna;6719
5415;Ponteranica;BG;Lombardia;6731
5416;Pontestura;AL;Piemonte;1317
5417;Pontevico;BS;Lombardia;7131
5418;Pontey;AO;Valle d'Aosta;771
5419;Ponti;AL;Piemonte;491
5420;Ponti sul Mincio;MN;Lombardia;2277
5421;Pontida;BG;Lombardia;3299
5422;Pontinia;LT;Lazio;15084
5423;Pontinvrea;SV;Liguria;807
5424;Pontirolo Nuovo;BG;Lombardia;5046
5425;Pontoglio;BS;Lombardia;7004
5426;Pontremoli;MS;Toscana;6867
5427;Pont-Saint-Martin;AO;Valle d'Aosta;3517
5428;Ponza;LT;Lazio;3295
5429;Ponzano di Fermo;FM;Marche;1589
5430;Ponzano Monferrato;AL;Piemonte;328
5431;Ponzano Romano;RM;Lazio;1265
5432;Ponzano Veneto;TV;Veneto;13027
5433;Ponzone;AL;Piemonte;1013
5434;Popoli;PE;Abruzzo;
5435;Poppi;AR;Toscana;5732
5436;Porano;TR;Umbria;1816
5437;Porcari;LU;Toscana;8908
5438;Porcia;PN;Friuli Venezia Giulia;14947
5439;Pordenone;PN;Friuli Venezia Giulia;52744
5440;Porlezza;CO;Lombardia;4901
5441;Pornassio;IM;Liguria;682
5442;Porpetto;UD;Friuli Venezia Giulia;2425
5443;Porretta Terme;BO;Emilia Romagna;
5444;Portacomaro;AT;Piemonte;1891
5445;Portalbera;PV;Lombardia;1480
5446;Porte;TO;Piemonte;1113
5447;Portici;;Campania;51213
5448;Portico di Caserta;CE;Campania;7738
5449;Portico e San Benedetto;FC;Emilia Romagna;716
5450;Portigliola;RC;Calabria;994
5451;Porto Azzurro;LI;Toscana;3687
5452;Porto Ceresio;VA;Lombardia;2785
5453;Porto Cesareo;LE;Puglia;6484
5454;Porto Empedocle;AG;Sicilia;15430
5455;Porto Mantovano;MN;Lombardia;16715
5456;Porto Recanati;MC;Marche;12734
5457;Porto San Giorgio;FM;Marche;15488
5458;Porto Sant'Elpidio;FM;Marche;25735
5459;Porto Tolle;RO;Veneto;8607
5460;Porto Torres;SS;Sardegna;20624
5461;Porto Valtravaglia;VA;Lombardia;2297
5462;Porto Viro;RO;Veneto;13675
5463;Portobuffol?;TV;Veneto;
5464;Portocannone;CB;Molise;2323
5465;Portoferraio;LI;Toscana;11748
5466;Portofino;GE;Liguria;359
5467;Portogruaro;VE;Veneto;24301
5468;Portomaggiore;FE;Emilia Romagna;12433
5469;Portopalo di Capo Passero;SR;Sicilia;3890
5470;Portoscuso;CI;Sardegna;4689
5471;Portovenere;SP;Liguria;3155
5472;Portula;BI;Piemonte;1077
5473;Posada;NU;Sardegna;3079
5474;Posina;VI;Veneto;582
5475;Positano;SA;Campania;3643
5476;Possagno;TV;Veneto;2299
5477;Posta;RI;Lazio;518
5478;Posta Fibreno;FR;Lazio;1035
5479;Postal;BZ;Trentino Alto Adige;
5480;Postalesio;SO;Lombardia;647
5481;Postiglione;SA;Campania;2019
5482;Postua;VC;Piemonte;521
5483;Potenza;PZ;Basilicata;63403
5484;Potenza Picena;MC;Marche;15470
5485;Pove del Grappa;VI;Veneto;3133
5486;Povegliano;TV;Veneto;5143
5487;Povegliano Veronese;VR;Veneto;7401
5488;Poviglio;RE;Emilia Romagna;7240
5489;Povoletto;UD;Friuli Venezia Giulia;5387
5490;Pozza di Fassa;TN;Trentino Alto Adige;
5491;Pozzaglia Sabina;RI;Lazio;303
5492;Pozzaglio ed Uniti;CR;Lombardia;1416
5493;Pozzallo;RG;Sicilia;18958
5494;Pozzilli;IS;Molise;2163
5495;Pozzo d'Adda;MI;Lombardia;6871
5496;Pozzol Groppo;AL;Piemonte;311
5497;Pozzolengo;BS;Lombardia;3577
5498;Pozzoleone;VI;Veneto;2752
5499;Pozzolo Formigaro;AL;Piemonte;4558
5500;Pozzomaggiore;SS;Sardegna;2286
5501;Pozzonovo;PD;Veneto;3455
5502;Pozzuoli;;Campania;74665
5503;Pozzuolo del Friuli;UD;Friuli Venezia Giulia;6891
5504;Pozzuolo Martesana;MI;Lombardia;8828
5505;Pradalunga;BG;Lombardia;4494
5506;Pradamano;UD;Friuli Venezia Giulia;3536
5507;Pradleves;CN;Piemonte;262
5508;Pragelato;TO;Piemonte;694
5509;Praia a Mare;CS;Calabria;6268
5510;Praiano;SA;Campania;1920
5511;Pralboino;BS;Lombardia;2850
5512;Prali;TO;Piemonte;251
5513;Pralormo;TO;Piemonte;1872
5514;Pralungo;BI;Piemonte;2293
5515;Pramaggiore;VE;Veneto;4721
5516;Pramollo;TO;Piemonte;211
5517;Prarolo;VC;Piemonte;720
5518;Prarostino;TO;Piemonte;1238
5519;Prasco;AL;Piemonte;501
5520;Prascorsano;TO;Piemonte;686
5521;Praso;TN;Trentino Alto Adige;
5522;Prata Camportaccio;SO;Lombardia;2942
5523;Prata d'Ansidonia;AQ;Abruzzo;424
5524;Prata di Pordenone;PN;Friuli Venezia Giulia;8353
5525;Prata di Principato Ultra;AV;Campania;2655
5526;Prata Sannita;CE;Campania;1321
5527;Pratella;CE;Campania;1324
5528;Pratiglione;TO;Piemonte;444
5529;Prato;PO;Toscana;198327
5530;Prato allo Stelvio;BZ;Trentino Alto Adige;
5531;Prato Carnico;UD;Friuli Venezia Giulia;796
5532;Prato Sesia;NO;Piemonte;1829
5533;Pratola Peligna;AQ;Abruzzo;6881
5534;Pratola Serra;AV;Campania;3561
5535;Pratovecchio;AR;Toscana;
5536;Pravisdomini;PN;Friuli Venezia Giulia;3471
5537;Pray;BI;Piemonte;1999
5538;Prazzo;CN;Piemonte;166
5539;Precenicco;UD;Friuli Venezia Giulia;1464
5540;Preci;PG;Umbria;678
5541;Predappio;FC;Emilia Romagna;6364
5542;Predazzo;TN;Trentino Alto Adige;4510
5543;Predoi;BZ;Trentino Alto Adige;
5544;Predore;BG;Lombardia;1847
5545;Predosa;AL;Piemonte;1860
5546;Preganziol;TV;Veneto;16738
5547;Pregnana Milanese;MI;Lombardia;7331
5548;Prel?;IM;Liguria;
5549;Premana;LC;Lombardia;2150
5550;Premariacco;UD;Friuli Venezia Giulia;3919
5551;Premeno;VB;Piemonte;732
5552;Premia;VB;Piemonte;568
5553;Premilcuore;FC;Emilia Romagna;675
5554;Premolo;BG;Lombardia;1064
5555;Premosello-Chiovenda;VB;Piemonte;1864
5556;Preone;UD;Friuli Venezia Giulia;247
5557;Preore;TN;Trentino Alto Adige;
5558;Prepotto;UD;Friuli Venezia Giulia;696
5559;Pr?-Saint-Didier;AO;Valle d'Aosta;
5560;Preseglie;BS;Lombardia;1470
5561;Presenzano;CE;Campania;1608
5562;Presezzo;BG;Lombardia;4790
5563;Presicce;LE;Puglia;
5564;Pressana;VR;Veneto;2511
5565;Prestine;BS;Lombardia;
5566;Pretoro;CH;Abruzzo;859
5567;Prevalle;BS;Lombardia;6902
5568;Prezza;AQ;Abruzzo;804
5569;Prezzo;TN;Trentino Alto Adige;
5570;Priero;CN;Piemonte;486
5571;Prignano Cilento;SA;Campania;1111
5572;Prignano sulla Secchia;MO;Emilia Romagna;3898
5573;Primaluna;LC;Lombardia;2274
5574;Priocca;CN;Piemonte;2016
5575;Priola;CN;Piemonte;609
5576;Priolo Gargallo;SR;Sicilia;11038
5577;Priverno;LT;Lazio;13694
5578;Prizzi;PA;Sicilia;3999
5579;Proceno;VT;Lazio;521
5580;Procida;;Campania;9971
5581;Propata;GE;Liguria;119
5582;Proserpio;CO;Lombardia;951
5583;Prossedi;LT;Lazio;1112
5584;Provaglio d'Iseo;BS;Lombardia;7068
5585;Provaglio Val Sabbia;BS;Lombardia;844
5586;Proves;BZ;Trentino Alto Adige;
5587;Provvidenti;CB;Molise;97
5588;Prunetto;CN;Piemonte;369
5589;Puegnago sul Garda;BS;Lombardia;
5590;Puglianello;BN;Campania;1262
5591;Pula;CA;Sardegna;7048
5592;Pulfero;UD;Friuli Venezia Giulia;832
5593;Pulsano;TA;Puglia;11162
5594;Pumenengo;BG;Lombardia;1731
5595;Puos d'Alpago;BL;Veneto;
5596;Pusiano;CO;Lombardia;1301
5597;Putifigari;SS;Sardegna;658
5598;Putignano;BA;Puglia;25696
5599;Quadrelle;AV;Campania;1864
5600;Quadri;CH;Abruzzo;672
5601;Quagliuzzo;TO;Piemonte;333
5602;Qualiano;;Campania;24799
5603;Quaranti;AT;Piemonte;144
5604;Quaregna;BI;Piemonte;
5605;Quargnento;AL;Piemonte;1362
5606;Quarna Sopra;VB;Piemonte;240
5607;Quarna Sotto;VB;Piemonte;373
5608;Quarona;VC;Piemonte;3715
5609;Quarrata;PT;Toscana;27028
5610;Quart;AO;Valle d'Aosta;4151
5611;Quarto;;Campania;41531
5612;Quarto d'Altino;VE;Veneto;8012
5613;Quartu Sant'Elena;CA;Sardegna;67869
5614;Quartucciu;CA;Sardegna;12723
5615;Quassolo;TO;Piemonte;329
5616;Quattordio;AL;Piemonte;1435
5617;Quattro Castella;RE;Emilia Romagna;13226
5618;Quero;BL;Veneto;
5619;Quiliano;SV;Liguria;6818
5620;Quincinetto;TO;Piemonte;991
5621;Quindici;AV;Campania;1757
5622;Quingentole;MN;Lombardia;1016
5623;Quintano;CR;Lombardia;932
5624;Quinto di Treviso;TV;Veneto;10093
5625;Quinto Vercellese;VC;Piemonte;381
5626;Quinto Vicentino;VI;Veneto;5836
5627;Quinzano d'Oglio;BS;Lombardia;6392
5628;Quistello;MN;Lombardia;5281
5629;Quittengo;BI;Piemonte;
5630;Rabbi;TN;Trentino Alto Adige;1374
5631;Racale;LE;Puglia;10670
5632;Racalmuto;AG;Sicilia;7501
5633;Racconigi;CN;Piemonte;9626
5634;Raccuja;ME;Sicilia;839
5635;Racines;BZ;Trentino Alto Adige;
5636;Radda in Chianti;SI;Toscana;1431
5637;Raddusa;CT;Sicilia;2751
5638;Radicofani;SI;Toscana;1024
5639;Radicondoli;SI;Toscana;969
5640;Raffadali;AG;Sicilia;11769
5641;Ragalna;CT;Sicilia;4396
5642;Ragogna;UD;Friuli Venezia Giulia;2843
5643;Ragoli;TN;Trentino Alto Adige;
5644;Ragusa;RG;Sicilia;74122
5645;Raiano;AQ;Abruzzo;2595
5646;Ramacca;CT;Sicilia;10029
5647;Ramiseto;RE;Emilia Romagna;
5648;Ramponio Verna;CO;Lombardia;
5649;Rancio Valcuvia;VA;Lombardia;911
5650;Ranco;VA;Lombardia;1208
5651;Randazzo;CT;Sicilia;9959
5652;Ranica;BG;Lombardia;5828
5653;Ranzanico;BG;Lombardia;1217
5654;Ranzo;IM;Liguria;576
5655;Rapagnano;FM;Marche;1908
5656;Rapallo;GE;Liguria;29595
5657;Rapino;CH;Abruzzo;1115
5658;Rapolano Terme;SI;Toscana;5103
5659;Rapolla;PZ;Basilicata;4080
5660;Rapone;PZ;Basilicata;827
5661;Rassa;VC;Piemonte;66
5662;Rasun Anterselva;BZ;Trentino Alto Adige;
5663;Rasura;SO;Lombardia;277
5664;Ravanusa;AG;Sicilia;10124
5665;Ravarino;MO;Emilia Romagna;6388
5666;Ravascletto;UD;Friuli Venezia Giulia;497
5667;Ravello;SA;Campania;2335
5668;Ravenna;RA;Emilia Romagna;156475
5669;Raveo;UD;Friuli Venezia Giulia;425
5670;Raviscanina;CE;Campania;1129
5671;Re;VB;Piemonte;707
5672;Rea;PV;Lombardia;395
5673;Realmonte;AG;Sicilia;4368
5674;Reana del Rojale;UD;Friuli Venezia Giulia;4723
5675;Reano;TO;Piemonte;1779
5676;Recale;CE;Campania;7708
5677;Recanati;MC;Marche;20558
5678;Recco;GE;Liguria;9273
5679;Recetto;NO;Piemonte;1029
5680;Recoaro Terme;VI;Veneto;5767
5681;Redavalle;PV;Lombardia;1050
5682;Redondesco;MN;Lombardia;1188
5683;Refrancore;AT;Piemonte;1535
5684;Refrontolo;TV;Veneto;1697
5685;Regalbuto;EN;Sicilia;6556
5686;Reggello;FI;Toscana;16555
5687;Reggio Calabria;RC;Calabria;
5688;Reggio Emilia;RE;Emilia Romagna;
5689;Reggiolo;RE;Emilia Romagna;9318
5690;Reino;BN;Campania;1063
5691;Reitano;ME;Sicilia;705
5692;Remanzacco;UD;Friuli Venezia Giulia;5904
5693;Remedello;BS;Lombardia;3446
5694;Renate;MB;Lombardia;3983
5695;Rende;CS;Calabria;36893
5696;Renon;BZ;Trentino Alto Adige;
5697;Resana;TV;Veneto;9340
5698;Rescaldina;MI;Lombardia;14406
5699;Resia;UD;Friuli Venezia Giulia;904
5700;Resiutta;UD;Friuli Venezia Giulia;266
5701;Resuttano;CL;Sicilia;1687
5702;Retorbido;PV;Lombardia;1511
5703;Revello;CN;Piemonte;4184
5704;Revere;MN;Lombardia;
5705;Revigliasco d'Asti;AT;Piemonte;752
5706;Revine Lago;TV;Veneto;2099
5707;Rev?;TN;Trentino Alto Adige;
5708;Rezzago;CO;Lombardia;311
5709;Rezzato;BS;Lombardia;13592
5710;Rezzo;IM;Liguria;311
5711;Rezzoaglio;GE;Liguria;859
5712;Rhemes-Notre-Dame;AO;Valle d'Aosta;
5713;Rhemes-Saint-Georges;AO;Valle d'Aosta;
5714;Rho;MI;Lombardia;51000
5715;Riace;RC;Calabria;1796
5716;Rialto;SV;Liguria;526
5717;Riano;RM;Lazio;10494
5718;Riardo;CE;Campania;2170
5719;Ribera;AG;Sicilia;17744
5720;Ribordone;TO;Piemonte;43
5721;Ricadi;VV;Calabria;5048
5722;Ricaldone;AL;Piemonte;604
5723;Riccia;CB;Molise;4646
5724;Riccione;RN;Emilia Romagna;34367
5725;Ricc? del Golfo di Spezia;SP;Liguria;
5726;Ricengo;CR;Lombardia;1724
5727;Ricigliano;SA;Campania;1039
5728;Riese Pio X;TV;Veneto;10921
5729;Riesi;CL;Sicilia;10158
5730;Rieti;RI;Lazio;44866
5731;Rifiano;BZ;Trentino Alto Adige;
5732;Rifreddo;CN;Piemonte;1014
5733;Rignano Flaminio;RM;Lazio;10170
5734;Rignano Garganico;FG;Puglia;1722
5735;Rignano sull'Arno;FI;Toscana;8511
5736;Rigolato;UD;Friuli Venezia Giulia;354
5737;Rima San Giuseppe;VC;Piemonte;
5738;Rimasco;VC;Piemonte;
5739;Rimella;VC;Piemonte;139
5740;Rimini;RN;Emilia Romagna;150774
5741;Rio di Pusteria;BZ;Trentino Alto Adige;
5742;Rio Marina;LI;Toscana;
5743;Rio nell'Elba;LI;Toscana;
5744;Rio Saliceto;RE;Emilia Romagna;6099
5745;Riofreddo;RM;Lazio;750
5746;Riola Sardo;OR;Sardegna;1955
5747;Riolo Terme;RA;Emilia Romagna;5824
5748;Riolunato;MO;Emilia Romagna;657
5749;Riomaggiore;SP;Liguria;1260
5750;Rionero in Vulture;PZ;Basilicata;12325
5751;Rionero Sannitico;IS;Molise;941
5752;Ripa Teatina;CH;Abruzzo;3899
5753;Ripabottoni;CB;Molise;410
5754;Ripacandida;PZ;Basilicata;1528
5755;Ripalimosani;CB;Molise;2970
5756;Ripalta Arpina;CR;Lombardia;1088
5757;Ripalta Cremasca;CR;Lombardia;3454
5758;Ripalta Guerina;CR;Lombardia;538
5759;Riparbella;PI;Toscana;1692
5760;Ripatransone;AP;Marche;4105
5761;Ripe;AN;Marche;
5762;Ripe San Ginesio;MC;Marche;797
5763;Ripi;FR;Lazio;4991
5764;Riposto;CT;Sicilia;13901
5765;Rittana;CN;Piemonte;98
5766;Riva del Garda;TN;Trentino Alto Adige;17758
5767;Riva di Solto;BG;Lombardia;843
5768;Riva Ligure;IM;Liguria;2711
5769;Riva Presso Chieri;TO;Piemonte;4756
5770;Riva Valdobbia;VC;Piemonte;
5771;Rivalba;TO;Piemonte;1135
5772;Rivalta Bormida;AL;Piemonte;1332
5773;Rivalta di Torino;TO;Piemonte;20019
5774;Rivamonte Agordino;BL;Veneto;592
5775;Rivanazzano;PV;Lombardia;
5776;Rivara;TO;Piemonte;2421
5777;Rivarolo Canavese;TO;Piemonte;12303
5778;Rivarolo del Re ed Uniti;CR;Lombardia;1848
5779;Rivarolo Mantovano;MN;Lombardia;2302
5780;Rivarone;AL;Piemonte;400
5781;Rivarossa;TO;Piemonte;1550
5782;Rive;VC;Piemonte;427
5783;Rive d'Arcano;UD;Friuli Venezia Giulia;2400
5784;Rivello;PZ;Basilicata;2417
5785;Rivergaro;PC;Emilia Romagna;7172
5786;Rivignano;UD;Friuli Venezia Giulia;
5787;Rivisondoli;AQ;Abruzzo;680
5788;Rivodutri;RI;Lazio;1121
5789;Rivoli;TO;Piemonte;46551
5790;Rivoli Veronese;VR;Veneto;2368
5791;Rivolta d'Adda;CR;Lombardia;8358
5792;Rizziconi;RC;Calabria;7603
5793;Ro;FE;Emilia Romagna;
5794;Roana;VI;Veneto;4154
5795;Roaschia;CN;Piemonte;87
5796;Roascio;CN;Piemonte;83
5797;Roasio;VC;Piemonte;2142
5798;Roatto;AT;Piemonte;350
5799;Robassomero;TO;Piemonte;3056
5800;Robbiate;LC;Lombardia;6441
5801;Robbio;PV;Lombardia;6016
5802;Robecchetto con Induno;MI;Lombardia;4797
5803;Robecco d'Oglio;CR;Lombardia;2250
5804;Robecco Pavese;PV;Lombardia;510
5805;Robecco sul Naviglio;MI;Lombardia;6794
5806;Robella;AT;Piemonte;440
5807;Robilante;CN;Piemonte;2103
5808;Roburent;CN;Piemonte;487
5809;Rocca Canavese;TO;Piemonte;1727
5810;Rocca Canterano;RM;Lazio;170
5811;Rocca Cigli?;CN;Piemonte;
5812;Rocca d'Arazzo;AT;Piemonte;935
5813;Rocca d'Arce;FR;Lazio;835
5814;Rocca d'Evandro;CE;Campania;2927
5815;Rocca de' Baldi;CN;Piemonte;1615
5816;Rocca de' Giorgi;PV;Lombardia;37
5817;Rocca di Botte;AQ;Abruzzo;891
5818;Rocca di Cambio;AQ;Abruzzo;523
5819;Rocca di Cave;RM;Lazio;364
5820;Rocca di Mezzo;AQ;Abruzzo;1314
5821;Rocca di Neto;KR;Calabria;5286
5822;Rocca di Papa;RM;Lazio;17989
5823;Rocca Grimalda;AL;Piemonte;1396
5824;Rocca Imperiale;CS;Calabria;3116
5825;Rocca Massima;LT;Lazio;1127
5826;Rocca Pia;AQ;Abruzzo;153
5827;Rocca Pietore;BL;Veneto;1119
5828;Rocca Priora;RM;Lazio;12130
5829;Rocca San Casciano;FC;Emilia Romagna;1823
5830;Rocca San Felice;AV;Campania;765
5831;Rocca San Giovanni;CH;Abruzzo;2299
5832;Rocca Santa Maria;TE;Abruzzo;450
5833;Rocca Santo Stefano;RM;Lazio;906
5834;Rocca Sinibalda;RI;Lazio;801
5835;Rocca Susella;PV;Lombardia;239
5836;Roccabascerana;AV;Campania;2343
5837;Roccabernarda;KR;Calabria;3045
5838;Roccabianca;PR;Emilia Romagna;2938
5839;Roccabruna;CN;Piemonte;1519
5840;Roccacasale;AQ;Abruzzo;562
5841;Roccadaspide;SA;Campania;6900
5842;Roccafiorita;ME;Sicilia;154
5843;Roccafluvione;AP;Marche;1816
5844;Roccaforte del Greco;RC;Calabria;291
5845;Roccaforte Ligure;AL;Piemonte;113
5846;Roccaforte Mondov?;CN;Piemonte;
5847;Roccaforzata;TA;Puglia;1729
5848;Roccafranca;BS;Lombardia;4989
5849;Roccagiovine;RM;Lazio;246
5850;Roccagloriosa;SA;Campania;1535
5851;Roccagorga;LT;Lazio;4087
5852;Roccalbegna;GR;Toscana;909
5853;Roccalumera;ME;Sicilia;4143
5854;Roccamandolfi;IS;Molise;803
5855;Roccamena;PA;Sicilia;1283
5856;Roccamonfina;CE;Campania;3087
5857;Roccamontepiano;CH;Abruzzo;1533
5858;Roccamorice;PE;Abruzzo;840
5859;Roccanova;PZ;Basilicata;1235
5860;Roccantica;RI;Lazio;542
5861;Roccapalumba;PA;Sicilia;2119
5862;Roccapiemonte;SA;Campania;8676
5863;Roccarainola;;Campania;6463
5864;Roccaraso;AQ;Abruzzo;1460
5865;Roccaromana;CE;Campania;843
5866;Roccascalegna;CH;Abruzzo;1011
5867;Roccasecca;FR;Lazio;6671
5868;Roccasecca dei Volsci;LT;Lazio;1060
5869;Roccasicura;IS;Molise;460
5870;Roccasparvera;CN;Piemonte;744
5871;Roccaspinalveti;CH;Abruzzo;1121
5872;Roccastrada;GR;Toscana;8767
5873;Roccavaldina;ME;Sicilia;965
5874;Roccaverano;AT;Piemonte;360
5875;Roccavignale;SV;Liguria;755
5876;Roccavione;CN;Piemonte;2610
5877;Roccavivara;CB;Molise;567
5878;Roccella Ionica;RC;Calabria;6119
5879;Roccella Valdemone;ME;Sicilia;532
5880;Rocchetta a Volturno;IS;Molise;1066
5881;Rocchetta Belbo;CN;Piemonte;150
5882;Rocchetta di Vara;SP;Liguria;661
5883;Rocchetta e Croce;CE;Campania;439
5884;Rocchetta Ligure;AL;Piemonte;222
5885;Rocchetta Nervina;IM;Liguria;267
5886;Rocchetta Palafea;AT;Piemonte;320
5887;Rocchetta Sant'Antonio;FG;Puglia;1597
5888;Rocchetta Tanaro;AT;Piemonte;1357
5889;Rodano;MI;Lombardia;4709
5890;Roddi;CN;Piemonte;1591
5891;Roddino;CN;Piemonte;394
5892;Rodello;CN;Piemonte;959
5893;Rodengo;BZ;Trentino Alto Adige;
5894;Rodengo-Saiano;BS;Lombardia;
5895;Rodero;CO;Lombardia;1282
5896;Rodi Garganico;FG;Puglia;3306
5897;Rod? Milici;ME;Sicilia;
5898;Rodigo;MN;Lombardia;5174
5899;Ro? Volciano;BS;Lombardia;
5900;Rofrano;SA;Campania;1222
5901;Rogeno;LC;Lombardia;3050
5902;Roggiano Gravina;CS;Calabria;6708
5903;Roghudi;RC;Calabria;897
5904;Rogliano;CS;Calabria;5150
5905;Rognano;PV;Lombardia;708
5906;Rogno;BG;Lombardia;3854
5907;Rogolo;SO;Lombardia;575
5908;Roiate;RM;Lazio;639
5909;Roio del Sangro;CH;Abruzzo;101
5910;Roisan;AO;Valle d'Aosta;984
5911;Roletto;TO;Piemonte;1965
5912;Rolo;RE;Emilia Romagna;4040
5913;Roma;RM;Lazio;2745062
5914;Romagnano al Monte;SA;Campania;369
5915;Romagnano Sesia;NO;Piemonte;3759
5916;Romagnese;PV;Lombardia;528
5917;Romallo;TN;Trentino Alto Adige;
5918;Romana;SS;Sardegna;457
5919;Romanengo;CR;Lombardia;3257
5920;Romano Canavese;TO;Piemonte;2711
5921;Romano d'Ezzelino;VI;Veneto;14002
5922;Romano di Lombardia;BG;Lombardia;21049
5923;Romans d'Isonzo;GO;Friuli Venezia Giulia;3556
5924;Rombiolo;VV;Calabria;4201
5925;Romeno;TN;Trentino Alto Adige;1529
5926;Romentino;NO;Piemonte;5658
5927;Rometta;ME;Sicilia;6497
5928;Ronago;CO;Lombardia;
5929;Ronc?;VR;Veneto;
5930;Roncade;TV;Veneto;14592
5931;Roncadelle;BS;Lombardia;9315
5932;Roncaro;PV;Lombardia;1533
5933;Roncegno Terme;TN;Trentino Alto Adige;3020
5934;Roncello;MI;Lombardia;4772
5935;Ronchi dei Legionari;GO;Friuli Venezia Giulia;11859
5936;Ronchi Valsugana;TN;Trentino Alto Adige;450
5937;Ronchis;UD;Friuli Venezia Giulia;1939
5938;Ronciglione;VT;Lazio;8439
5939;Ronco all'Adige;VR;Veneto;6195
5940;Ronco Biellese;BI;Piemonte;1409
5941;Ronco Briantino;MB;Lombardia;3777
5942;Ronco Canavese;TO;Piemonte;383
5943;Ronco Scrivia;GE;Liguria;4213
5944;Roncobello;BG;Lombardia;421
5945;Roncoferraro;MN;Lombardia;6935
5946;Roncofreddo;FC;Emilia Romagna;3558
5947;Roncola;BG;Lombardia;901
5948;Roncone;TN;Trentino Alto Adige;
5949;Rondanina;GE;Liguria;57
5950;Rondissone;TO;Piemonte;1927
5951;Ronsecco;VC;Piemonte;560
5952;Ronzo-Chienis;TN;Trentino Alto Adige;1004
5953;Ronzone;TN;Trentino Alto Adige;515
5954;Roppolo;BI;Piemonte;805
5955;Ror?;TO;Piemonte;
5956;Ros?;VI;Veneto;
5957;Rosarno;RC;Calabria;14528
5958;Rosasco;PV;Lombardia;560
5959;Rosate;MI;Lombardia;5641
5960;Rosazza;BI;Piemonte;95
5961;Rosciano;PE;Abruzzo;4114
5962;Roscigno;SA;Campania;570
5963;Rose;CS;Calabria;4109
5964;Rosello;CH;Abruzzo;175
5965;Roseto Capo Spulico;CS;Calabria;1865
5966;Roseto degli Abruzzi;TE;Abruzzo;25938
5967;Roseto Valfortore;FG;Puglia;982
5968;Rosignano Marittimo;LI;Toscana;30103
5969;Rosignano Monferrato;AL;Piemonte;1387
5970;Rosolina;RO;Veneto;6043
5971;Rosolini;SR;Sicilia;20655
5972;Rosora;AN;Marche;1788
5973;Rossa;VC;Piemonte;167
5974;Rossana;CN;Piemonte;836
5975;Rossano;CS;Calabria;
5976;Rossano Veneto;VI;Veneto;8296
5977;Rossiglione;GE;Liguria;2523
5978;Rosta;TO;Piemonte;5074
5979;Rota d'Imagna;BG;Lombardia;940
5980;Rota Greca;CS;Calabria;891
5981;Rotella;AP;Marche;764
5982;Rotello;CB;Molise;1123
5983;Rotonda;PZ;Basilicata;3100
5984;Rotondella;MT;Basilicata;2309
5985;Rotondi;AV;Campania;3329
5986;Rottofreno;PC;Emilia Romagna;12320
5987;Rotzo;VI;Veneto;644
5988;Roure;TO;Piemonte;740
5989;Rovagnate;LC;Lombardia;
5990;Rovasenda;VC;Piemonte;885
5991;Rovato;BS;Lombardia;19746
5992;Rovegno;GE;Liguria;469
5993;Rovellasca;CO;Lombardia;8028
5994;Rovello Porro;CO;Lombardia;6387
5995;Roverbella;MN;Lombardia;8714
5996;Roverchiara;VR;Veneto;2596
5997;Rover? della Luna;TN;Trentino Alto Adige;
5998;Rover? Veronese;VR;Veneto;
5999;Roveredo di Gu?;VR;Veneto;
6000;Roveredo in Piano;PN;Friuli Venezia Giulia;5760
6001;Rovereto;TN;Trentino Alto Adige;40513
6002;Rovescala;PV;Lombardia;810
6003;Rovetta;BG;Lombardia;4150
6004;Roviano;RM;Lazio;1232
6005;Rovigo;RO;Veneto;49994
6006;Rovito;CS;Calabria;2901
6007;Rovolon;PD;Veneto;4863
6008;Rozzano;MI;Lombardia;41724
6009;Rubano;PD;Veneto;17243
6010;Rubiana;TO;Piemonte;2591
6011;Rubiera;RE;Emilia Romagna;14522
6012;Ruda;UD;Friuli Venezia Giulia;2802
6013;Rudiano;BS;Lombardia;5910
6014;Rueglio;TO;Piemonte;788
6015;Ruffano;LE;Puglia;9217
6016;Ruffia;CN;Piemonte;357
6017;Ruffr? Mendola;TN;Trentino Alto Adige;
6018;Rufina;FI;Toscana;7103
6019;Ruinas;OR;Sardegna;569
6020;Ruino;PV;Lombardia;
6021;Rumo;TN;Trentino Alto Adige;783
6022;Ruoti;PZ;Basilicata;3164
6023;Russi;RA;Emilia Romagna;12282
6024;Rutigliano;BA;Puglia;18254
6025;Rutino;SA;Campania;744
6026;Ruviano;CE;Campania;1626
6027;Ruvo del Monte;PZ;Basilicata;935
6028;Ruvo di Puglia;BA;Puglia;24092
6029;Sabaudia;LT;Lazio;19326
6030;Sabbia;VC;Piemonte;
6031;Sabbio Chiese;BS;Lombardia;4093
6032;Sabbioneta;MN;Lombardia;4076
6033;Sacco;SA;Campania;394
6034;Saccolongo;PD;Veneto;5029
6035;Sacile;PN;Friuli Venezia Giulia;19947
6036;Sacrofano;RM;Lazio;7512
6037;Sadali;CA;Sardegna;772
6038;Sagama;OR;Sardegna;186
6039;Sagliano Micca;BI;Piemonte;1594
6040;Sagrado;GO;Friuli Venezia Giulia;2132
6041;Sagron Mis;TN;Trentino Alto Adige;171
6042;Saint-Christophe;AO;Valle d'Aosta;3436
6043;Saint-Denis;AO;Valle d'Aosta;372
6044;Saint-Marcel;AO;Valle d'Aosta;1283
6045;Saint-Nicolas;AO;Valle d'Aosta;336
6046;Saint-Oyen;AO;Valle d'Aosta;188
6047;Saint-Pierre;AO;Valle d'Aosta;3242
6048;Saint-Rhemy-En-Bosses;AO;Valle d'Aosta;
6049;Saint-Vincent;AO;Valle d'Aosta;4432
6050;Sala Baganza;PR;Emilia Romagna;6105
6051;Sala Biellese;BI;Piemonte;531
6052;Sala Bolognese;BO;Emilia Romagna;8451
6053;Sala Comacina;CO;Lombardia;456
6054;Sala Consilina;SA;Campania;12103
6055;Sala Monferrato;AL;Piemonte;326
6056;Salandra;MT;Basilicata;2391
6057;Salaparuta;TP;Sicilia;1560
6058;Salara;RO;Veneto;1027
6059;Salasco;VC;Piemonte;194
6060;Salassa;TO;Piemonte;1850
6061;Salbertrand;TO;Piemonte;635
6062;Salcedo;VI;Veneto;989
6063;Salcito;CB;Molise;639
6064;Sale;AL;Piemonte;3853
6065;Sale delle Langhe;CN;Piemonte;473
6066;Sale Marasino;BS;Lombardia;3238
6067;Sale San Giovanni;CN;Piemonte;151
6068;Salemi;TP;Sicilia;9719
6069;Salento;SA;Campania;1734
6070;Salerano Canavese;TO;Piemonte;471
6071;Salerano sul Lambro;LO;Lombardia;2690
6072;Salerno;SA;Campania;125323
6073;Saletto;PD;Veneto;
6074;Salgareda;TV;Veneto;6523
6075;Sali Vercellese;VC;Piemonte;88
6076;Salice Salentino;LE;Puglia;7549
6077;Saliceto;CN;Piemonte;1144
6078;Salisano;RI;Lazio;462
6079;Salizzole;VR;Veneto;3758
6080;Salle;PE;Abruzzo;250
6081;Salmour;CN;Piemonte;719
6082;Sal?;BS;Lombardia;
6083;Salorno;BZ;Trentino Alto Adige;
6084;Salsomaggiore Terme;PR;Emilia Romagna;20640
6085;Saltara;PU;Marche;
6086;Saltrio;VA;Lombardia;3001
6087;Saludecio;RN;Emilia Romagna;3274
6088;Saluggia;VC;Piemonte;3752
6089;Salussola;BI;Piemonte;1835
6090;Saluzzo;CN;Piemonte;17575
6091;Salve;LE;Puglia;4580
6092;Salvirola;CR;Lombardia;1143
6093;Salvitelle;SA;Campania;457
6094;Salza di Pinerolo;TO;Piemonte;65
6095;Salza Irpina;AV;Campania;727
6096;Salzano;VE;Veneto;12768
6097;Samarate;VA;Lombardia;16232
6098;Samassi;VS;Sardegna;4674
6099;Samatzai;CA;Sardegna;1502
6100;Sambuca di Sicilia;AG;Sicilia;5202
6101;Sambuca Pistoiese;PT;Toscana;1406
6102;Sambuci;RM;Lazio;833
6103;Sambuco;CN;Piemonte;81
6104;Sammichele di Bari;BA;Puglia;5921
6105;Samo;RC;Calabria;679
6106;Samolaco;SO;Lombardia;2871
6107;Samone;TO;Piemonte;1538
6107;Samone;TO;Piemonte;540
6108;Samone;TN;Trentino Alto Adige;1538
6108;Samone;TN;Trentino Alto Adige;540
6109;Sampeyre;CN;Piemonte;967
6110;Samugheo;OR;Sardegna;2636
6111;San Bartolomeo al Mare;IM;Liguria;2967
6112;San Bartolomeo in Galdo;BN;Campania;4191
6113;San Bartolomeo Val Cavargna;CO;Lombardia;926
6114;San Basile;CS;Calabria;882
6115;San Basilio;CA;Sardegna;1067
6116;San Bassano;CR;Lombardia;2057
6117;San Bellino;RO;Veneto;1075
6118;San Benedetto Belbo;CN;Piemonte;141
6119;San Benedetto dei Marsi;AQ;Abruzzo;3715
6120;San Benedetto del Tronto;AP;Marche;46976
6121;San Benedetto in Perillis;AQ;Abruzzo;100
6122;San Benedetto Po;MN;Lombardia;6792
6123;San Benedetto Ullano;CS;Calabria;1373
6124;San Benedetto Val di Sambro;BO;Emilia Romagna;4268
6125;San Benigno Canavese;TO;Piemonte;6050
6126;San Bernardino Verbano;VB;Piemonte;1226
6127;San Biagio della Cima;IM;Liguria;1283
6128;San Biagio di Callalta;TV;Veneto;12631
6129;San Biagio Platani;AG;Sicilia;2744
6130;San Biagio Saracinisco;FR;Lazio;289
6131;San Biase;CB;Molise;117
6132;San Bonifacio;VR;Veneto;21399
6133;San Buono;CH;Abruzzo;835
6134;San Calogero;VV;Calabria;3712
6135;San Candido;BZ;Trentino Alto Adige;
6136;San Canzian d'Isonzo;GO;Friuli Venezia Giulia;6048
6137;San Carlo Canavese;TO;Piemonte;4029
6138;San Casciano dei Bagni;SI;Toscana;1417
6139;San Casciano in Val di Pesa;FI;Toscana;16288
6140;San Cassiano;LE;Puglia;1936
6141;San Cataldo;CL;Sicilia;20229
6142;San Cesareo;RM;Lazio;16383
6143;San Cesario di Lecce;LE;Puglia;7787
6144;San Cesario sul Panaro;MO;Emilia Romagna;6676
6145;San Chirico Nuovo;PZ;Basilicata;1076
6146;San Chirico Raparo;PZ;Basilicata;865
6147;San Cipirello;PA;Sicilia;4787
6148;San Cipriano d'Aversa;CE;Campania;13496
6149;San Cipriano Picentino;SA;Campania;6738
6150;San Cipriano Po;PV;Lombardia;455
6151;San Clemente;CE;Campania;5749
6152;San Colombano al Lambro;MI;Lombardia;7591
6153;San Colombano Belmonte;TO;Piemonte;359
6154;San Colombano Certenoli;GE;Liguria;2697
6155;San Cono;CT;Sicilia;2363
6156;San Cosmo Albanese;CS;Calabria;540
6157;San Costantino Albanese;PZ;Basilicata;569
6158;San Costantino Calabro;VV;Calabria;2031
6159;San Costanzo;PU;Marche;4648
6160;San Cristoforo;AL;Piemonte;519
6161;San Damiano al Colle;PV;Lombardia;600
6162;San Damiano d'Asti;AT;Piemonte;8040
6163;San Damiano Macra;CN;Piemonte;402
6164;San Daniele del Friuli;UD;Friuli Venezia Giulia;7909
6165;San Daniele Po;CR;Lombardia;1297
6166;San Demetrio Corone;CS;Calabria;2955
6167;San Demetrio ne' Vestini;AQ;Abruzzo;2002
6168;San Didero;TO;Piemonte;493
6169;San Don? di Piave;VE;Veneto;
6170;San Donaci;BR;Puglia;6050
6171;San Donato di Lecce;LE;Puglia;5350
6172;San Donato di Ninea;CS;Calabria;1030
6173;San Donato Milanese;MI;Lombardia;32210
6174;San Donato Val di Comino;FR;Lazio;1852
6175;San Dorligo della Valle;TS;Friuli Venezia Giulia;
6176;San Fedele Intelvi;CO;Lombardia;
6177;San Fele;PZ;Basilicata;2493
6178;San Felice a Cancello;CE;Campania;16810
6179;San Felice Circeo;LT;Lazio;10089
6180;San Felice del Benaco;BS;Lombardia;3468
6181;San Felice del Molise;CB;Molise;525
6182;San Felice sul Panaro;MO;Emilia Romagna;11049
6183;San Ferdinando;RC;Calabria;4469
6184;San Ferdinando di Puglia;BT;Puglia;13855
6185;San Fermo della Battaglia;CO;Lombardia;7770
6186;San Fili;CS;Calabria;2406
6187;San Filippo del Mela;ME;Sicilia;6617
6188;San Fior;TV;Veneto;6843
6189;San Fiorano;LO;Lombardia;1893
6190;San Floriano del Collio;GO;Friuli Venezia Giulia;
6191;San Floro;CZ;Calabria;691
6192;San Francesco al Campo;TO;Piemonte;4805
6193;San Fratello;ME;Sicilia;3159
6194;San Gavino Monreale;VS;Sardegna;7823
6195;San Gemini;TR;Umbria;4611
6196;San Genesio Atesino;BZ;Trentino Alto Adige;
6197;San Genesio ed Uniti;PV;Lombardia;4053
6198;San Gennaro Vesuviano;;Campania;12164
6199;San Germano Chisone;TO;Piemonte;1689
6200;San Germano dei Berici;VI;Veneto;
6201;San Germano Vercellese;VC;Piemonte;1615
6202;San Gervasio Bresciano;BS;Lombardia;2679
6203;San Giacomo degli Schiavoni;CB;Molise;1375
6204;San Giacomo delle Segnate;MN;Lombardia;1508
6205;San Giacomo Filippo;SO;Lombardia;371
6206;San Giacomo Vercellese;VC;Piemonte;263
6207;San Gillio;TO;Piemonte;3311
6208;San Gimignano;SI;Toscana;7463
6209;San Ginesio;MC;Marche;3047
6210;San Giorgio a Cremano;;Campania;41585
6211;San Giorgio a Liri;FR;Lazio;2927
6212;San Giorgio Albanese;CS;Calabria;1256
6213;San Giorgio Canavese;TO;Piemonte;2484
6214;San Giorgio del Sannio;BN;Campania;9633
6215;San Giorgio della Richinvelda;PN;Friuli Venezia Giulia;4541
6216;San Giorgio delle Pertiche;PD;Veneto;10092
6217;San Giorgio di Lomellina;PV;Lombardia;986
6218;San Giorgio di Mantova;MN;Lombardia;
6219;San Giorgio di Nogaro;UD;Friuli Venezia Giulia;7285
6220;San Giorgio di Pesaro;PU;Marche;
6221;San Giorgio di Piano;BO;Emilia Romagna;9771
6222;San Giorgio in Bosco;PD;Veneto;6307
6223;San Giorgio Ionico;TA;Puglia;13850
6224;San Giorgio La Molara;BN;Campania;2645
6225;San Giorgio Lucano;MT;Basilicata;986
6226;San Giorgio Monferrato;AL;Piemonte;1204
6227;San Giorgio Morgeto;RC;Calabria;2945
6228;San Giorgio Piacentino;PC;Emilia Romagna;5586
6229;San Giorgio Scarampi;AT;Piemonte;98
6230;San Giorgio su Legnano;MI;Lombardia;6868
6231;San Giorio di Susa;TO;Piemonte;951
6232;San Giovanni a Piro;SA;Campania;3591
6233;San Giovanni al Natisone;UD;Friuli Venezia Giulia;5995
6234;San Giovanni Bianco;BG;Lombardia;4569
6235;San Giovanni d'Asso;SI;Toscana;
6236;San Giovanni del Dosso;MN;Lombardia;1244
6237;San Giovanni di Gerace;RC;Calabria;394
6238;San Giovanni Gemini;AG;Sicilia;7383
6239;San Giovanni Ilarione;VR;Veneto;4848
6240;San Giovanni in Croce;CR;Lombardia;1915
6241;San Giovanni in Fiore;CS;Calabria;15328
6242;San Giovanni in Galdo;CB;Molise;495
6243;San Giovanni in Marignano;RN;Emilia Romagna;9425
6244;San Giovanni in Persiceto;BO;Emilia Romagna;28195
6245;San Giovanni Incarico;FR;Lazio;2966
6246;San Giovanni la Punta;CT;Sicilia;24458
6247;San Giovanni Lipioni;CH;Abruzzo;139
6248;San Giovanni Lupatoto;VR;Veneto;25427
6249;San Giovanni Rotondo;FG;Puglia;26129
6250;San Giovanni Suergiu;CI;Sardegna;5523
6251;San Giovanni Teatino;CH;Abruzzo;14541
6252;San Giovanni Valdarno;AR;Toscana;16564
6253;San Giuliano del Sannio;CB;Molise;956
6254;San Giuliano di Puglia;CB;Molise;957
6255;San Giuliano Milanese;MI;Lombardia;40227
6256;San Giuliano Terme;PI;Toscana;30867
6257;San Giuseppe Jato;PA;Sicilia;7886
6258;San Giuseppe Vesuviano;;Campania;30550
6259;San Giustino;PG;Umbria;11020
6260;San Giusto Canavese;TO;Piemonte;3309
6261;San Godenzo;FI;Toscana;1115
6262;San Gregorio d'Ippona;VV;Calabria;2574
6263;San Gregorio da Sassola;RM;Lazio;1385
6264;San Gregorio di Catania;CT;Sicilia;11518
6265;San Gregorio Magno;SA;Campania;3798
6266;San Gregorio Matese;CE;Campania;842
6267;San Gregorio nelle Alpi;BL;Veneto;1582
6268;San Lazzaro di Savena;BO;Emilia Romagna;32950
6269;San Leo;PU;Marche;2877
6270;San Leonardo;UD;Friuli Venezia Giulia;1021
6271;San Leonardo in Passiria;BZ;Trentino Alto Adige;
6272;San Leucio del Sannio;BN;Campania;2877
6273;San Lorenzello;BN;Campania;2079
6274;San Lorenzo;RC;Calabria;2068
6275;San Lorenzo al Mare;IM;Liguria;1224
6276;San Lorenzo Bellizzi;CS;Calabria;501
6277;San Lorenzo del Vallo;CS;Calabria;3057
6278;San Lorenzo di Sebato;BZ;Trentino Alto Adige;
6279;San Lorenzo in Banale;TN;Trentino Alto Adige;
6280;San Lorenzo in Campo;PU;Marche;3157
6281;San Lorenzo Isontino;GO;Friuli Venezia Giulia;1479
6282;San Lorenzo Maggiore;BN;Campania;1855
6283;San Lorenzo Nuovo;VT;Lazio;2029
6284;San Luca;RC;Calabria;3297
6285;San Lucido;CS;Calabria;7775
6286;San Lupo;BN;Campania;667
6287;San Mango d'Aquino;CZ;Calabria;1384
6288;San Mango Piemonte;SA;Campania;2616
6289;San Mango sul Calore;AV;Campania;1104
6290;San Marcellino;CE;Campania;14723
6291;San Marcello;AN;Marche;2006
6292;San Marcello Pistoiese;PT;Toscana;
6293;San Marco Argentano;CS;Calabria;6769
6294;San Marco d'Alunzio;ME;Sicilia;1775
6295;San Marco dei Cavoti;BN;Campania;2895
6296;San Marco Evangelista;CE;Campania;6474
6297;San Marco in Lamis;FG;Puglia;12205
6298;San Marco la Catola;FG;Puglia;810
6299;San Martino al Tagliamento;PN;Friuli Venezia Giulia;1517
6300;San Martino Alfieri;AT;Piemonte;661
6301;San Martino Buon Albergo;VR;Veneto;16797
6302;San Martino Canavese;TO;Piemonte;798
6303;San Martino d'Agri;PZ;Basilicata;615
6304;San Martino dall'Argine;MN;Lombardia;1604
6305;San Martino del Lago;CR;Lombardia;384
6306;San Martino di Finita;CS;Calabria;917
6307;San Martino di Lupari;PD;Veneto;13319
6308;San Martino di Venezze;RO;Veneto;3806
6309;San Martino in Badia;BZ;Trentino Alto Adige;
6310;San Martino in Passiria;BZ;Trentino Alto Adige;
6311;San Martino in Pensilis;CB;Molise;4365
6312;San Martino in Rio;RE;Emilia Romagna;8246
6313;San Martino in Strada;LO;Lombardia;3776
6314;San Martino Sannita;BN;Campania;1136
6315;San Martino Siccomario;PV;Lombardia;6666
6316;San Martino sulla Marrucina;CH;Abruzzo;868
6317;San Martino Valle Caudina;AV;Campania;4733
6318;San Marzano di San Giuseppe;TA;Puglia;8796
6319;San Marzano Oliveto;AT;Piemonte;930
6320;San Marzano sul Sarno;SA;Campania;10209
6321;San Massimo;CB;Molise;825
6322;San Maurizio Canavese;TO;Piemonte;10252
6323;San Maurizio d'Opaglio;NO;Piemonte;2931
6324;San Mauro Castelverde;PA;Sicilia;1279
6325;San Mauro Cilento;SA;Campania;824
6326;San Mauro di Saline;VR;Veneto;606
6327;San Mauro Forte;MT;Basilicata;1168
6328;San Mauro La Bruca;SA;Campania;500
6329;San Mauro Marchesato;KR;Calabria;1868
6330;San Mauro Pascoli;FC;Emilia Romagna;12458
6331;San Mauro Torinese;TO;Piemonte;18267
6332;San Michele al Tagliamento;VE;Veneto;11329
6333;San Michele all'Adige;TN;Trentino Alto Adige;4098
6334;San Michele di Ganzaria;CT;Sicilia;2807
6335;San Michele di Serino;AV;Campania;2391
6336;San Michele Mondov?;CN;Piemonte;
6337;San Michele Salentino;BR;Puglia;6006
6338;San Miniato;PI;Toscana;27769
6339;San Nazario;VI;Veneto;
6340;San Nazzaro;BN;Campania;819
6341;San Nazzaro Sesia;NO;Piemonte;701
6342;San Nazzaro Val Cavargna;CO;Lombardia;256
6343;San Nicandro Garganico;FG;Puglia;13367
6344;San Nicola Arcella;CS;Calabria;2018
6345;San Nicola Baronia;AV;Campania;737
6346;San Nicola da Crissa;VV;Calabria;1174
6347;San Nicola dell'Alto;KR;Calabria;645
6348;San Nicola la Strada;CE;Campania;21842
6349;San Nicola Manfredi;BN;Campania;3373
6350;San Nicol? d'Arcidano;OR;Sardegna;
6351;San Nicol? di Comelico;BL;Veneto;
6352;San Nicol? Gerrei;CA;Sardegna;
6353;San Pancrazio;BZ;Trentino Alto Adige;
6354;San Pancrazio Salentino;BR;Puglia;8958
6355;San Paolo;BS;Lombardia;4490
6356;San Paolo Albanese;PZ;Basilicata;197
6357;San Paolo Bel Sito;;Campania;3358
6358;San Paolo Cervo;BI;Piemonte;
6359;San Paolo d'Argon;BG;Lombardia;5938
6360;San Paolo di Civitate;FG;Puglia;5322
6361;San Paolo di Jesi;AN;Marche;909
6362;San Paolo Solbrito;AT;Piemonte;1163
6363;San Pellegrino Terme;BG;Lombardia;4597
6364;San Pier d'Isonzo;GO;Friuli Venezia Giulia;1914
6365;San Pier Niceto;ME;Sicilia;2518
6366;San Piero a Sieve;FI;Toscana;
6367;San Piero Patti;ME;Sicilia;2535
6368;San Pietro a Maida;CZ;Calabria;3810
6369;San Pietro al Natisone;UD;Friuli Venezia Giulia;2069
6370;San Pietro al Tanagro;SA;Campania;1699
6371;San Pietro Apostolo;CZ;Calabria;1533
6372;San Pietro Avellana;IS;Molise;390
6373;San Pietro Clarenza;CT;Sicilia;8372
6374;San Pietro di Cadore;BL;Veneto;1412
6375;San Pietro di Carid?;RC;Calabria;
6376;San Pietro di Feletto;TV;Veneto;5132
6377;San Pietro di Morubio;VR;Veneto;3145
6378;San Pietro in Amantea;CS;Calabria;446
6379;San Pietro in Cariano;VR;Veneto;12996
6380;San Pietro in Casale;BO;Emilia Romagna;13206
6381;San Pietro in Cerro;PC;Emilia Romagna;739
6382;San Pietro in Gu;PD;Veneto;4107
6383;San Pietro in Guarano;CS;Calabria;3298
6384;San Pietro in Lama;LE;Puglia;3344
6385;San Pietro Infine;CE;Campania;775
6386;San Pietro Mosezzo;NO;Piemonte;1960
6387;San Pietro Mussolino;VI;Veneto;1504
6388;San Pietro Val Lemina;TO;Piemonte;1437
6389;San Pietro Vernotico;BR;Puglia;12807
6390;San Pietro Viminario;PD;Veneto;2982
6391;San Pio delle Camere;AQ;Abruzzo;663
6392;San Polo d'Enza;RE;Emilia Romagna;6140
6393;San Polo dei Cavalieri;RM;Lazio;2804
6394;San Polo di Piave;TV;Veneto;4795
6395;San Polo Matese;CB;Molise;487
6396;San Ponso;TO;Piemonte;230
6397;San Possidonio;MO;Emilia Romagna;3577
6398;San Potito Sannitico;CE;Campania;1947
6399;San Potito Ultra;AV;Campania;1457
6400;San Prisco;CE;Campania;12094
6401;San Procopio;RC;Calabria;469
6402;San Prospero;MO;Emilia Romagna;6261
6403;San Quirico d'Orcia;SI;Toscana;2530
6404;San Quirino;PN;Friuli Venezia Giulia;4333
6405;San Raffaele Cimena;TO;Piemonte;3128
6406;Sanremo;IM;Liguria;53157
6407;San Roberto;RC;Calabria;1479
6408;San Rocco al Porto;LO;Lombardia;3452
6409;San Romano in Garfagnana;LU;Toscana;1295
6410;San Rufo;SA;Campania;1585
6411;San Salvatore di Fitalia;ME;Sicilia;1103
6412;San Salvatore Monferrato;AL;Piemonte;4053
6413;San Salvatore Telesino;BN;Campania;3856
6414;San Salvo;CH;Abruzzo;19918
6415;San Sebastiano al Vesuvio;;Campania;8571
6416;San Sebastiano Curone;AL;Piemonte;530
6417;San Sebastiano Da Po;TO;Piemonte;1853
6418;San Secondo di Pinerolo;TO;Piemonte;3638
6419;San Secondo Parmense;PR;Emilia Romagna;5921
6420;San Severino Lucano;PZ;Basilicata;1313
6421;San Severino Marche;MC;Marche;11793
6422;San Severo;FG;Puglia;48807
6423;San Sossio Baronia;AV;Campania;1462
6424;San Sostene;CZ;Calabria;1407
6425;San Sosti;CS;Calabria;1839
6426;San Sperate;CA;Sardegna;8625
6427;San Tammaro;CE;Campania;5752
6428;San Teodoro;ME;Sicilia;1185
6428;San Teodoro;ME;Sicilia;5224
6429;San Teodoro;OT;Sardegna;1185
6429;San Teodoro;OT;Sardegna;5224
6430;San Tomaso Agordino;BL;Veneto;593
6431;San Valentino in Abruzzo Citeriore;PE;Abruzzo;1788
6432;San Valentino Torio;SA;Campania;10994
6433;San Venanzo;TR;Umbria;2122
6434;San Vendemiano;TV;Veneto;9680
6435;San Vero Milis;OR;Sardegna;2414
6436;San Vincenzo;LI;Toscana;6342
6437;San Vincenzo la Costa;CS;Calabria;1930
6438;San Vincenzo Valle Roveto;AQ;Abruzzo;2013
6439;San Vitaliano;;Campania;6580
6440;San Vito;CA;Sardegna;3409
6441;San Vito al Tagliamento;PN;Friuli Venezia Giulia;15293
6442;San Vito al Torre;UD;Friuli Venezia Giulia;1223
6443;San Vito Chietino;CH;Abruzzo;5058
6444;San Vito dei Normanni;BR;Puglia;17793
6445;San Vito di Cadore;BL;Veneto;1925
6446;San Vito di Fagagna;UD;Friuli Venezia Giulia;1668
6447;San Vito di Leguzzano;VI;Veneto;3502
6448;San Vito Lo Capo;TP;Sicilia;4865
6449;San Vito Romano;RM;Lazio;3012
6450;San Vito sullo Ionio;CZ;Calabria;1536
6451;San Vittore del Lazio;FR;Lazio;2339
6452;San Vittore Olona;MI;Lombardia;8450
6453;San Zeno di Montagna;VR;Veneto;1544
6454;San Zeno Naviglio;BS;Lombardia;4733
6455;San Zenone al Lambro;MI;Lombardia;4508
6456;San Zenone al Po;PV;Lombardia;576
6457;San Zenone degli Ezzelini;TV;Veneto;7318
6458;Sanarica;LE;Puglia;1475
6459;Sandigliano;BI;Piemonte;2563
6460;Sandrigo;VI;Veneto;8226
6461;Sanfr?;CN;Piemonte;
6462;Sanfront;CN;Piemonte;2253
6463;Sangano;TO;Piemonte;3624
6464;Sangiano;VA;Lombardia;1437
6465;Sangineto;CS;Calabria;1202
6466;Sanguinetto;VR;Veneto;4318
6467;Sanluri;VS;Sardegna;7996
6468;Sannazzaro de' Burgondi;PV;Lombardia;5230
6469;Sannicandro di Bari;BA;Puglia;9608
6470;Sannicola;LE;Puglia;5540
6471;Sansepolcro;AR;Toscana;15192
6472;Sant'Abbondio;CO;Lombardia;
6473;Sant'Agapito;IS;Molise;1333
6474;Sant'Agata Bolognese;BO;Emilia Romagna;7345
6475;Sant'Agata de' Goti;BN;Campania;10007
6476;Sant'Agata del Bianco;RC;Calabria;524
6477;Sant'Agata di Esaro;CS;Calabria;1703
6478;Sant'Agata di Militello;ME;Sicilia;12133
6479;Sant'Agata di Puglia;FG;Puglia;1737
6480;Sant'Agata Feltria;PU;Marche;1957
6481;Sant'Agata Fossili;AL;Piemonte;337
6482;Sant'Agata Li Battiati;CT;Sicilia;9217
6483;Sant'Agata sul Santerno;RA;Emilia Romagna;2834
6484;Sant'Agnello;;Campania;8425
6485;Sant'Agostino;FE;Emilia Romagna;
6486;Sant'Albano Stura;CN;Piemonte;2420
6487;Sant'Alessio con Vialone;PV;Lombardia;1058
6488;Sant'Alessio in Aspromonte;RC;Calabria;299
6489;Sant'Alessio Siculo;ME;Sicilia;1542
6490;Sant'Alfio;CT;Sicilia;1521
6491;Sant'Ambrogio di Torino;TO;Piemonte;4501
6492;Sant'Ambrogio di Valpolicella;VR;Veneto;11870
6493;Sant'Ambrogio sul Garigliano;FR;Lazio;865
6494;Sant'Anastasia;;Campania;25999
6495;Sant'Anatolia di Narco;PG;Umbria;490
6496;Sant'Andrea Apostolo dello Ionio;CZ;Calabria;1691
6497;Sant'Andrea del Garigliano;FR;Lazio;1263
6498;Sant'Andrea di Conza;AV;Campania;1341
6499;Sant'Andrea Frius;CA;Sardegna;1659
6500;Sant'Angelo a Cupolo;BN;Campania;3989
6501;Sant'Angelo a Fasanella;SA;Campania;498
6502;Sant'Angelo a Scala;AV;Campania;672
6503;Sant'Angelo all'Esca;AV;Campania;688
6504;Sant'Angelo d'Alife;CE;Campania;2047
6505;Sant'Angelo dei Lombardi;AV;Campania;3783
6506;Sant'Angelo del Pesco;IS;Molise;300
6507;Sant'Angelo di Brolo;ME;Sicilia;2625
6508;Sant'Angelo di Piove di Sacco;PD;Veneto;7347
6509;Sant'Angelo in Lizzola;PU;Marche;
6510;Sant'Angelo in Pontano;MC;Marche;1219
6511;Sant'Angelo in Vado;PU;Marche;3905
6512;Sant'Angelo le Fratte;PZ;Basilicata;1293
6513;Sant'Angelo Limosano;CB;Molise;298
6514;Sant'Angelo Lodigiano;LO;Lombardia;13577
6515;Sant'Angelo Lomellina;PV;Lombardia;803
6516;Sant'Angelo Muxaro;AG;Sicilia;1119
6517;Sant'Angelo Romano;RM;Lazio;5066
6518;Sant'Anna Arresi;CI;Sardegna;2626
6519;Sant'Anna d'Alfaedo;VR;Veneto;2660
6520;Sant'Antimo;;Campania;32516
6521;Sant'Antioco;CI;Sardegna;10404
6522;Sant'Antonino di Susa;TO;Piemonte;4073
6523;Sant'Antonio Abate;;Campania;18766
6524;Sant'Antonio di Gallura;OT;Sardegna;1432
6525;Sant'Apollinare;FR;Lazio;1765
6526;Sant'Arcangelo;PZ;Basilicata;5922
6527;Sant'Arcangelo Trimonte;BN;Campania;460
6528;Sant'Arpino;CE;Campania;15567
6529;Sant'Arsenio;SA;Campania;2639
6530;Sant'Egidio alla Vibrata;TE;Abruzzo;9913
6531;Sant'Egidio del Monte Albino;SA;Campania;7683
6532;Sant'Elena;PD;Veneto;2514
6533;Sant'Elena Sannita;IS;Molise;298
6534;Sant'Elia a Pianisi;CB;Molise;1480
6535;Sant'Elia Fiumerapido;FR;Lazio;5549
6536;Sant'Elpidio a Mare;FM;Marche;16325
6537;Sant'Eufemia a Maiella;PE;Abruzzo;233
6538;Sant'Eufemia d'Aspromonte;RC;Calabria;3625
6539;Sant'Eusanio del Sangro;CH;Abruzzo;2224
6540;Sant'Eusanio Forconese;AQ;Abruzzo;364
6541;Sant'Ilario d'Enza;RE;Emilia Romagna;11423
6542;Sant'Ilario dello Ionio;RC;Calabria;1308
6543;Sant'Ippolito;PU;Marche;1506
6544;Sant'Olcese;GE;Liguria;5563
6545;Sant'Omero;TE;Abruzzo;5077
6546;Sant'Omobono Terme;BG;Lombardia;3953
6547;Sant'Onofrio;VV;Calabria;2655
6548;Sant'Oreste;RM;Lazio;3398
6549;Sant'Orsola Terme;TN;Trentino Alto Adige;1141
6550;Sant'Urbano;PD;Veneto;1914
6551;Santa Brigida;BG;Lombardia;517
6552;Santa Caterina Albanese;CS;Calabria;1052
6553;Santa Caterina dello Ionio;CZ;Calabria;1918
6554;Santa Caterina Villarmosa;CL;Sicilia;4421
6555;Santa Cesarea Terme;LE;Puglia;2764
6556;Santa Cristina d'Aspromonte;RC;Calabria;707
6557;Santa Cristina e Bissone;PV;Lombardia;1848
6558;Santa Cristina Gela;PA;Sicilia;1006
6559;Santa Cristina Valgardena;BZ;Trentino Alto Adige;
6560;Santa Croce Camerina;RG;Sicilia;11649
6561;Santa Croce del Sannio;BN;Campania;857
6562;Santa Croce di Magliano;CB;Molise;3820
6563;Santa Croce sull'Arno;PI;Toscana;15114
6564;Santa Domenica Talao;CS;Calabria;1127
6565;Santa Domenica Vittoria;ME;Sicilia;861
6566;Santa Elisabetta;AG;Sicilia;2208
6567;Santa Fiora;GR;Toscana;2504
6568;Santa Flavia;PA;Sicilia;10983
6569;Santa Giuletta;PV;Lombardia;1585
6570;Santa Giusta;OR;Sardegna;4558
6571;Santa Giustina;BL;Veneto;6621
6572;Santa Giustina in Colle;PD;Veneto;7139
6573;Santa Luce;PI;Toscana;1580
6574;Santa Lucia del Mela;ME;Sicilia;4342
6575;Santa Lucia di Piave;TV;Veneto;9056
6576;Santa Lucia di Serino;AV;Campania;1342
6577;Santa Margherita d'Adige;PD;Veneto;
6578;Santa Margherita di Belice;AG;Sicilia;5981
6579;Santa Margherita di Staffora;PV;Lombardia;424
6580;Santa Margherita Ligure;GE;Liguria;8259
6581;Santa Maria a Monte;PI;Toscana;13473
6582;Santa Maria a Vico;CE;Campania;14375
6583;Santa Maria Capua Vetere;CE;Campania;32055
6584;Santa Maria Coghinas;SS;Sardegna;1346
6585;Santa Maria del Cedro;CS;Calabria;5179
6586;Santa Maria del Molise;IS;Molise;645
6587;Santa Maria della Versa;PV;Lombardia;2275
6588;Santa Maria di Licodia;CT;Sicilia;7675
6589;Santa Maria di Sala;VE;Veneto;17488
6590;Santa Maria Ho?;LC;Lombardia;
6591;Santa Maria Imbaro;CH;Abruzzo;2022
6592;Santa Maria la Carit?;;Campania;
6593;Santa Maria La Fossa;CE;Campania;2502
6594;Santa Maria La Longa;UD;Friuli Venezia Giulia;2303
6595;Santa Maria Maggiore;VB;Piemonte;1305
6596;Santa Maria Nuova;AN;Marche;3880
6597;Santa Maria Rezzonico;CO;Lombardia;
6598;Santa Marina;SA;Campania;3220
6599;Santa Marina Salina;ME;Sicilia;877
6600;Santa Marinella;RM;Lazio;18445
6601;Santa Ninfa;TP;Sicilia;4713
6602;Santa Paolina;AV;Campania;1125
6603;Santa Severina;KR;Calabria;1829
6604;Santa Sofia;FC;Emilia Romagna;4033
6605;Santa Sofia d'Epiro;CS;Calabria;2081
6606;Santa Teresa di Riva;ME;Sicilia;9133
6607;Santa Teresa Gallura;OT;Sardegna;5144
6608;Santa Venerina;CT;Sicilia;8487
6609;Santa Vittoria d'Alba;CN;Piemonte;2928
6610;Santa Vittoria in Matenano;FM;Marche;1109
6611;Santadi;CI;Sardegna;3029
6612;Santarcangelo di Romagna;RN;Emilia Romagna;22366
6613;Sante Marie;AQ;Abruzzo;1053
6614;Santena;TO;Piemonte;10373
6615;Santeramo in Colle;BA;Puglia;25578
6616;Santhi?;VC;Piemonte;
6617;Santi Cosma e Damiano;LT;Lazio;6878
6618;Santo Stefano al Mare;IM;Liguria;1984
6619;Santo Stefano Belbo;CN;Piemonte;3686
6620;Santo Stefano d'Aveto;GE;Liguria;964
6621;Santo Stefano del Sole;AV;Campania;2046
6622;Santo Stefano di Cadore;BL;Veneto;2276
6623;Santo Stefano di Camastra;ME;Sicilia;4325
6624;Santo Stefano di Magra;SP;Liguria;10004
6625;Santo Stefano di Rogliano;CS;Calabria;1736
6626;Santo Stefano di Sessanio;AQ;Abruzzo;102
6627;Santo Stefano in Aspromonte;RC;Calabria;1001
6628;Santo Stefano Lodigiano;LO;Lombardia;1852
6629;Santo Stefano Quisquina;AG;Sicilia;3854
6630;Santo Stefano Roero;CN;Piemonte;1346
6631;Santo Stefano Ticino;MI;Lombardia;4983
6632;Santo Stino di Livenza;VE;Veneto;
6633;Santomenna;SA;Campania;368
6634;Santopadre;FR;Lazio;1175
6635;Santorso;VI;Veneto;5633
6636;Santu Lussurgiu;OR;Sardegna;2150
6637;Sanza;SA;Campania;2313
6638;Sanzeno;TN;Trentino Alto Adige;900
6639;Saonara;PD;Veneto;10877
6640;Saponara;ME;Sicilia;3620
6641;Sappada;BL;Veneto;1301
6642;Sapri;SA;Campania;6261
6643;Saracena;CS;Calabria;3234
6644;Saracinesco;RM;Lazio;177
6645;Sarcedo;VI;Veneto;5299
6646;Sarconi;PZ;Basilicata;1421
6647;Sardara;VS;Sardegna;3711
6648;Sardigliano;AL;Piemonte;375
6649;Sarego;VI;Veneto;6868
6650;Sarentino;BZ;Trentino Alto Adige;
6651;Sarezzano;AL;Piemonte;1096
6652;Sarezzo;BS;Lombardia;13309
6653;Sarmato;PC;Emilia Romagna;3108
6654;Sarmede;TV;Veneto;2960
6655;Sarnano;MC;Marche;3058
6656;Sarnico;BG;Lombardia;6858
6657;Sarno;SA;Campania;30937
6658;Sarnonico;TN;Trentino Alto Adige;783
6659;Saronno;VA;Lombardia;38812
6660;Sarre;AO;Valle d'Aosta;4826
6661;Sarroch;CA;Sardegna;4980
6662;Sarsina;FC;Emilia Romagna;3287
6663;Sarteano;SI;Toscana;4494
6664;Sartirana Lomellina;PV;Lombardia;1491
6665;Sarule;NU;Sardegna;1450
6666;Sarzana;SP;Liguria;21726
6667;Sassano;SA;Campania;4680
6668;Sassari;SS;Sardegna;120231
6669;Sassello;SV;Liguria;1700
6670;Sassetta;LI;Toscana;554
6671;Sassinoro;BN;Campania;606
6672;Sasso di Castalda;PZ;Basilicata;721
6673;Sasso Marconi;BO;Emilia Romagna;14829
6674;Sassocorvaro;PU;Marche;
6675;Sassofeltrio;PU;Marche;1379
6676;Sassoferrato;AN;Marche;6797
6677;Sassuolo;MO;Emilia Romagna;41123
6678;Satriano;CZ;Calabria;3371
6679;Satriano di Lucania;PZ;Basilicata;2245
6680;Sauris;UD;Friuli Venezia Giulia;375
6681;Sauze d'Oulx;TO;Piemonte;1018
6682;Sauze di Cesana;TO;Piemonte;227
6683;Sava;TA;Puglia;15033
6684;Savelli;KR;Calabria;1005
6685;Saviano;;Campania;16063
6686;Savigliano;CN;Piemonte;21761
6687;Savignano Irpino;AV;Campania;1010
6688;Savignano sul Panaro;MO;Emilia Romagna;9591
6689;Savignano sul Rubicone;FC;Emilia Romagna;18147
6690;Savigno;BO;Emilia Romagna;
6691;Savignone;GE;Liguria;3000
6692;Saviore dell'Adamello;BS;Lombardia;787
6693;Savoca;ME;Sicilia;1749
6694;Savogna;UD;Friuli Venezia Giulia;349
6695;Savogna d'Isonzo;GO;Friuli Venezia Giulia;
6696;Savoia di Lucania;PZ;Basilicata;959
6697;Savona;SV;Liguria;58421
6698;Scafa;PE;Abruzzo;3388
6699;Scafati;SA;Campania;47574
6700;Scagnello;CN;Piemonte;166
6701;Scala;SA;Campania;1507
6702;Scala Coeli;CS;Calabria;734
6703;Scaldasole;PV;Lombardia;853
6704;Scalea;CS;Calabria;11792
6705;Scalenghe;TO;Piemonte;3199
6706;Scaletta Zanclea;ME;Sicilia;1861
6707;Scampitella;AV;Campania;981
6708;Scandale;KR;Calabria;2856
6709;Scandiano;RE;Emilia Romagna;25979
6710;Scandicci;FI;Toscana;49135
6711;Scandolara Ravara;CR;Lombardia;1237
6712;Scandolara Ripa d'Oglio;CR;Lombardia;505
6713;Scandriglia;RI;Lazio;3347
6714;Scanno;AQ;Abruzzo;1662
6715;Scano di Montiferro;OR;Sardegna;1360
6716;Scansano;GR;Toscana;4360
6717;Scanzano Jonico;MT;Basilicata;7475
6718;Scanzorosciate;BG;Lombardia;10168
6719;Scapoli;IS;Molise;559
6720;Scarlino;GR;Toscana;3680
6721;Scarmagno;TO;Piemonte;785
6722;Scarnafigi;CN;Piemonte;2087
6723;Scarperia;FI;Toscana;
6724;Scena;BZ;Trentino Alto Adige;
6725;Scerni;CH;Abruzzo;2901
6726;Scheggia e Pascelupo;PG;Umbria;1231
6727;Scheggino;PG;Umbria;422
6728;Schiavi di Abruzzo;CH;Abruzzo;616
6729;Schiavon;VI;Veneto;2601
6730;Schignano;CO;Lombardia;868
6731;Schilpario;BG;Lombardia;1136
6732;Schio;VI;Veneto;38989
6733;Schivenoglia;MN;Lombardia;1135
6734;Sciacca;AG;Sicilia;38387
6735;Sciara;PA;Sicilia;2424
6736;Scicli;RG;Sicilia;26920
6737;Scido;RC;Calabria;797
6738;Scigliano;CS;Calabria;1095
6739;Scilla;RC;Calabria;4405
6740;Scillato;PA;Sicilia;564
6741;Sciolze;TO;Piemonte;1424
6742;Scisciano;;Campania;6371
6743;Sclafani Bagni;PA;Sicilia;344
6744;Scontrone;AQ;Abruzzo;535
6745;Scopa;VC;Piemonte;381
6746;Scopello;VC;Piemonte;388
6747;Scoppito;AQ;Abruzzo;3809
6748;Scordia;CT;Sicilia;15885
6749;Scorrano;LE;Puglia;6542
6750;Scorz?;VE;Veneto;
6751;Scurcola Marsicana;AQ;Abruzzo;2700
6752;Scurelle;TN;Trentino Alto Adige;1381
6753;Scurzolengo;AT;Piemonte;522
6754;Seborga;IM;Liguria;286
6755;Secinaro;AQ;Abruzzo;302
6756;Secl?;LE;Puglia;
6757;Secugnago;LO;Lombardia;2001
6758;Sedegliano;UD;Friuli Venezia Giulia;3695
6759;Sedico;BL;Veneto;10134
6760;Sedilo;OR;Sardegna;1919
6761;Sedini;SS;Sardegna;1183
6762;Sedriano;MI;Lombardia;13088
6763;Sedrina;BG;Lombardia;2361
6764;Sefro;MC;Marche;425
6765;Segariu;VS;Sardegna;1074
6766;Seggiano;GR;Toscana;1054
6767;Segni;RM;Lazio;8961
6768;Segonzano;TN;Trentino Alto Adige;1408
6769;Segrate;MI;Lombardia;37194
6770;Segusino;TV;Veneto;1804
6771;Selargius;CA;Sardegna;28272
6772;Selci;RI;Lazio;1117
6773;Selegas;CA;Sardegna;1253
6774;Sellano;PG;Umbria;918
6775;Sellero;BS;Lombardia;1380
6776;Sellia;CZ;Calabria;452
6777;Sellia Marina;CZ;Calabria;7798
6778;Selva dei Molini;BZ;Trentino Alto Adige;
6779;Selva di Cadore;BL;Veneto;504
6780;Selva di Progno;VR;Veneto;921
6781;Selva di Val Gardena;BZ;Trentino Alto Adige;
6782;Selvazzano Dentro;PD;Veneto;22931
6783;Selve Marcone;BI;Piemonte;
6784;Selvino;BG;Lombardia;1961
6785;Semestene;SS;Sardegna;127
6786;Semiana;PV;Lombardia;192
6787;Seminara;RC;Calabria;2473
6788;Semproniano;GR;Toscana;1022
6789;Senago;MI;Lombardia;21754
6790;Senales;BZ;Trentino Alto Adige;
6791;Senale-San Felice;BZ;Trentino Alto Adige;
6792;Seneghe;OR;Sardegna;1577
6793;Senerchia;AV;Campania;708
6794;Seniga;BS;Lombardia;1447
6795;Senigallia;AN;Marche;43808
6796;Senis;OR;Sardegna;369
6797;Senise;PZ;Basilicata;6360
6798;Senna Comasco;CO;Lombardia;3174
6799;Senna Lodigiana;LO;Lombardia;1813
6800;Sennariolo;OR;Sardegna;153
6801;Sennori;SS;Sardegna;6657
6802;Senorb?;CA;Sardegna;
6803;Sepino;CB;Molise;1815
6804;Seppiana;VB;Piemonte;
6805;Sequals;PN;Friuli Venezia Giulia;2212
6806;Seravezza;LU;Toscana;12284
6807;Serdiana;CA;Sardegna;2643
6808;Seregno;MB;Lombardia;45240
6809;Seren del Grappa;BL;Veneto;2323
6810;Sergnano;CR;Lombardia;3460
6811;Seriate;BG;Lombardia;25857
6812;Serina;BG;Lombardia;2107
6813;Serino;AV;Campania;6563
6814;Serle;BS;Lombardia;3126
6815;Sermide;MN;Lombardia;
6816;Sermoneta;LT;Lazio;9951
6817;Sernaglia della Battaglia;TV;Veneto;6145
6818;Sernio;SO;Lombardia;500
6819;Serole;AT;Piemonte;96
6820;Serra d'Aiello;CS;Calabria;521
6821;Serra de' Conti;AN;Marche;3515
6822;Serra Pedace;CS;Calabria;
6823;Serra Ricc?;GE;Liguria;
6824;Serra San Bruno;VV;Calabria;6252
6825;Serra San Quirico;AN;Marche;2469
6826;Serra Sant'Abbondio;PU;Marche;846
6827;Serracapriola;FG;Puglia;3528
6828;Serradifalco;CL;Sicilia;5342
6829;Serralunga d'Alba;CN;Piemonte;484
6830;Serralunga di Crea;AL;Piemonte;510
6831;Serramanna;VS;Sardegna;8388
6832;Serramazzoni;MO;Emilia Romagna;8980
6833;Serramezzana;SA;Campania;272
6834;Serramonacesca;PE;Abruzzo;493
6835;Serrapetrona;MC;Marche;848
6836;Serrara Fontana;;Campania;3065
6837;Serrastretta;CZ;Calabria;2878
6838;Serrata;RC;Calabria;788
6839;Serravalle a Po;MN;Lombardia;1474
6840;Serravalle di Chienti;MC;Marche;1035
6841;Serravalle Langhe;CN;Piemonte;324
6842;Serravalle Pistoiese;PT;Toscana;11830
6843;Serravalle Scrivia;AL;Piemonte;6004
6844;Serravalle Sesia;VC;Piemonte;4636
6845;Serre;SA;Campania;3671
6846;Serrenti;VS;Sardegna;4425
6847;Serri;CA;Sardegna;588
6848;Serrone;FR;Lazio;2935
6849;Serrungarina;PU;Marche;
6850;Sersale;CZ;Calabria;4087
6851;Servigliano;FM;Marche;2205
6852;Sessa Aurunca;CE;Campania;20035
6853;Sessa Cilento;SA;Campania;1129
6854;Sessame;AT;Piemonte;222
6855;Sessano del Molise;IS;Molise;664
6856;Sesta Godano;SP;Liguria;1263
6857;Sestino;AR;Toscana;1150
6858;Sesto;BZ;Trentino Alto Adige;
6859;Sesto al Reghena;PN;Friuli Venezia Giulia;6299
6860;Sesto Calende;VA;Lombardia;10998
6861;Sesto Campano;IS;Molise;2134
6862;Sesto ed Uniti;CR;Lombardia;3286
6863;Sesto Fiorentino;FI;Toscana;49237
6864;Sesto San Giovanni;MI;Lombardia;78850
6865;Sestola;MO;Emilia Romagna;2401
6866;Sestri Levante;GE;Liguria;17088
6867;Sestriere;TO;Piemonte;893
6868;Sestu;CA;Sardegna;20630
6869;Settala;MI;Lombardia;7447
6870;Settefrati;FR;Lazio;700
6871;Settime;AT;Piemonte;531
6872;Settimo Milanese;MI;Lombardia;20002
6873;Settimo Rottaro;TO;Piemonte;469
6874;Settimo San Pietro;CA;Sardegna;6968
6875;Settimo Torinese;TO;Piemonte;45566
6876;Settimo Vittone;TO;Piemonte;1507
6877;Settingiano;CZ;Calabria;3292
6878;Setzu;VS;Sardegna;127
6879;Seui;OG;Sardegna;1137
6880;Seulo;CA;Sardegna;745
6881;Seveso;MB;Lombardia;23982
6882;Sezzadio;AL;Piemonte;1185
6883;Sezze;LT;Lazio;23766
6884;Sfruz;TN;Trentino Alto Adige;383
6885;Sgonico;TS;Friuli Venezia Giulia;
6886;Sgurgola;FR;Lazio;2380
6887;Siamaggiore;OR;Sardegna;848
6888;Siamanna;OR;Sardegna;735
6889;Siano;SA;Campania;9226
6890;Siapiccia;OR;Sardegna;334
6891;Sicignano degli Alburni;SA;Campania;3057
6892;Siculiana;AG;Sicilia;4187
6893;Siddi;VS;Sardegna;541
6894;Siderno;RC;Calabria;17619
6895;Siena;SI;Toscana;53180
6896;Sigillo;PG;Umbria;2282
6897;Signa;FI;Toscana;18990
6898;Silandro;BZ;Trentino Alto Adige;
6899;Silanus;NU;Sardegna;1891
6900;Silea;TV;Veneto;10459
6901;Siligo;SS;Sardegna;734
6902;Siliqua;CA;Sardegna;3468
6903;Silius;CA;Sardegna;987
6904;Sillano;LU;Toscana;
6905;Sillavengo;NO;Piemonte;576
6906;Silvano d'Orba;AL;Piemonte;1839
6907;Silvano Pietra;PV;Lombardia;622
6908;Silvi;TE;Abruzzo;15478
6909;Simala;OR;Sardegna;281
6910;Simaxis;OR;Sardegna;2120
6911;Simbario;VV;Calabria;910
6912;Simeri Crichi;CZ;Calabria;4689
6913;Sinagra;ME;Sicilia;2418
6914;Sinalunga;SI;Toscana;12093
6915;Sindia;NU;Sardegna;1558
6916;Sini;OR;Sardegna;520
6917;Sinio;CN;Piemonte;471
6918;Siniscola;NU;Sardegna;11139
6919;Sinnai;CA;Sardegna;17447
6920;Sinopoli;RC;Calabria;1798
6921;Siracusa;SR;Sicilia;115515
6922;Sirignano;AV;Campania;2941
6923;Siris;OR;Sardegna;227
6924;Sirmione;BS;Lombardia;8454
6925;Sirolo;AN;Marche;4090
6926;Sirone;LC;Lombardia;2333
6927;Siror;TN;Trentino Alto Adige;
6928;Sirtori;LC;Lombardia;2790
6929;Sissa;PR;Emilia Romagna;
6930;Siurgus Donigala;CA;Sardegna;1820
6931;Siziano;PV;Lombardia;6921
6932;Sizzano;NO;Piemonte;1320
6933;Sluderno;BZ;Trentino Alto Adige;
6934;Smarano;TN;Trentino Alto Adige;
6935;Smerillo;FM;Marche;330
6936;Soave;VR;Veneto;7126
6937;Socchieve;UD;Friuli Venezia Giulia;846
6938;Sodd?;OR;Sardegna;
6939;Sogliano al Rubicone;FC;Emilia Romagna;3145
6940;Sogliano Cavour;LE;Puglia;3810
6941;Soglio;AT;Piemonte;128
6942;Soiano del Lago;BS;Lombardia;1953
6943;Solagna;VI;Veneto;1830
6944;Solarino;SR;Sicilia;7510
6945;Solaro;MI;Lombardia;14260
6946;Solarolo;RA;Emilia Romagna;4461
6947;Solarolo Rainerio;CR;Lombardia;921
6948;Solarussa;OR;Sardegna;2191
6949;Solbiate;CO;Lombardia;
6950;Solbiate Arno;VA;Lombardia;4047
6951;Solbiate Olona;VA;Lombardia;5377
6952;Soldano;IM;Liguria;967
6953;Soleminis;CA;Sardegna;1902
6954;Solero;AL;Piemonte;1581
6955;Solesino;PD;Veneto;6712
6956;Soleto;LE;Puglia;5086
6957;Solferino;MN;Lombardia;2639
6958;Soliera;MO;Emilia Romagna;15460
6959;Solignano;PR;Emilia Romagna;1664
6960;Solofra;AV;Campania;11921
6961;Solonghello;AL;Piemonte;196
6962;Solopaca;BN;Campania;3376
6963;Solto Collina;BG;Lombardia;1836
6964;Solza;BG;Lombardia;2009
6965;Somaglia;LO;Lombardia;3864
6966;Somano;CN;Piemonte;322
6967;Somma Lombardo;VA;Lombardia;17931
6968;Somma Vesuviana;;Campania;33225
6969;Sommacampagna;VR;Veneto;14480
6970;Sommariva del Bosco;CN;Piemonte;6272
6971;Sommariva Perno;CN;Piemonte;2675
6972;Sommatino;CL;Sicilia;6220
6973;Sommo;PV;Lombardia;1117
6974;Sona;VR;Veneto;17761
6975;Soncino;CR;Lombardia;7554
6976;Sondalo;SO;Lombardia;3859
6977;Sondrio;SO;Lombardia;21495
6978;Songavazzo;BG;Lombardia;732
6979;Sonico;BS;Lombardia;1186
6980;Sonnino;LT;Lazio;7465
6981;Soprana;BI;Piemonte;
6982;Sora;FR;Lazio;24672
6983;Soraga;TN;Trentino Alto Adige;
6984;Soragna;PR;Emilia Romagna;4797
6985;Sorano;GR;Toscana;2983
6986;Sorbo San Basile;CZ;Calabria;708
6987;Sorbo Serpico;AV;Campania;512
6988;Sorbolo;PR;Emilia Romagna;
6989;Sordevolo;BI;Piemonte;1260
6990;Sordio;LO;Lombardia;3444
6991;Soresina;CR;Lombardia;9306
6992;Sorg?;VR;Veneto;
6993;Sorgono;NU;Sardegna;1434
6994;Sori;GE;Liguria;3893
6995;Sorianello;VV;Calabria;1068
6996;Soriano Calabro;VV;Calabria;2783
6997;Soriano nel Cimino;VT;Lazio;7888
6998;Sorico;CO;Lombardia;1243
6999;Soriso;NO;Piemonte;722
7000;Sorisole;BG;Lombardia;8757
7001;Sormano;CO;Lombardia;692
7002;Sorradile;OR;Sardegna;333
7003;Sorrento;;Campania;14949
7004;Sorso;SS;Sardegna;14394
7005;Sortino;SR;Sicilia;7977
7006;Sospiro;CR;Lombardia;3041
7007;Sospirolo;BL;Veneto;3130
7008;Sossano;VI;Veneto;4136
7009;Sostegno;BI;Piemonte;732
7010;Sotto il Monte Giovanni XXIII;BG;Lombardia;4431
7011;Sover;TN;Trentino Alto Adige;807
7012;Soverato;CZ;Calabria;8409
7013;Sovere;BG;Lombardia;5310
7014;Soveria Mannelli;CZ;Calabria;2733
7015;Soveria Simeri;CZ;Calabria;1413
7016;Soverzene;BL;Veneto;362
7017;Sovicille;SI;Toscana;9844
7018;Sovico;MB;Lombardia;8313
7019;Sovizzo;VI;Veneto;8213
7020;Sovramonte;BL;Veneto;1287
7021;Sozzago;NO;Piemonte;1105
7022;Spadafora;ME;Sicilia;4602
7023;Spadola;VV;Calabria;795
7024;Sparanise;CE;Campania;7299
7025;Sparone;TO;Piemonte;903
7026;Specchia;LE;Puglia;4453
7027;Spello;PG;Umbria;8208
7028;Spera;TN;Trentino Alto Adige;
7029;Sperlinga;EN;Sicilia;639
7030;Sperlonga;LT;Lazio;2990
7031;Sperone;AV;Campania;3627
7032;Spessa;PV;Lombardia;567
7033;Spezzano Albanese;CS;Calabria;6388
7034;Spezzano della Sila;CS;Calabria;4304
7035;Spezzano Piccolo;CS;Calabria;
7036;Spiazzo;TN;Trentino Alto Adige;1275
7037;Spigno Monferrato;AL;Piemonte;887
7038;Spigno Saturnia;LT;Lazio;2845
7039;Spilamberto;MO;Emilia Romagna;12968
7040;Spilimbergo;PN;Friuli Venezia Giulia;11799
7041;Spilinga;VV;Calabria;1345
7042;Spinadesco;CR;Lombardia;1485
7043;Spinazzola;BT;Puglia;5794
7044;Spinea;VE;Veneto;27933
7045;Spineda;CR;Lombardia;608
7046;Spinete;CB;Molise;1128
7047;Spineto Scrivia;AL;Piemonte;356
7048;Spinetoli;AP;Marche;7159
7049;Spino d'Adda;CR;Lombardia;7013
7050;Spinone al Lago;BG;Lombardia;1006
7051;Spinoso;PZ;Basilicata;1259
7052;Spirano;BG;Lombardia;5737
7053;Spoleto;PG;Umbria;35875
7054;Spoltore;PE;Abruzzo;18924
7055;Spongano;LE;Puglia;3399
7056;Spormaggiore;TN;Trentino Alto Adige;1293
7057;Sporminore;TN;Trentino Alto Adige;722
7058;Spotorno;SV;Liguria;3314
7059;Spresiano;TV;Veneto;12400
7060;Spriana;SO;Lombardia;85
7061;Squillace;CZ;Calabria;3600
7062;Squinzano;LE;Puglia;13235
7063;Staffolo;AN;Marche;2149
7064;Stagno Lombardo;CR;Lombardia;1402
7065;Staiti;RC;Calabria;161
7066;Stalett?;CZ;Calabria;
7067;Stanghella;PD;Veneto;4165
7068;Staranzano;GO;Friuli Venezia Giulia;7130
7069;Statte;TA;Puglia;12540
7070;Stazzano;AL;Piemonte;2259
7071;Stazzema;LU;Toscana;2783
7072;Stazzona;CO;Lombardia;593
7073;Stefanaconi;VV;Calabria;2248
7074;Stella;SV;Liguria;2945
7075;Stella Cilento;SA;Campania;612
7076;Stellanello;SV;Liguria;806
7077;Stelvio;BZ;Trentino Alto Adige;
7078;Stenico;TN;Trentino Alto Adige;1186
7079;Sternatia;LE;Puglia;2072
7080;Stezzano;BG;Lombardia;13904
7081;Stia;AR;Toscana;
7082;Stienta;RO;Veneto;3019
7083;Stigliano;MT;Basilicata;3369
7084;Stignano;RC;Calabria;1143
7085;Stilo;RC;Calabria;2306
7086;Stimigliano;RI;Lazio;2205
7087;Stintino;SS;Sardegna;1567
7088;Stio;SA;Campania;759
7089;Stornara;FG;Puglia;5778
7090;Stornarella;FG;Puglia;5402
7091;Storo;TN;Trentino Alto Adige;4495
7092;Stra;VE;Veneto;7506
7093;Stradella;PV;Lombardia;11729
7094;Strambinello;TO;Piemonte;236
7095;Strambino;TO;Piemonte;6018
7096;Strangolagalli;FR;Lazio;2253
7097;Stregna;UD;Friuli Venezia Giulia;289
7098;Strembo;TN;Trentino Alto Adige;571
7099;Stresa;VB;Piemonte;4548
7100;Strevi;AL;Piemonte;1940
7101;Striano;;Campania;9266
7102;Strigno;TN;Trentino Alto Adige;
7103;Strona;BI;Piemonte;941
7104;Stroncone;TR;Umbria;4606
7105;Strongoli;KR;Calabria;6113
7106;Stroppiana;VC;Piemonte;1199
7107;Stroppo;CN;Piemonte;102
7108;Strozza;BG;Lombardia;1093
7109;Sturno;AV;Campania;2704
7110;Suardi;PV;Lombardia;573
7111;Subbiano;AR;Toscana;6405
7112;Subiaco;RM;Lazio;8527
7113;Succivo;CE;Campania;8918
7114;Sueglio;LC;Lombardia;157
7115;Suelli;CA;Sardegna;1049
7116;Suello;LC;Lombardia;1704
7117;Suisio;BG;Lombardia;3785
7118;Sulbiate;MB;Lombardia;4532
7119;Sulmona;AQ;Abruzzo;21610
7120;Sulzano;BS;Lombardia;1941
7121;Sumirago;VA;Lombardia;5978
7122;Summonte;AV;Campania;1469
7123;Suni;OR;Sardegna;968
7124;Suno;NO;Piemonte;2662
7125;Supersano;LE;Puglia;4036
7126;Supino;FR;Lazio;4557
7127;Surano;LE;Puglia;1474
7128;Surbo;LE;Puglia;14481
7129;Susa;TO;Piemonte;5776
7130;Susegana;TV;Veneto;11698
7131;Sustinente;MN;Lombardia;1986
7132;Sutera;CL;Sicilia;1096
7133;Sutri;VT;Lazio;6764
7134;Sutrio;UD;Friuli Venezia Giulia;1191
7135;Suvereto;LI;Toscana;2902
7136;Suzzara;MN;Lombardia;21318
7137;Taceno;LC;Lombardia;595
7138;Tadasuni;OR;Sardegna;125
7139;Taggia;IM;Liguria;13958
7140;Tagliacozzo;AQ;Abruzzo;6417
7141;Taglio di Po;RO;Veneto;7836
7142;Tagliolo Monferrato;AL;Piemonte;1460
7143;Taibon Agordino;BL;Veneto;1710
7144;Taino;VA;Lombardia;3554
7145;Taio;TN;Trentino Alto Adige;
7146;Taipana;UD;Friuli Venezia Giulia;529
7147;Talamello;PU;Marche;1081
7148;Talamona;SO;Lombardia;4582
7149;Talana;OG;Sardegna;913
7150;Taleggio;BG;Lombardia;537
7151;Talla;AR;Toscana;964
7152;Talmassons;UD;Friuli Venezia Giulia;3821
7153;Tambre;BL;Veneto;1261
7154;Taormina;ME;Sicilia;10476
7155;Tapogliano;UD;Friuli Venezia Giulia;
7156;Tarano;RI;Lazio;1369
7157;Taranta Peligna;CH;Abruzzo;301
7158;Tarantasca;CN;Piemonte;2219
7159;Taranto;TA;Puglia;185112
7160;Tarcento;UD;Friuli Venezia Giulia;8886
7161;Tarquinia;VT;Lazio;15862
7162;Tarsia;CS;Calabria;1818
7163;Tartano;SO;Lombardia;198
7164;Tarvisio;UD;Friuli Venezia Giulia;3850
7165;Tarzo;TV;Veneto;4119
7166;Tassarolo;AL;Piemonte;594
7167;Tassullo;TN;Trentino Alto Adige;
7168;Taurano;AV;Campania;1405
7169;Taurasi;AV;Campania;2056
7170;Taurianova;RC;Calabria;14643
7171;Taurisano;LE;Puglia;11059
7172;Tavagnacco;UD;Friuli Venezia Giulia;14583
7173;Tavagnasco;TO;Piemonte;747
7174;Tavarnelle Val di Pesa;FI;Toscana;
7175;Tavazzano con Villavesco;LO;Lombardia;6098
7176;Tavenna;CB;Molise;545
7177;Taverna;CZ;Calabria;2465
7178;Tavernerio;CO;Lombardia;5586
7179;Tavernola Bergamasca;BG;Lombardia;1918
7180;Tavernole sul Mella;BS;Lombardia;1200
7181;Taviano;LE;Puglia;11363
7182;Tavigliano;BI;Piemonte;884
7183;Tavoleto;PU;Marche;831
7184;Tavullia;PU;Marche;8018
7185;Teana;PZ;Basilicata;499
7186;Teano;CE;Campania;10951
7187;Teggiano;SA;Campania;6967
7188;Teglio;SO;Lombardia;4683
7189;Teglio Veneto;VE;Veneto;2224
7190;Telese Terme;BN;Campania;7607
7191;Telgate;BG;Lombardia;5025
7192;Telti;OT;Sardegna;2281
7193;Telve;TN;Trentino Alto Adige;1938
7194;Telve di Sopra;TN;Trentino Alto Adige;618
7195;Tempio Pausania;OT;Sardegna;12878
7196;Tem?;BS;Lombardia;
7197;Tenna;TN;Trentino Alto Adige;1063
7198;Tenno;TN;Trentino Alto Adige;2054
7199;Teolo;PD;Veneto;8930
7200;Teor;UD;Friuli Venezia Giulia;
7201;Teora;AV;Campania;1424
7202;Teramo;TE;Abruzzo;51400
7203;Terdobbiate;NO;Piemonte;462
7204;Terelle;FR;Lazio;263
7205;Terento;BZ;Trentino Alto Adige;
7206;Terenzo;PR;Emilia Romagna;1138
7207;Tergu;SS;Sardegna;612
7208;Terlago;TN;Trentino Alto Adige;
7209;Terlano;BZ;Trentino Alto Adige;
7210;Terlizzi;BA;Puglia;25958
7211;Terme Vigliatore;ME;Sicilia;7363
7212;Termeno sulla Strada del Vino;BZ;Trentino Alto Adige;
7213;Termini Imerese;PA;Sicilia;24625
7214;Termoli;CB;Molise;31754
7215;Ternate;VA;Lombardia;2556
7216;Ternengo;BI;Piemonte;264
7217;Terni;TR;Umbria;106272
7218;Terno d'Isola;BG;Lombardia;7976
7219;Terracina;LT;Lazio;45055
7220;Terragnolo;TN;Trentino Alto Adige;703
7221;Terralba;OR;Sardegna;9550
7222;Terranova da Sibari;CS;Calabria;4441
7223;Terranova dei Passerini;LO;Lombardia;952
7224;Terranova di Pollino;PZ;Basilicata;951
7225;Terranova Sappo Minulio;RC;Calabria;402
7226;Terranuova Bracciolini;AR;Toscana;12135
7227;Terrasini;PA;Sicilia;13126
7228;Terrassa Padovana;PD;Veneto;2716
7229;Terravecchia;CS;Calabria;553
7230;Terrazzo;VR;Veneto;2143
7231;Terres;TN;Trentino Alto Adige;
7232;Terricciola;PI;Toscana;4373
7233;Terruggia;AL;Piemonte;860
7234;Tertenia;OG;Sardegna;3834
7235;Terzigno;;Campania;17373
7236;Terzo;AL;Piemonte;817
7237;Terzo d'Aquileia;UD;Friuli Venezia Giulia;2705
7238;Terzolas;TN;Trentino Alto Adige;644
7239;Terzorio;IM;Liguria;214
7240;Tesero;TN;Trentino Alto Adige;2996
7241;Tesimo;BZ;Trentino Alto Adige;
7242;Tessennano;VT;Lazio;283
7243;Testico;SV;Liguria;173
7244;Teti;NU;Sardegna;561
7245;Teulada;CA;Sardegna;3156
7246;Teverola;CE;Campania;15043
7247;Tezze sul Brenta;VI;Veneto;12999
7248;Thiene;VI;Veneto;24330
7249;Thiesi;SS;Sardegna;2635
7250;Tiana;NU;Sardegna;418
7251;Tiarno di Sopra;TN;Trentino Alto Adige;
7252;Tiarno di Sotto;TN;Trentino Alto Adige;
7253;Ticengo;CR;Lombardia;455
7254;Ticineto;AL;Piemonte;1297
7255;Tiggiano;LE;Puglia;2825
7256;Tiglieto;GE;Liguria;476
7257;Tigliole;AT;Piemonte;1739
7258;Tignale;BS;Lombardia;1158
7259;Tinnura;OR;Sardegna;242
7260;Tione degli Abruzzi;AQ;Abruzzo;243
7261;Tione di Trento;TN;Trentino Alto Adige;3772
7262;Tirano;SO;Lombardia;8849
7263;Tires;BZ;Trentino Alto Adige;
7264;Tiriolo;CZ;Calabria;3461
7265;Tirolo;BZ;Trentino Alto Adige;
7266;Tissi;SS;Sardegna;2352
7267;Tito;PZ;Basilicata;7002
7268;Tivoli;RM;Lazio;55321
7269;Tizzano Val Parma;PR;Emilia Romagna;2226
7270;Toano;RE;Emilia Romagna;4189
7271;Tocco Caudio;BN;Campania;1459
7272;Tocco da Casauria;PE;Abruzzo;2325
7273;Toceno;VB;Piemonte;765
7274;Todi;PG;Umbria;15432
7275;Toffia;RI;Lazio;1050
7276;Toirano;SV;Liguria;2724
7277;Tolentino;MC;Marche;17439
7278;Tolfa;RM;Lazio;4691
7279;Tollegno;BI;Piemonte;2342
7280;Tollo;CH;Abruzzo;3868
7281;Tolmezzo;UD;Friuli Venezia Giulia;9638
7282;Tolve;PZ;Basilicata;2843
7283;Tombolo;PD;Veneto;8184
7284;Ton;TN;Trentino Alto Adige;1306
7285;Tonadico;TN;Trentino Alto Adige;
7286;Tonara;NU;Sardegna;1806
7287;Tonco;AT;Piemonte;762
7288;Tonengo;AT;Piemonte;
7289;Tonezza del Cimone;VI;Veneto;511
7290;Tora e Piccilli;CE;Campania;735
7291;Torano Castello;CS;Calabria;4255
7292;Torano Nuovo;TE;Abruzzo;1440
7293;Torbole Casaglia;BS;Lombardia;6488
7294;Torcegno;TN;Trentino Alto Adige;704
7295;Torchiara;SA;Campania;1908
7296;Torchiarolo;BR;Puglia;5286
7297;Torella dei Lombardi;AV;Campania;1945
7298;Torella del Sannio;CB;Molise;676
7299;Torgiano;PG;Umbria;6628
7300;Torgnon;AO;Valle d'Aosta;577
7301;Torino;TO;Piemonte;855654
7302;Torino di Sangro;CH;Abruzzo;2925
7303;Toritto;BA;Puglia;7953
7304;Torlino Vimercati;CR;Lombardia;451
7305;Tornaco;NO;Piemonte;876
7306;Tornareccio;CH;Abruzzo;1640
7307;Tornata;CR;Lombardia;400
7308;Tornimparte;AQ;Abruzzo;2729
7309;Torno;CO;Lombardia;1030
7310;Tornolo;PR;Emilia Romagna;846
7311;Toro;CB;Molise;1209
7312;Torp?;NU;Sardegna;
7313;Torraca;SA;Campania;1214
7314;Torralba;SS;Sardegna;854
7315;Torrazza Coste;PV;Lombardia;1602
7316;Torrazza Piemonte;TO;Piemonte;2997
7317;Torrazzo;BI;Piemonte;192
7318;Torre Annunziata;;Campania;39496
7319;Torre Beretti e Castellaro;PV;Lombardia;489
7320;Torre Boldone;BG;Lombardia;8721
7321;Torre Bormida;CN;Piemonte;190
7322;Torre Cajetani;FR;Lazio;1317
7323;Torre Canavese;TO;Piemonte;597
7324;Torre d'Arese;PV;Lombardia;942
7325;Torre d'Isola;PV;Lombardia;2497
7326;Torre de' Busi;LC;Lombardia;2321
7327;Torre de' Negri;PV;Lombardia;332
7328;Torre de' Passeri;PE;Abruzzo;2862
7329;Torre de' Picenardi;CR;Lombardia;2183
7330;Torre de' Roveri;BG;Lombardia;2614
7331;Torre del Greco;;Campania;78839
7332;Torre di Mosto;VE;Veneto;4753
7333;Torre di Ruggiero;CZ;Calabria;933
7334;Torre di Santa Maria;SO;Lombardia;712
7335;Torre Le Nocelle;AV;Campania;1223
7336;Torre Mondov?;CN;Piemonte;
7337;Torre Orsaia;SA;Campania;1928
7338;Torre Pallavicina;BG;Lombardia;1154
7339;Torre Pellice;TO;Piemonte;4585
7340;Torre San Giorgio;CN;Piemonte;698
7341;Torre San Patrizio;FM;Marche;1810
7342;Torre Santa Susanna;BR;Puglia;10045
7343;Torreano;UD;Friuli Venezia Giulia;2043
7344;Torrebelvicino;VI;Veneto;5860
7345;Torrebruna;CH;Abruzzo;635
7346;Torrecuso;BN;Campania;3224
7347;Torreglia;PD;Veneto;6029
7348;Torregrotta;ME;Sicilia;7283
7349;Torremaggiore;FG;Puglia;16283
7350;Torrenova;ME;Sicilia;4483
7351;Torresina;CN;Piemonte;48
7352;Torretta;PA;Sicilia;4440
7353;Torrevecchia Pia;PV;Lombardia;3539
7354;Torrevecchia Teatina;CH;Abruzzo;4183
7355;Torri del Benaco;VR;Veneto;2856
7356;Torri di Quartesolo;VI;Veneto;11817
7357;Torri in Sabina;RI;Lazio;1209
7358;Torriana;RN;Emilia Romagna;
7359;Torrice;FR;Lazio;4648
7360;Torricella;TA;Puglia;4096
7361;Torricella del Pizzo;CR;Lombardia;585
7362;Torricella in Sabina;RI;Lazio;1283
7363;Torricella Peligna;CH;Abruzzo;1077
7364;Torricella Sicura;TE;Abruzzo;2365
7365;Torricella Verzate;PV;Lombardia;796
7366;Torriglia;GE;Liguria;2236
7367;Torrile;PR;Emilia Romagna;7709
7368;Torrioni;AV;Campania;461
7369;Torrita di Siena;SI;Toscana;6942
7370;Torrita Tiberina;RM;Lazio;1116
7371;Tortol?;OG;Sardegna;
7372;Tortona;AL;Piemonte;26643
7373;Tortora;CS;Calabria;5919
7374;Tortorella;SA;Campania;462
7375;Tortoreto;TE;Abruzzo;12206
7376;Tortorici;ME;Sicilia;5432
7377;Torviscosa;UD;Friuli Venezia Giulia;2572
7378;Toscolano-Maderno;BS;Lombardia;7655
7379;Tossicia;TE;Abruzzo;1204
7380;Tovo di Sant'Agata;SO;Lombardia;611
7381;Tovo San Giacomo;SV;Liguria;2507
7382;Trabia;PA;Sicilia;10844
7383;Tradate;VA;Lombardia;19101
7384;Tramatza;OR;Sardegna;887
7385;Trambileno;TN;Trentino Alto Adige;1519
7386;Tramonti;SA;Campania;4209
7387;Tramonti di Sopra;PN;Friuli Venezia Giulia;274
7388;Tramonti di Sotto;PN;Friuli Venezia Giulia;335
7389;Tramutola;PZ;Basilicata;2812
7390;Trana;TO;Piemonte;3744
7391;Trani;BT;Puglia;54731
7392;Transacqua;TN;Trentino Alto Adige;
7393;Traona;SO;Lombardia;2903
7394;Trapani;TP;Sicilia;54636
7395;Trappeto;PA;Sicilia;3143
7396;Trarego Viggiona;VB;Piemonte;383
7397;Trasacco;AQ;Abruzzo;5804
7398;Trasaghis;UD;Friuli Venezia Giulia;2060
7399;Trasquera;VB;Piemonte;173
7400;Tratalias;CI;Sardegna;988
7401;Trausella;TO;Piemonte;
7402;Travac? Siccomario;PV;Lombardia;
7403;Travagliato;BS;Lombardia;14007
7404;Travedona Monate;VA;Lombardia;
7405;Traversella;TO;Piemonte;309
7406;Traversetolo;PR;Emilia Romagna;9687
7407;Traves;TO;Piemonte;505
7408;Travesio;PN;Friuli Venezia Giulia;1809
7409;Travo;PC;Emilia Romagna;2165
7410;Trebaseleghe;PD;Veneto;12968
7411;Trebisacce;CS;Calabria;8582
7412;Trecasali;PR;Emilia Romagna;
7413;Trecase;;Campania;8522
7414;Trecastagni;CT;Sicilia;11396
7415;Trecate;NO;Piemonte;21305
7416;Trecchina;PZ;Basilicata;2054
7417;Trecenta;RO;Veneto;2605
7418;Tredozio;FC;Emilia Romagna;1075
7419;Treglio;CH;Abruzzo;1721
7420;Tregnago;VR;Veneto;5065
7421;Treia;MC;Marche;9002
7422;Treiso;CN;Piemonte;734
7423;Tremenico;LC;Lombardia;
7424;Tremestieri Etneo;CT;Sicilia;19172
7425;Tremezzo;CO;Lombardia;
7426;Tremosine;BS;Lombardia;
7427;Trenta;CS;Calabria;
7428;Trentinara;SA;Campania;1573
7429;Trento;TN;Trentino Alto Adige;119359
7430;Trentola-Ducenta;CE;Campania;
7431;Trenzano;BS;Lombardia;5556
7432;Treppo Carnico;UD;Friuli Venezia Giulia;
7433;Treppo Grande;UD;Friuli Venezia Giulia;1724
7434;Trepuzzi;LE;Puglia;13764
7435;Trequanda;SI;Toscana;1115
7436;Tres;TN;Trentino Alto Adige;
7437;Tresana;MS;Toscana;1880
7438;Trescore Balneario;BG;Lombardia;9922
7439;Trescore Cremasco;CR;Lombardia;2916
7440;Tresigallo;FE;Emilia Romagna;
7441;Tresivio;SO;Lombardia;2038
7442;Tresnuraghes;OR;Sardegna;1037
7443;Trevenzuolo;VR;Veneto;2801
7444;Trevi;PG;Umbria;7969
7445;Trevi nel Lazio;FR;Lazio;1699
7446;Trevico;AV;Campania;789
7447;Treviglio;BG;Lombardia;31604
7448;Trevignano;TV;Veneto;10676
7449;Trevignano Romano;RM;Lazio;5755
7450;Treville;AL;Piemonte;263
7451;Treviolo;BG;Lombardia;10923
7452;Treviso;TV;Veneto;86113
7453;Treviso Bresciano;BS;Lombardia;522
7454;Trezzano Rosa;MI;Lombardia;5444
7455;Trezzano sul Naviglio;MI;Lombardia;21875
7456;Trezzo sull'Adda;MI;Lombardia;12442
7457;Trezzo Tinella;CN;Piemonte;289
7458;Trezzone;CO;Lombardia;231
7459;Tribano;PD;Veneto;4219
7460;Tribiano;MI;Lombardia;3931
7461;Tribogna;GE;Liguria;599
7462;Tricarico;MT;Basilicata;4629
7463;Tricase;LE;Puglia;16938
7464;Tricerro;VC;Piemonte;661
7465;Tricesimo;UD;Friuli Venezia Giulia;7605
7466;Trichiana;BL;Veneto;
7467;Triei;OG;Sardegna;1060
7468;Trieste;TS;Friuli Venezia Giulia;198622
7469;Triggiano;BA;Puglia;25558
7470;Trigolo;CR;Lombardia;1648
7471;Trinit?;CN;Piemonte;
7472;Trinit? d'Agultu e Vignola;OT;Sardegna;
7473;Trinitapoli;BT;Puglia;13613
7474;Trino;VC;Piemonte;6760
7475;Triora;IM;Liguria;419
7476;Tripi;ME;Sicilia;
7477;Trisobbio;AL;Piemonte;621
7478;Trissino;VI;Veneto;8651
7479;Triuggio;MB;Lombardia;8776
7480;Trivento;CB;Molise;4298
7481;Trivero;BI;Piemonte;
7482;Trivigliano;FR;Lazio;1594
7483;Trivignano Udinese;UD;Friuli Venezia Giulia;1514
7484;Trivigno;PZ;Basilicata;593
7485;Trivolzio;PV;Lombardia;2494
7486;Trodena nel parco naturale;BZ;Trentino Alto Adige;
7487;Trofarello;TO;Piemonte;10501
7488;Troia;FG;Puglia;6491
7489;Troina;EN;Sicilia;8201
7490;Tromello;PV;Lombardia;3772
7491;Trontano;VB;Piemonte;1667
7492;Tronzano Lago Maggiore;VA;Lombardia;221
7493;Tronzano Vercellese;VC;Piemonte;3271
7494;Tropea;VV;Calabria;5668
7495;Trovo;PV;Lombardia;1000
7496;Truccazzano;MI;Lombardia;5810
7497;Tubre;BZ;Trentino Alto Adige;
7498;Tuenno;TN;Trentino Alto Adige;
7499;Tufara;CB;Molise;748
7500;Tufillo;CH;Abruzzo;307
7501;Tufino;;Campania;3350
7502;Tufo;AV;Campania;757
7503;Tuglie;LE;Puglia;5018
7504;Tuili;VS;Sardegna;882
7505;Tula;SS;Sardegna;1425
7506;Tuoro sul Trasimeno;PG;Umbria;3793
7507;Turania;RI;Lazio;233
7508;Turano Lodigiano;LO;Lombardia;1576
7509;Turate;CO;Lombardia;9911
7510;Turbigo;MI;Lombardia;7276
7511;Turi;BA;Puglia;12972
7512;Turri;VS;Sardegna;375
7513;Turriaco;GO;Friuli Venezia Giulia;2784
7514;Turrivalignani;PE;Abruzzo;785
7515;Tursi;MT;Basilicata;4659
7516;Tusa;ME;Sicilia;2480
7517;Tuscania;VT;Lazio;8088
7518;Ubiale Clanezzo;BG;Lombardia;1316
7519;Uboldo;VA;Lombardia;11139
7520;Ucria;ME;Sicilia;841
7521;Udine;UD;Friuli Venezia Giulia;98501
7522;Ugento;LE;Puglia;11923
7523;Uggiano La Chiesa;LE;Puglia;4322
7524;Uggiate-Trevano;CO;Lombardia;
7525;Ul? Tirso;OR;Sardegna;
7526;Ulassai;OG;Sardegna;1365
7527;Ultimo;BZ;Trentino Alto Adige;
7528;Umbertide;PG;Umbria;16207
7529;Umbriatico;KR;Calabria;685
7530;Urago d'Oglio;BS;Lombardia;3829
7531;Uras;OR;Sardegna;2598
7532;Urbana;PD;Veneto;2016
7533;Urbania;PU;Marche;6888
7534;Urbe;SV;Liguria;651
7535;Urbino;PU;Marche;13868
7536;Urbisaglia;MC;Marche;2363
7537;Urgnano;BG;Lombardia;10140
7538;Uri;SS;Sardegna;2822
7539;Ururi;CB;Molise;2321
7540;Urzulei;OG;Sardegna;1024
7541;Uscio;GE;Liguria;2118
7542;Usellus;OR;Sardegna;664
7543;Usini;SS;Sardegna;4120
7544;Usmate Velate;MB;Lombardia;10740
7545;Ussana;CA;Sardegna;3997
7546;Ussaramanna;VS;Sardegna;466
7547;Ussassai;OG;Sardegna;432
7548;Usseaux;TO;Piemonte;177
7549;Usseglio;TO;Piemonte;179
7550;Ussita;MC;Marche;332
7551;Ustica;PA;Sicilia;1323
7552;Uta;CA;Sardegna;8899
7553;Uzzano;PT;Toscana;5646
7554;Vaccarizzo Albanese;CS;Calabria;1010
7555;Vacone;RI;Lazio;214
7556;Vacri;CH;Abruzzo;1471
7557;Vadena;BZ;Trentino Alto Adige;
7558;Vado Ligure;SV;Liguria;7967
7559;Vagli Sotto;LU;Toscana;761
7560;Vaglia;FI;Toscana;5371
7561;Vaglio Basilicata;PZ;Basilicata;1754
7562;Vaglio Serra;AT;Piemonte;260
7563;Vaiano;PO;Toscana;9965
7564;Vaiano Cremasco;CR;Lombardia;3592
7565;Vaie;TO;Piemonte;1317
7566;Vailate;CR;Lombardia;4723
7567;Vairano Patenora;CE;Campania;6416
7568;Vajont;PN;Friuli Venezia Giulia;1599
7569;Val della Torre;TO;Piemonte;3973
7570;Val di Nizza;PV;Lombardia;571
7571;Val di Vizze;BZ;Trentino Alto Adige;
7572;Val Masino;SO;Lombardia;825
7573;Val Rezzo;CO;Lombardia;172
7574;Valbondione;BG;Lombardia;941
7575;Valbrembo;BG;Lombardia;4299
7576;Valbrevenna;GE;Liguria;754
7577;Valbrona;CO;Lombardia;2622
7578;Valda;TN;Trentino Alto Adige;
7579;Valdagno;VI;Veneto;25801
7580;Valdaora;BZ;Trentino Alto Adige;
7581;Valdastico;VI;Veneto;1186
7582;Valdengo;BI;Piemonte;2341
7583;Valderice;TP;Sicilia;11239
7584;Valdidentro;SO;Lombardia;4107
7585;Valdieri;CN;Piemonte;911
7586;Valdina;ME;Sicilia;1246
7587;Valdisotto;SO;Lombardia;3529
7588;Valdobbiadene;TV;Veneto;9872
7589;Valduggia;VC;Piemonte;1785
7590;Valeggio;PV;Lombardia;192
7591;Valeggio sul Mincio;VR;Veneto;16040
7592;Valentano;VT;Lazio;2854
7593;Valenza;AL;Piemonte;18313
7594;Valenzano;BA;Puglia;17139
7595;Valera Fratta;LO;Lombardia;1698
7596;Valfabbrica;PG;Umbria;3225
7597;Valfenera;AT;Piemonte;2445
7598;Valfloriana;TN;Trentino Alto Adige;477
7599;Valfurva;SO;Lombardia;2431
7600;Valganna;VA;Lombardia;1591
7601;Valgioie;TO;Piemonte;983
7602;Valgoglio;BG;Lombardia;554
7603;Valgrana;CN;Piemonte;790
7604;Valgreghentino;LC;Lombardia;3357
7605;Valgrisenche;AO;Valle d'Aosta;193
7606;Valguarnera Caropepe;EN;Sicilia;6743
7607;Vallada Agordina;BL;Veneto;458
7608;Vallanzengo;BI;Piemonte;189
7609;Vallarsa;TN;Trentino Alto Adige;1400
7610;Vallata;AV;Campania;2405
7611;Valle Agricola;CE;Campania;706
7612;Valle Aurina;BZ;Trentino Alto Adige;
7613;Valle Castellana;TE;Abruzzo;818
7614;Valle dell'Angelo;SA;Campania;217
7615;Valle di Cadore;BL;Veneto;1812
7616;Valle di Casies;BZ;Trentino Alto Adige;
7617;Valle di Maddaloni;CE;Campania;2573
7618;Valle Lomellina;PV;Lombardia;2229
7619;Valle Mosso;BI;Piemonte;
7620;Valle Salimbene;PV;Lombardia;1425
7621;Valle San Nicolao;BI;Piemonte;815
7622;Vallebona;IM;Liguria;1240
7623;Vallecorsa;FR;Lazio;2323
7624;Vallecrosia;IM;Liguria;6816
7625;Valledolmo;PA;Sicilia;3051
7626;Valledoria;SS;Sardegna;4321
7627;Vallefiorita;CZ;Calabria;1430
7628;Vallelonga;VV;Calabria;828
7629;Vallelunga Pratameno;CL;Sicilia;3003
7630;Vallemaio;FR;Lazio;881
7631;Vallepietra;RM;Lazio;223
7632;Vallerano;VT;Lazio;2349
7633;Vallermosa;CA;Sardegna;1782
7634;Vallerotonda;FR;Lazio;1365
7635;Vallesaccarda;AV;Campania;1195
7636;Valleve;BG;Lombardia;129
7637;Valli del Pasubio;VI;Veneto;3018
7638;Vallinfreda;RM;Lazio;260
7639;Vallio Terme;BS;Lombardia;1438
7640;Vallo della Lucania;SA;Campania;7779
7641;Vallo di Nera;PG;Umbria;317
7642;Vallo Torinese;TO;Piemonte;784
7643;Valloriate;CN;Piemonte;92
7644;Valmacca;AL;Piemonte;973
7645;Valmadrera;LC;Lombardia;11233
7646;Valmala;CN;Piemonte;
7647;Valmontone;RM;Lazio;15654
7648;Valmorea;CO;Lombardia;2595
7649;Valmozzola;PR;Emilia Romagna;527
7650;Valnegra;BG;Lombardia;198
7651;Valpelline;AO;Valle d'Aosta;577
7652;Valperga;TO;Piemonte;2977
7653;Valprato Soana;TO;Piemonte;88
7654;Valsavarenche;AO;Valle d'Aosta;154
7655;Valsecca;BG;Lombardia;
7656;Valsinni;MT;Basilicata;1287
7657;Valsolda;CO;Lombardia;1434
7658;Valstagna;VI;Veneto;
7659;Valstrona;VB;Piemonte;1111
7660;Valtopina;PG;Umbria;1258
7661;Valtorta;BG;Lombardia;228
7662;Valtournenche;AO;Valle d'Aosta;2225
7663;Valva;SA;Campania;1539
7664;Valvasone;PN;Friuli Venezia Giulia;
7665;Valverde;CT;Sicilia;7810
7666;Valverde;PV;Lombardia;7810
7667;Valvestino;BS;Lombardia;169
7668;Vandoies;BZ;Trentino Alto Adige;
7669;Vanzaghello;MI;Lombardia;5394
7670;Vanzago;MI;Lombardia;9372
7671;Vanzone con San Carlo;VB;Piemonte;397
7672;Vaprio d'Adda;MI;Lombardia;9723
7673;Vaprio d'Agogna;NO;Piemonte;952
7674;Varallo;VC;Piemonte;6832
7675;Varallo Pombia;NO;Piemonte;5023
7676;Varano Borghi;VA;Lombardia;2492
7677;Varano de' Melegari;PR;Emilia Romagna;2589
7678;Varapodio;RC;Calabria;2062
7679;Varazze;SV;Liguria;12409
7680;Varco Sabino;RI;Lazio;148
7681;Varedo;MB;Lombardia;14039
7682;Varena;TN;Trentino Alto Adige;
7683;Varenna;LC;Lombardia;646
7684;Varese;VA;Lombardia;79100
7685;Varese Ligure;SP;Liguria;1717
7686;Varisella;TO;Piemonte;828
7687;Varmo;UD;Friuli Venezia Giulia;2605
7688;Varna;BZ;Trentino Alto Adige;
7689;Varsi;PR;Emilia Romagna;1149
7690;Varzi;PV;Lombardia;3073
7691;Varzo;VB;Piemonte;1896
7692;Vas;BL;Veneto;
7693;Vasanello;VT;Lazio;3959
7694;Vasia;IM;Liguria;355
7695;Vasto;CH;Abruzzo;40920
7696;Vastogirardi;IS;Molise;574
7697;Vattaro;TN;Trentino Alto Adige;
7698;Vauda Canavese;TO;Piemonte;1417
7699;Vazzano;VV;Calabria;919
7700;Vazzola;TV;Veneto;6674
7701;Vecchiano;PI;Toscana;11822
7702;Vedano al Lambro;MB;Lombardia;7363
7703;Vedano Olona;VA;Lombardia;7452
7704;Veddasca;VA;Lombardia;
7705;Vedelago;TV;Veneto;16558
7706;Vedeseta;BG;Lombardia;196
7707;Veduggio con Colzano;MB;Lombardia;4182
7708;Veggiano;PD;Veneto;4812
7709;Veglie;LE;Puglia;13053
7710;Veglio;BI;Piemonte;421
7711;Vejano;VT;Lazio;2147
7712;Veleso;CO;Lombardia;195
7713;Velezzo Lomellina;PV;Lombardia;82
7714;Velletri;RM;Lazio;53048
7715;Vellezzo Bellini;PV;Lombardia;3528
7716;Velo d'Astico;VI;Veneto;2224
7717;Velo Veronese;VR;Veneto;772
7718;Velturno;BZ;Trentino Alto Adige;
7719;Venafro;IS;Molise;10645
7720;Venaria Reale;TO;Piemonte;31886
7721;Venarotta;AP;Marche;1862
7722;Venasca;CN;Piemonte;1335
7723;Venaus;TO;Piemonte;843
7724;Vendone;SV;Liguria;343
7725;Vendrogno;LC;Lombardia;
7726;Venegono Inferiore;VA;Lombardia;5922
7727;Venegono Superiore;VA;Lombardia;7522
7728;Venetico;ME;Sicilia;3961
7729;Venezia;VE;Veneto;249385
7730;Veniano;CO;Lombardia;3157
7731;Venosa;PZ;Basilicata;10560
7732;Venticano;AV;Campania;2284
7733;Ventimiglia;IM;Liguria;23083
7734;Ventimiglia di Sicilia;PA;Sicilia;1708
7735;Ventotene;LT;Lazio;678
7736;Venzone;UD;Friuli Venezia Giulia;1941
7737;Verano;BZ;Trentino Alto Adige;
7738;Verano Brianza;MB;Lombardia;9126
7739;Verbania;VB;Piemonte;29825
7740;Verbicaro;CS;Calabria;2489
7741;Vercana;CO;Lombardia;732
7742;Verceia;SO;Lombardia;1091
7743;Vercelli;VC;Piemonte;46391
7744;Vercurago;LC;Lombardia;2671
7745;Verdellino;BG;Lombardia;7843
7746;Verdello;BG;Lombardia;8212
7747;Verderio Inferiore;LC;Lombardia;
7748;Verderio Superiore;LC;Lombardia;
7749;Verduno;CN;Piemonte;553
7750;Vergato;BO;Emilia Romagna;7946
7751;Vergemoli;LU;Toscana;
7752;Verghereto;FC;Emilia Romagna;1721
7753;Vergiate;VA;Lombardia;8646
7754;Vermezzo;MI;Lombardia;
7755;Vermiglio;TN;Trentino Alto Adige;1767
7756;Vernante;CN;Piemonte;1079
7757;Vernasca;PC;Emilia Romagna;2029
7758;Vernate;MI;Lombardia;3436
7759;Vernazza;SP;Liguria;675
7760;Vernio;PO;Toscana;6195
7761;Vernole;LE;Puglia;6522
7762;Verolanuova;BS;Lombardia;8168
7763;Verolavecchia;BS;Lombardia;3893
7764;Verolengo;TO;Piemonte;4788
7765;Veroli;FR;Lazio;19402
7766;Verona;VR;Veneto;255139
7767;Veronella;VR;Veneto;5189
7768;Verrayes;AO;Valle d'Aosta;1263
7769;Verres;AO;Valle d'Aosta;
7770;Verretto;PV;Lombardia;380
7771;Verrone;BI;Piemonte;1160
7772;Verrua Po;PV;Lombardia;1213
7773;Verrua Savoia;TO;Piemonte;1353
7774;Vertemate con Minoprio;CO;Lombardia;4189
7775;Vertova;BG;Lombardia;4457
7776;Verucchio;RN;Emilia Romagna;10044
7777;Veruno;NO;Piemonte;
7778;Vervio;SO;Lombardia;204
7779;Verv?;TN;Trentino Alto Adige;
7780;Verzegnis;UD;Friuli Venezia Giulia;834
7781;Verzino;KR;Calabria;1506
7782;Verzuolo;CN;Piemonte;6519
7783;Vescovana;PD;Veneto;1646
7784;Vescovato;CR;Lombardia;3994
7785;Vesime;AT;Piemonte;582
7786;Vespolate;NO;Piemonte;2080
7787;Vessalico;IM;Liguria;279
7788;Vestenanova;VR;Veneto;2499
7789;Vestign?;TO;Piemonte;
7790;Vestone;BS;Lombardia;4143
7791;Vestreno;LC;Lombardia;
7792;Vetralla;VT;Lazio;13370
7793;Vetto;RE;Emilia Romagna;1802
7794;Vezza d'Alba;CN;Piemonte;2377
7795;Vezza d'Oglio;BS;Lombardia;1461
7796;Vezzano;TN;Trentino Alto Adige;
7797;Vezzano Ligure;SP;Liguria;7214
7798;Vezzano sul Crostolo;RE;Emilia Romagna;4433
7799;Vezzi Portio;SV;Liguria;795
7800;Viadana;MN;Lombardia;19787
7801;Viadanica;BG;Lombardia;1121
7802;Viagrande;CT;Sicilia;8943
7803;Viale;AT;Piemonte;227
7804;Vialfr?;TO;Piemonte;
7805;Viano;RE;Emilia Romagna;3472
7806;Viareggio;LU;Toscana;60680
7807;Viarigi;AT;Piemonte;807
7808;Vibo Valentia;VV;Calabria;30753
7809;Vibonati;SA;Campania;3235
7810;Vicalvi;FR;Lazio;694
7811;Vicari;PA;Sicilia;2347
7812;Vicchio;FI;Toscana;8164
7813;Vicenza;VI;Veneto;110741
7814;Vico Canavese;TO;Piemonte;
7815;Vico del Gargano;FG;Puglia;7152
7816;Vico Equense;;Campania;20133
7817;Vico nel Lazio;FR;Lazio;2050
7818;Vicoforte;CN;Piemonte;3187
7819;Vicoli;PE;Abruzzo;357
7820;Vicolungo;NO;Piemonte;851
7821;Vicopisano;PI;Toscana;8582
7822;Vicovaro;RM;Lazio;3520
7823;Viddalba;SS;Sardegna;1570
7824;Vidigulfo;PV;Lombardia;6821
7825;Vidor;TV;Veneto;3559
7826;Vidracco;TO;Piemonte;450
7827;Vieste;FG;Puglia;13234
7828;Vietri di Potenza;PZ;Basilicata;2614
7829;Vietri sul Mare;SA;Campania;6878
7830;Viganella;VB;Piemonte;
7831;Vigan?;LC;Lombardia;
7832;Vigano San Martino;BG;Lombardia;1400
7833;Vigarano Mainarda;FE;Emilia Romagna;7637
7834;Vigasio;VR;Veneto;10342
7835;Vigevano;PV;Lombardia;63480
7836;Viggianello;PZ;Basilicata;2577
7837;Viggiano;PZ;Basilicata;3212
7838;Viggi?;VA;Lombardia;
7839;Vighizzolo d'Este;PD;Veneto;
7840;Vigliano Biellese;BI;Piemonte;7577
7841;Vigliano d'Asti;AT;Piemonte;792
7842;Vignale Monferrato;AL;Piemonte;926
7843;Vignanello;VT;Lazio;4260
7844;Vignate;MI;Lombardia;9369
7845;Vignola;MO;Emilia Romagna;26310
7846;Vignola-Falesina;TN;Trentino Alto Adige;217
7847;Vignole Borbera;AL;Piemonte;2066
7848;Vignolo;CN;Piemonte;2690
7849;Vignone;VB;Piemonte;1187
7850;Vigo di Cadore;BL;Veneto;1322
7851;Vigo di Fassa;TN;Trentino Alto Adige;
7852;Vigo Rendena;TN;Trentino Alto Adige;
7853;Vigodarzere;PD;Veneto;13281
7854;Vigolo;BG;Lombardia;571
7855;Vigolo Vattaro;TN;Trentino Alto Adige;
7856;Vigolzone;PC;Emilia Romagna;4324
7857;Vigone;TO;Piemonte;5046
7858;Vigonovo;VE;Veneto;9814
7859;Vigonza;PD;Veneto;23465
7860;Viguzzolo;AL;Piemonte;3094
7861;Villa Agnedo;TN;Trentino Alto Adige;
7862;Villa Bartolomea;VR;Veneto;5895
7863;Villa Basilica;LU;Toscana;1460
7864;Villa Biscossi;PV;Lombardia;68
7865;Villa Carcina;BS;Lombardia;10721
7866;Villa Castelli;BR;Puglia;8939
7867;Villa Celiera;PE;Abruzzo;524
7868;Villa Collemandina;LU;Toscana;1155
7869;Villa Cortese;MI;Lombardia;6333
7870;Villa d'Adda;BG;Lombardia;4580
7871;Villa d'Ogna;BG;Lombardia;1784
7872;Villa d'Alm?;BG;Lombardia;
7873;Villa del Bosco;BI;Piemonte;312
7874;Villa del Conte;PD;Veneto;5617
7875;Villa di Briano;CE;Campania;7562
7876;Villa di Chiavenna;SO;Lombardia;992
7877;Villa di Serio;BG;Lombardia;6490
7878;Villa di Tirano;SO;Lombardia;3013
7879;Villa Estense;PD;Veneto;2021
7880;Villa Faraldi;IM;Liguria;439
7881;Villa Guardia;CO;Lombardia;7867
7882;Villa Lagarina;TN;Trentino Alto Adige;3865
7883;Villa Latina;FR;Lazio;1129
7884;Villa Literno;CE;Campania;13030
7885;Villa Minozzo;RE;Emilia Romagna;3507
7886;Villa Poma;MN;Lombardia;
7887;Villa Rendena;TN;Trentino Alto Adige;
7888;Villa San Giovanni;RC;Calabria;12676
7889;Villa San Giovanni in Tuscia;VT;Lazio;1212
7890;Villa San Pietro;CA;Sardegna;2095
7891;Villa San Secondo;AT;Piemonte;388
7892;Villa Sant'Angelo;AQ;Abruzzo;511
7893;Villa Sant'Antonio;OR;Sardegna;313
7894;Villa Santa Lucia;FR;Lazio;2436
7895;Villa Santa Lucia degli Abruzzi;AQ;Abruzzo;76
7896;Villa Santa Maria;CH;Abruzzo;1072
7897;Villa Santina;UD;Friuli Venezia Giulia;2153
7898;Villa Santo Stefano;FR;Lazio;1564
7899;Villa Verde;OR;Sardegna;258
7900;Villa Vicentina;UD;Friuli Venezia Giulia;
7901;Villabassa;BZ;Trentino Alto Adige;
7902;Villabate;PA;Sicilia;19380
7903;Villachiara;BS;Lombardia;1355
7904;Villacidro;VS;Sardegna;12878
7905;Villadeati;AL;Piemonte;454
7906;Villadose;RO;Veneto;4640
7907;Villadossola;VB;Piemonte;6249
7908;Villafalletto;CN;Piemonte;2918
7909;Villafranca d'Asti;AT;Piemonte;2959
7910;Villafranca di Verona;VR;Veneto;32785
7911;Villafranca in Lunigiana;MS;Toscana;4801
7912;Villafranca Padovana;PD;Veneto;10580
7913;Villafranca Piemonte;TO;Piemonte;4585
7914;Villafranca Sicula;AG;Sicilia;1295
7915;Villafranca Tirrena;ME;Sicilia;7709
7916;Villafrati;PA;Sicilia;3064
7917;Villaga;VI;Veneto;1924
7918;Villagrande Strisaili;OG;Sardegna;2834
7919;Villalago;AQ;Abruzzo;490
7920;Villalba;CL;Sicilia;1343
7921;Villalfonsina;CH;Abruzzo;855
7922;Villalvernia;AL;Piemonte;846
7923;Villamagna;CH;Abruzzo;2126
7924;Villamaina;AV;Campania;896
7925;Villamar;VS;Sardegna;2392
7926;Villamarzana;RO;Veneto;1112
7927;Villamassargia;CI;Sardegna;3278
7928;Villamiroglio;AL;Piemonte;283
7929;Villandro;BZ;Trentino Alto Adige;
7930;Villanova Biellese;BI;Piemonte;173
7931;Villanova Canavese;TO;Piemonte;1199
7932;Villanova d'Albenga;SV;Liguria;2888
7933;Villanova d'Ardenghi;PV;Lombardia;762
7934;Villanova d'Asti;AT;Piemonte;5507
7935;Villanova del Battista;AV;Campania;1439
7936;Villanova del Ghebbo;RO;Veneto;1933
7937;Villanova del Sillaro;LO;Lombardia;1899
7938;Villanova di Camposampiero;PD;Veneto;6140
7939;Villanova Marchesana;RO;Veneto;876
7940;Villanova Mondov?;CN;Piemonte;
7941;Villanova Monferrato;AL;Piemonte;1701
7942;Villanova Monteleone;SS;Sardegna;2039
7943;Villanova Solaro;CN;Piemonte;725
7944;Villanova sull'Arda;PC;Emilia Romagna;1666
7945;Villanova Truschedu;OR;Sardegna;283
7946;Villanova Tulo;CA;Sardegna;977
7947;Villanovaforru;VS;Sardegna;789
7948;Villanovafranca;VS;Sardegna;1135
7949;Villanterio;PV;Lombardia;3441
7950;Villanuova sul Clisi;BS;Lombardia;5929
7951;Villaperuccio;CI;Sardegna;1007
7952;Villapiana;CS;Calabria;5612
7953;Villaputzu;CA;Sardegna;4364
7954;Villar Dora;TO;Piemonte;2793
7955;Villar Focchiardo;TO;Piemonte;1943
7956;Villar Pellice;TO;Piemonte;1052
7957;Villar Perosa;TO;Piemonte;3892
7958;Villar San Costanzo;CN;Piemonte;1548
7959;Villarbasse;TO;Piemonte;3521
7960;Villarboit;VC;Piemonte;366
7961;Villareggia;TO;Piemonte;994
7962;Villaricca;;Campania;31482
7963;Villaromagnano;AL;Piemonte;650
7964;Villarosa;EN;Sicilia;4271
7965;Villasalto;CA;Sardegna;876
7966;Villasanta;MB;Lombardia;14305
7967;Villasimius;CA;Sardegna;3762
7968;Villasor;CA;Sardegna;6480
7969;Villaspeciosa;CA;Sardegna;2700
7970;Villastellone;TO;Piemonte;4286
7971;Villata;VC;Piemonte;1518
7972;Villaurbana;OR;Sardegna;1439
7973;Villavallelonga;AQ;Abruzzo;822
7974;Villaverla;VI;Veneto;6006
7975;Villeneuve;AO;Valle d'Aosta;1272
7976;Villesse;GO;Friuli Venezia Giulia;1665
7977;Villetta Barrea;AQ;Abruzzo;589
7978;Villette;VB;Piemonte;270
7979;Villimpenta;MN;Lombardia;2152
7980;Villongo;BG;Lombardia;8169
7981;Villorba;TV;Veneto;17563
7982;Vilminore di Scalve;BG;Lombardia;1423
7983;Vimercate;MB;Lombardia;26341
7984;Vimodrone;MI;Lombardia;16933
7985;Vinadio;CN;Piemonte;566
7986;Vinchiaturo;CB;Molise;3298
7987;Vinchio;AT;Piemonte;531
7988;Vinci;FI;Toscana;14574
7989;Vinovo;TO;Piemonte;15290
7990;Vinzaglio;NO;Piemonte;564
7991;Viola;CN;Piemonte;383
7992;Vione;BS;Lombardia;621
7993;Vipiteno;BZ;Trentino Alto Adige;
7994;Virgilio;MN;Lombardia;
7995;Virle Piemonte;TO;Piemonte;1188
7996;Visano;BS;Lombardia;2020
7997;Vische;TO;Piemonte;1206
7998;Visciano;;Campania;4119
7999;Visco;UD;Friuli Venezia Giulia;838
8000;Visone;AL;Piemonte;1169
8001;Visso;MC;Marche;920
8002;Vistarino;PV;Lombardia;1595
8003;Vistrorio;TO;Piemonte;526
8004;Vita;TP;Sicilia;1710
8005;Viterbo;VT;Lazio;66767
8006;Viticuso;FR;Lazio;282
8007;Vito d'Asio;PN;Friuli Venezia Giulia;705
8008;Vitorchiano;VT;Lazio;5221
8009;Vittoria;RG;Sicilia;66329
8010;Vittorio Veneto;TV;Veneto;27242
8011;Vittorito;AQ;Abruzzo;804
8012;Vittuone;MI;Lombardia;9312
8013;Vitulano;BN;Campania;2662
8014;Vitulazio;CE;Campania;7725
8015;Vi?;TO;Piemonte;
8016;Vivaro;PN;Friuli Venezia Giulia;1350
8017;Vivaro Romano;RM;Lazio;150
8018;Viverone;BI;Piemonte;1318
8019;Vizzini;CT;Sicilia;5636
8020;Vizzola Ticino;VA;Lombardia;594
8021;Vizzolo Predabissi;MI;Lombardia;3852
8022;V?;PD;Veneto;
8023;Vobarno;BS;Lombardia;8485
8024;Vobbia;GE;Liguria;365
8025;Vocca;VC;Piemonte;156
8026;Vodo Cadore;BL;Veneto;822
8027;Voghera;PV;Lombardia;40220
8028;Voghiera;FE;Emilia Romagna;3594
8029;Vogogna;VB;Piemonte;1669
8030;Volano;TN;Trentino Alto Adige;3182
8031;Volla;;Campania;25921
8032;Volongo;CR;Lombardia;455
8033;Volpago del Montello;TV;Veneto;9989
8034;Volpara;PV;Lombardia;131
8035;Volpedo;AL;Piemonte;1135
8036;Volpeglino;AL;Piemonte;129
8037;Volpiano;TO;Piemonte;15060
8038;Volta Mantovana;MN;Lombardia;7248
8039;Voltaggio;AL;Piemonte;649
8040;Voltago Agordino;BL;Veneto;785
8041;Volterra;PI;Toscana;9362
8042;Voltido;CR;Lombardia;334
8043;Volturara Appula;FG;Puglia;340
8044;Volturara Irpina;AV;Campania;2878
8045;Volturino;FG;Puglia;1499
8046;Volvera;TO;Piemonte;8417
8047;Vottignasco;CN;Piemonte;507
8048;Zaccanopoli;VV;Calabria;646
8049;Zafferana Etnea;CT;Sicilia;9341
8050;Zagarise;CZ;Calabria;1313
8051;Zagarolo;RM;Lazio;18963
8052;Zambana;TN;Trentino Alto Adige;
8053;Zambrone;VV;Calabria;1766
8054;Zandobbio;BG;Lombardia;2737
8055;Zan?;VI;Veneto;
8056;Zanica;BG;Lombardia;8839
8057;Zapponeta;FG;Puglia;3192
8058;Zavattarello;PV;Lombardia;881
8059;Zeccone;PV;Lombardia;1717
8060;Zeddiani;OR;Sardegna;1107
8061;Zelbio;CO;Lombardia;182
8062;Zelo Buon Persico;LO;Lombardia;7434
8063;Zelo Surrigone;MI;Lombardia;
8064;Zeme;PV;Lombardia;983
8065;Zenevredo;PV;Lombardia;481
8066;Zenson di Piave;TV;Veneto;1765
8067;Zerba;PC;Emilia Romagna;66
8068;Zerbo;PV;Lombardia;407
8069;Zerbol?;PV;Lombardia;
8070;Zerfaliu;OR;Sardegna;979
8071;Zeri;MS;Toscana;890
8072;Zermeghedo;VI;Veneto;1333
8073;Zero Branco;TV;Veneto;11695
8074;Zevio;VR;Veneto;15937
8075;Ziano di Fiemme;TN;Trentino Alto Adige;1752
8076;Ziano Piacentino;PC;Emilia Romagna;2550
8077;Zibello;PR;Emilia Romagna;
8078;Zibido San Giacomo;MI;Lombardia;6643
8079;Zignago;SP;Liguria;458
8080;Zimella;VR;Veneto;4881
8081;Zimone;BI;Piemonte;377
8082;Zinasco;PV;Lombardia;3191
8083;Zoagli;GE;Liguria;2305
8084;Zocca;MO;Emilia Romagna;4846
8085;Zogno;BG;Lombardia;8590
8086;Zola Predosa;BO;Emilia Romagna;19516
8087;Zoldo Alto;BL;Veneto;
8088;Zollino;LE;Puglia;1810
8089;Zone;BS;Lombardia;1041
8090;Zopp? di Cadore;BL;Veneto;
8091;Zoppola;PN;Friuli Venezia Giulia;8360
8092;Zovencedo;VI;Veneto;815
8093;Zubiena;BI;Piemonte;1138
8094;Zuccarello;SV;Liguria;284
8095;Zuclo;TN;Trentino Alto Adige;
8096;Zugliano;VI;Veneto;6850
8097;Zuglio;UD;Friuli Venezia Giulia;535
8098;Zumaglia;BI;Piemonte;959
8099;Zumpano;CS;Calabria;2589
8100;Zungoli;AV;Campania;898
8101;Zungri;VV;Calabria;1793
8102;Cervinia;AO;Valle d'Aosta;
8103;Cervinia Plan Maison;AO;Valle d'Aosta;
8104;Cervinia Cime Bianche;AO;Valle d'Aosta;
8105;Cervinia Plateau Rosa;AO;Valle d'Aosta;
8106;Folgarida;TN;Trentino Alto Adige;
8107;Marilleva;TN;Trentino Alto Adige;
8108;Peio Alta;TN;Trentino Alto Adige;
8109;Monte Bondone;TN;Trentino Alto Adige;
8110;Madonna di Campiglio;TN;Trentino Alto Adige;
8111;San Martino di Castrozza;TN;Trentino Alto Adige;
8112;Santa Caterina Valfurva;SO;Lombardia;
8113;Porto Cervo;OT;Sardegna;
8114;Sansicario;TO;Piemonte;
8115;Tortoreto Lido;TE;Abruzzo;
8119;Pale di San Martino;TN;Trentino Alto Adige;
8253;Monte Cimone;MO;Emilia Romagna;
8254;Rosignano Solvay;LI;Toscana;
8255;Mottolino;SO;Lombardia;
8256;Carosello;SO;Lombardia;
8275;Iesolo;VE;Veneto;
8276;Bielmonte;BI;Piemonte;
8277;Mottarone;VB;Piemonte;
8279;Ostia;RM;Lazio;
8280;Marina di Grosseto;GR;Toscana;
8281;Porto Pollo;SS;Sardegna;
8282;Bagni;FE;Emilia Romagna;
8283;Multa Maria;OT;Sardegna;
8285;Bibione;VE;Veneto;
8286;Santa Maria di Leuca;LE;Puglia;
8287;Porto Ercole;GR;Toscana;
8288;Paestum;SA;Campania;
8289;Sferracavallo;PA;Sicilia;
8290;Aspra;PA;Sicilia;
8291;Capo Spartivento;RC;Calabria;
8292;Torre dell'Orso;LE;Puglia;
8293;San Foca;LE;Puglia;
8294;San Pietro In Bevagna;TA;Puglia;
8295;Portonovo;AN;Marche;
8296;Isola di Giannutri;GR;Toscana;
8298;Marzamemi;SR;Sicilia;
8310;San Clemente;RN;Emilia Romagna;5749
8311;Monte Amiata;SI;Toscana;
8388;Aremogna;AQ;Abruzzo;
8389;Pratospilla;PR;Emilia Romagna;
8390;Passo Tonale;TN;Trentino Alto Adige;
8391;Carezza;BZ;Trentino Alto Adige;
8392;Campo Felice;AQ;Abruzzo;
8393;Campo Imperatore;AQ;Abruzzo;
8394;Rucas di Bagnolo;CN;Piemonte;
8395;San Domenico di Varzo;VB;Piemonte;
8396;Sella Nevea;UD;Friuli Venezia Giulia;
8397;Solda;BZ;Trentino Alto Adige;
8398;Terminillo;RI;Lazio;
8399;Passo dello Stelvio;BZ;Trentino Alto Adige;
8400;Misurina;BL;Veneto;
8401;Nevegal;BL;Veneto;
8402;Prato Nevoso;CN;Piemonte;
8403;Champoluc;AO;Valle d'Aosta;
8404;Campitello Matese;CB;Molise;
8405;Passo San Pellegrino;TN;Trentino Alto Adige;
8406;Alpago;BL;Veneto;6579
8407;Alpe Campo di Rimasco;VC;Piemonte;
8408;Alpe Cermis;TN;Trentino Alto Adige;
8409;Alpe Devero;VB;Piemonte;
8411;Alpe di Mera;VC;Piemonte;
8412;Alpe di Siusi;BZ;Trentino Alto Adige;
8413;Alta Badia;BZ;Trentino Alto Adige;
8414;Alta Pusteria;BZ;Trentino Alto Adige;
8415;Altopiano di Asiago;VI;Veneto;
8416;Altopiano di Vezzena;TN;Trentino Alto Adige;
8418;Arpy;AO;Valle d'Aosta;
8419;Artesina;CN;Piemonte;
8420;Bellamonte;TN;Trentino Alto Adige;
8421;Belpiano;BZ;Trentino Alto Adige;
8422;Bruncu Spina;NU;Sardegna;
8423;Cadore;BL;Veneto;
8424;Caldirola;AL;Piemonte;
8425;Campo Carlo Magno;TN;Trentino Alto Adige;
8426;Corno del Renon;BZ;Trentino Alto Adige;
8427;Campo Catino;FR;Lazio;
8429;Cerreto Laghi;RE;Emilia Romagna;
8434;Estoul;AO;Valle d'Aosta;
8435;Etna;CT;Sicilia;
8436;Gambarie;RC;Calabria;
8437;Klausberg;BZ;Trentino Alto Adige;
8438;Laceno;AV;Campania;
8439;Ladurns;BZ;Trentino Alto Adige;
8440;Lessinia;VR;Veneto;
8441;Lurisia;CN;Piemonte;
8443;Miola di Pin?;TN;Trentino Alto Adige;
8444;Monesi di Triora;IM;Liguria;
8445;Montecampione;BS;Lombardia;
8448;Zum Zeri;MS;Toscana;
8449;Zambla;BG;Lombardia;
8451;Valle Divedro;VB;Piemonte;
8452;Trafoi;BZ;Trentino Alto Adige;
8453;Spiazzi di Gromo;BG;Lombardia;
8455;Recoaro Mille;VI;Veneto;
8456;Predaia;TN;Trentino Alto Adige;7054
8457;Polsa;TN;Trentino Alto Adige;
8458;Plan de Corones;BZ;Trentino Alto Adige;
8459;Piano Battaglia;PA;Sicilia;
8460;Piane di Mocogno;MO;Emilia Romagna;
8461;Piandelagotti;MO;Emilia Romagna;
8462;Piancavallo;PN;Friuli Venezia Giulia;
8463;Pescegallo;SO;Lombardia;
8464;Lurisia Terme Monte Pigna;CN;Piemonte;
8465;Pila;AO;Valle d'Aosta;142
8488;Pegli;GE;Liguria;
8489;Rioveggio;BO;Emilia Romagna;
8490;San Bartolomeo - Castellaccio;RM;Lazio;
8491;La Romanina;RM;Lazio;
8492;Pian del Voglio;BO;Emilia Romagna;
8494;Ventasso;RE;Emilia Romagna;3824
8495;Campigna;FC;Emilia Romagna;
8498;Argentiera;SS;Sardegna;
8500;Rena Majore;SS;Sardegna;
